{"type":"FeatureCollection","features":[{"type":"Feature","id":38400,"geometry":null,"properties":{"OBJECTID":38400,"PermitNum":202615803,"IssuedDate":1790347500000,"StatusCurrent":"Issued                                                      ","ApplicationType":"Initial Up-Fit","Description":"Triad Direct Primary Care (Initial Upfit) TRC 2025-2679 - Interior concrete, plumbing, new hvac, new electrical. Interior walls, sheetrock, paint, floors, cabinets.","TotalCost":37546,"FinalCO":null,"FinalCODate":null,"CensusTract":"160.07 "}},{"type":"Feature","id":31839,"geometry":null,"properties":{"OBJECTID":31839,"PermitNum":202612949,"IssuedDate":1789557060000,"StatusCurrent":"Issued                                                      ","ApplicationType":"Int/Ext Alteration","Description":"Interior renovation to include finishes, some HVAC, Plumbing and Electrical work","TotalCost":198233,"FinalCO":null,"FinalCODate":null,"CensusTract":"125.08 "}},{"type":"Feature","id":31669,"geometry":null,"properties":{"OBJECTID":31669,"PermitNum":202612372,"IssuedDate":1789556940000,"StatusCurrent":"Issued                                                      ","ApplicationType":"Int/Ext Alteration","Description":"Physicians for Women 3rd Floor- interior renovation to include finishes, some HVAC, Plumbing, Electrical work","TotalCost":221730,"FinalCO":null,"FinalCODate":null,"CensusTract":"125.08 "}},{"type":"Feature","id":49334,"geometry":null,"properties":{"OBJECTID":49334,"PermitNum":202615213,"IssuedDate":1786631160000,"StatusCurrent":"Issued                                                      ","ApplicationType":"Int/Ext Alteration","Description":"3 bathrooms remodel, new hardwood flooring, painting, windows, replace HVAC systems, tankless water heater","TotalCost":118488,"FinalCO":null,"FinalCODate":null,"CensusTract":"160.09 "}},{"type":"Feature","id":12151,"geometry":null,"properties":{"OBJECTID":12151,"PermitNum":202610602,"IssuedDate":1786466520000,"StatusCurrent":"Issued                                                      ","ApplicationType":"Addition","Description":"Add two bedrooms to existing single-family dwelling, including foundation, framing, electrical, HVAC, and interior finishes.","TotalCost":40000,"FinalCO":null,"FinalCODate":null,"CensusTract":"116.02 "}},{"type":"Feature","id":35623,"geometry":null,"properties":{"OBJECTID":35623,"PermitNum":202614134,"IssuedDate":1786443960000,"StatusCurrent":"Issued                                                      ","ApplicationType":"Int/Ext Alteration","Description":"TZ Osborne Incinerator - There will be process mechanical, electrical, HVAC, plumbing, and structural/architectural work being performed.","TotalCost":4917298,"FinalCO":null,"FinalCODate":null,"CensusTract":"154.02 "}},{"type":"Feature","id":8171,"geometry":null,"properties":{"OBJECTID":8171,"PermitNum":202614720,"IssuedDate":1786016220000,"StatusCurrent":"Issued                                                      ","ApplicationType":"Int/Ext Alteration","Description":"New HVAC, new fire protection, electrical alterations, relocated entry door, and completing the room enclosure.","TotalCost":187880,"FinalCO":null,"FinalCODate":null,"CensusTract":"126.04 "}},{"type":"Feature","id":31621,"geometry":null,"properties":{"OBJECTID":31621,"PermitNum":202606942,"IssuedDate":1786009320000,"StatusCurrent":"Issued                                                      ","ApplicationType":"Int/Ext Alteration","Description":"Renovate, reconfigure existing patient rooms, gym and staff spaces, add HVAC unit. Phase 2","TotalCost":4250000,"FinalCO":null,"FinalCODate":null,"CensusTract":"103.00 "}},{"type":"Feature","id":25867,"geometry":null,"properties":{"OBJECTID":25867,"PermitNum":202614448,"IssuedDate":1785835320000,"StatusCurrent":"Issued                                                      ","ApplicationType":"Int/Ext Alteration","Description":"New kitchen, updated electrical and plumbing, new hvac","TotalCost":25000,"FinalCO":null,"FinalCODate":null,"CensusTract":"125.04 "}},{"type":"Feature","id":54378,"geometry":null,"properties":{"OBJECTID":54378,"PermitNum":202612934,"IssuedDate":1783699020000,"StatusCurrent":"Final Inspection Made                                       ","ApplicationType":"Int/Ext Alteration","Description":"bathroom repairs - tub to shower, handrails, electric switch repairs, check HVAC","TotalCost":15500,"FinalCO":"Y","FinalCODate":1789468380000,"CensusTract":"157.06 "}},{"type":"Feature","id":52495,"geometry":null,"properties":{"OBJECTID":52495,"PermitNum":202607734,"IssuedDate":1777040280000,"StatusCurrent":"Final Inspection Made                                       ","ApplicationType":"Initial Up-Fit","Description":"Interior alterations including installation of HVAC, electrical, and plumbing, along with finishes\r\n","TotalCost":861687,"FinalCO":"Y","FinalCODate":1783698300000,"CensusTract":"160.06 "}},{"type":"Feature","id":22190,"geometry":null,"properties":{"OBJECTID":22190,"PermitNum":202601720,"IssuedDate":1776939420000,"StatusCurrent":"Final Inspection Made                                       ","ApplicationType":"Int/Ext Alteration","Description":"Qorvo Storage Upfit - Drywall partitions, acoustical ceilings, lights, sprinkler and HVAC.","TotalCost":372000,"FinalCO":"Y","FinalCODate":1785404400000,"CensusTract":"162.04 "}},{"type":"Feature","id":49828,"geometry":null,"properties":{"OBJECTID":49828,"PermitNum":202607612,"IssuedDate":1776868080000,"StatusCurrent":"Issued                                                      ","ApplicationType":"Int/Ext Alteration","Description":"RE[LACE HVAC INSULATION DRYWALL FLOORS FIXURE INSTALL\r\nTAKEOVER PERMIT FOR #202521934","TotalCost":0,"FinalCO":null,"FinalCODate":null,"CensusTract":"119.05 "}},{"type":"Feature","id":12746,"geometry":null,"properties":{"OBJECTID":12746,"PermitNum":202607611,"IssuedDate":1776867600000,"StatusCurrent":"Final Inspection Made                                       ","ApplicationType":"Int/Ext Alteration","Description":"REPLACE HVAC SUST  AND INSULATION FIRE DAMAGE\r\nTAKEOVER PERMIT FOR #202521935","TotalCost":0,"FinalCO":"Y","FinalCODate":1783331520000,"CensusTract":"111.02 "}},{"type":"Feature","id":36811,"geometry":null,"properties":{"OBJECTID":36811,"PermitNum":202604672,"IssuedDate":1776081720000,"StatusCurrent":"Final Inspection Made                                       ","ApplicationType":"Int/Ext Alteration","Description":"Tenant Upfit - Changing ceiling tiles, light fixtures, plumbing fixtures, hvac grills, units, toilet partitions, millwork, flooring, and paint.","TotalCost":750000,"FinalCO":"Y","FinalCODate":1779284700000,"CensusTract":"160.11 "}},{"type":"Feature","id":21282,"geometry":null,"properties":{"OBJECTID":21282,"PermitNum":202602189,"IssuedDate":1774542180000,"StatusCurrent":"Final Inspection Made                                       ","ApplicationType":"Int/Ext Alteration","Description":"Install racking in warehouse for storage of HVAC, Roofing and Metal products for distribution to contractors.","TotalCost":250000,"FinalCO":"Y","FinalCODate":1776179820000,"CensusTract":"164.05 "}},{"type":"Feature","id":35980,"geometry":null,"properties":{"OBJECTID":35980,"PermitNum":202605658,"IssuedDate":1774532640000,"StatusCurrent":"Final Inspection Made                                       ","ApplicationType":"Int/Ext Alteration","Description":"Update kitchen, electrical plumbing and HVAC","TotalCost":25000,"FinalCO":"Y","FinalCODate":1789139940000,"CensusTract":"125.11 "}},{"type":"Feature","id":26395,"geometry":null,"properties":{"OBJECTID":26395,"PermitNum":202605391,"IssuedDate":1774350480000,"StatusCurrent":"Final Inspection Made                                       ","ApplicationType":"Miscellaneous","Description":"Sign permit for VAD HVAC Master","TotalCost":4000,"FinalCO":null,"FinalCODate":null,"CensusTract":"160.11 "}},{"type":"Feature","id":44075,"geometry":null,"properties":{"OBJECTID":44075,"PermitNum":202604721,"IssuedDate":1773405300000,"StatusCurrent":"Issued                                                      ","ApplicationType":"Int/Ext Alteration","Description":"Demo of part of existing concrete slab. pouring of new concrete for chiller unit","TotalCost":18000,"FinalCO":null,"FinalCODate":null,"CensusTract":"160.08 "}},{"type":"Feature","id":46396,"geometry":null,"properties":{"OBJECTID":46396,"PermitNum":202603761,"IssuedDate":1772118480000,"StatusCurrent":"Issued                                                      ","ApplicationType":"Int/Ext Alteration","Description":"Same footprint, update electrical, plumbing, hvac and rot repair","TotalCost":28000,"FinalCO":null,"FinalCODate":null,"CensusTract":"127.03 "}},{"type":"Feature","id":46339,"geometry":null,"properties":{"OBJECTID":46339,"PermitNum":202603760,"IssuedDate":1772118360000,"StatusCurrent":"Issued                                                      ","ApplicationType":"Int/Ext Alteration","Description":"Same footprint, updated electrical, plumbing , hvac and rot repair","TotalCost":28000,"FinalCO":null,"FinalCODate":null,"CensusTract":"127.03 "}},{"type":"Feature","id":46277,"geometry":null,"properties":{"OBJECTID":46277,"PermitNum":202603757,"IssuedDate":1772118240000,"StatusCurrent":"Issued                                                      ","ApplicationType":"Int/Ext Alteration","Description":"Same footprint, repair floor joists, updated electrical, plumbing, hvac And rot repair","TotalCost":34000,"FinalCO":null,"FinalCODate":null,"CensusTract":"127.03 "}},{"type":"Feature","id":13599,"geometry":null,"properties":{"OBJECTID":13599,"PermitNum":202602234,"IssuedDate":1770721620000,"StatusCurrent":"Final Inspection Made                                       ","ApplicationType":"Int/Ext Alteration","Description":"New roof and new hvac system","TotalCost":12500,"FinalCO":"Y","FinalCODate":1772723400000,"CensusTract":"116.01 "}},{"type":"Feature","id":27108,"geometry":null,"properties":{"OBJECTID":27108,"PermitNum":202601810,"IssuedDate":1770137100000,"StatusCurrent":"Final Inspection Made                                       ","ApplicationType":"Int/Ext Alteration","Description":"Update kitchen, electrical, plumbing and new HVAC","TotalCost":25000,"FinalCO":"Y","FinalCODate":1786961280000,"CensusTract":"105.00 "}},{"type":"Feature","id":10716,"geometry":null,"properties":{"OBJECTID":10716,"PermitNum":202517461,"IssuedDate":1769069520000,"StatusCurrent":"Final Inspection Made                                       ","ApplicationType":"Addition","Description":"22.4 x12 front porch addition, remodel existing structure, framing, electrical, plumbing ,hvac","TotalCost":160000,"FinalCO":"Y","FinalCODate":1777042200000,"CensusTract":"114.00 "}},{"type":"Feature","id":14194,"geometry":null,"properties":{"OBJECTID":14194,"PermitNum":202519032,"IssuedDate":1768570620000,"StatusCurrent":"Final Inspection Made                                       ","ApplicationType":"Int/Ext Alteration","Description":"Cosmetology - Finishes, shampoo bowl, 8 ft. tall walls, re-use lights and HVAC","TotalCost":164043,"FinalCO":"Y","FinalCODate":1772617680000,"CensusTract":"114.00 "}},{"type":"Feature","id":4041,"geometry":null,"properties":{"OBJECTID":4041,"PermitNum":202523156,"IssuedDate":1767097380000,"StatusCurrent":"Issued                                                      ","ApplicationType":"Int/Ext Alteration","Description":"DEMOLISHING DAMAGED ROOF, REPLACING TRUSTS, SHEETING, INSULATION, ELECTRICAL HVAC, PLUMBING, SHINGLES FLOAT","TotalCost":152500,"FinalCO":null,"FinalCODate":null,"CensusTract":"126.12 "}},{"type":"Feature","id":3006,"geometry":null,"properties":{"OBJECTID":3006,"PermitNum":202514306,"IssuedDate":1764577500000,"StatusCurrent":"Final Inspection Made                                       ","ApplicationType":"Int/Ext Alteration","Description":"Demo existing finishes, casework, mechanical units, and plumbing fixtures. New finishes. New HVAC units and plumbing fixtures.","TotalCost":640000,"FinalCO":"Y","FinalCODate":1778666640000,"CensusTract":"165.02 "}},{"type":"Feature","id":12745,"geometry":null,"properties":{"OBJECTID":12745,"PermitNum":202521935,"IssuedDate":1763726640000,"StatusCurrent":"Issued                                                      ","ApplicationType":"Int/Ext Alteration","Description":"REPLACE HVAC SUST  AND INSULATION FIRE DAMAGE","TotalCost":69377,"FinalCO":null,"FinalCODate":null,"CensusTract":"111.02 "}},{"type":"Feature","id":49827,"geometry":null,"properties":{"OBJECTID":49827,"PermitNum":202521934,"IssuedDate":1763725560000,"StatusCurrent":"Issued                                                      ","ApplicationType":"Int/Ext Alteration","Description":"RE[LACE HVAC INSULATION DRYWALL FLOORS FIXURE INSTALL","TotalCost":132573,"FinalCO":null,"FinalCODate":null,"CensusTract":"119.05 "}},{"type":"Feature","id":31045,"geometry":null,"properties":{"OBJECTID":31045,"PermitNum":202520143,"IssuedDate":1763569020000,"StatusCurrent":"Issued                                                      ","ApplicationType":"Addition","Description":"Deck, partially roofed.  Extend existing laundry room by 7\" towards back yard. \"L\" shaped deck, partially roofed & screened.  New plumb/elec/hvac","TotalCost":130739,"FinalCO":null,"FinalCODate":null,"CensusTract":"125.05 "}},{"type":"Feature","id":26996,"geometry":null,"properties":{"OBJECTID":26996,"PermitNum":202517479,"IssuedDate":1763108100000,"StatusCurrent":"Final Inspection Made                                       ","ApplicationType":"Int/Ext Alteration","Description":"Renovation of existing medical space to refresh, including electrical, HVAC and plumbing work.","TotalCost":974864,"FinalCO":"Y","FinalCODate":1771421340000,"CensusTract":"105.00 "}},{"type":"Feature","id":30947,"geometry":null,"properties":{"OBJECTID":30947,"PermitNum":202515707,"IssuedDate":1762948680000,"StatusCurrent":"Issued                                                      ","ApplicationType":"Accessory Building - Residential","Description":"Completing a pre-built structure to include insulation, electrical, plumbing, HVAC, and finishes to provide a livable dwelling.","TotalCost":38858,"FinalCO":null,"FinalCODate":null,"CensusTract":"104.01 "}},{"type":"Feature","id":29143,"geometry":null,"properties":{"OBJECTID":29143,"PermitNum":202518051,"IssuedDate":1761213240000,"StatusCurrent":"Final Inspection Made                                       ","ApplicationType":"Accessory Building - Residential","Description":"12' x 16' backyard shed, only electric, no plumbing no hvac.","TotalCost":28401,"FinalCO":"Y","FinalCODate":1776350820000,"CensusTract":"125.05 "}},{"type":"Feature","id":44074,"geometry":null,"properties":{"OBJECTID":44074,"PermitNum":202515612,"IssuedDate":1760100660000,"StatusCurrent":"Final Inspection Made                                       ","ApplicationType":"Int/Ext Alteration","Description":"Remodel of existing business office space. Mo change of use, new workroom and relocating lights and mechanical/HVAC diffusers.","TotalCost":150000,"FinalCO":"Y","FinalCODate":1767177300000,"CensusTract":"160.08 "}},{"type":"Feature","id":30037,"geometry":null,"properties":{"OBJECTID":30037,"PermitNum":202501383,"IssuedDate":1758108060000,"StatusCurrent":"Final Inspection Made                                       ","ApplicationType":"Int/Ext Alteration","Description":"Interior Alterations for Central Carolina Surgery - Interior alterations to provide new finishes, modified casework, new fire alarm devices, minor HVAC work to balance system.","TotalCost":339700,"FinalCO":"Y","FinalCODate":1763120220000,"CensusTract":"103.00 "}},{"type":"Feature","id":13110,"geometry":null,"properties":{"OBJECTID":13110,"PermitNum":202515794,"IssuedDate":1755872220000,"StatusCurrent":"Issued                                                      ","ApplicationType":"Int/Ext Alteration","Description":"Remodeling interior including siding, roofing, drywall, floors, paint, electrical, plumbing and hvac","TotalCost":45000,"FinalCO":null,"FinalCODate":null,"CensusTract":"112.02 "}},{"type":"Feature","id":49607,"geometry":null,"properties":{"OBJECTID":49607,"PermitNum":202515398,"IssuedDate":1755513720000,"StatusCurrent":"Final Inspection Made                                       ","ApplicationType":"Int/Ext Alteration","Description":"hot water heater, wire up sign at emergency exit, lighting for fore marshalls, no plumbing no hvac and no framing","TotalCost":10000,"FinalCO":"Y","FinalCODate":1759240320000,"CensusTract":"157.05 "}},{"type":"Feature","id":8010,"geometry":null,"properties":{"OBJECTID":8010,"PermitNum":202506327,"IssuedDate":1755078480000,"StatusCurrent":"Final Inspection Made                                       ","ApplicationType":"Int/Ext Alteration","Description":"New James Avery Shop, New fixtures, New flooring And new in Floor Electrical boxes. No HVAC, No Plumbing.","TotalCost":71400,"FinalCO":"Y","FinalCODate":1757342400000,"CensusTract":"126.10 "}},{"type":"Feature","id":40032,"geometry":null,"properties":{"OBJECTID":40032,"PermitNum":202502461,"IssuedDate":1753435680000,"StatusCurrent":"Final Inspection Made                                       ","ApplicationType":"Int/Ext Alteration","Description":"Replacement of the existing HVAC system with incidental work","TotalCost":1316000,"FinalCO":null,"FinalCODate":null,"CensusTract":"125.10 "}},{"type":"Feature","id":31764,"geometry":null,"properties":{"OBJECTID":31764,"PermitNum":202511483,"IssuedDate":1753369320000,"StatusCurrent":"Final Inspection Made                                       ","ApplicationType":"Int/Ext Alteration","Description":"Framing/drywall, HVAC, electrical (lighting and power), plumbing, systems to accomodate new office layout and finishes. suite 100","TotalCost":697074,"FinalCO":"Y","FinalCODate":1772613660000,"CensusTract":"125.08 "}},{"type":"Feature","id":4340,"geometry":null,"properties":{"OBJECTID":4340,"PermitNum":202513520,"IssuedDate":1752857520000,"StatusCurrent":"Final Inspection Made                                       ","ApplicationType":"Int/Ext Alteration","Description":"sheetrock, insulation, trim, reinstall doors, reinstall siding and windows, paint, cabinets, hvac, plumbing fixtures","TotalCost":88000,"FinalCO":"Y","FinalCODate":1765200240000,"CensusTract":"126.12 "}},{"type":"Feature","id":41663,"geometry":null,"properties":{"OBJECTID":41663,"PermitNum":202507316,"IssuedDate":1752493740000,"StatusCurrent":"Final Inspection Made                                       ","ApplicationType":"Int/Ext Alteration","Description":"Selective interior partition demo, new interior partition framing, new lighting, relocate HVAC Grills","TotalCost":130000,"FinalCO":"Y","FinalCODate":1758121740000,"CensusTract":"125.08 "}},{"type":"Feature","id":33881,"geometry":null,"properties":{"OBJECTID":33881,"PermitNum":202512499,"IssuedDate":1751545500000,"StatusCurrent":"Final Inspection Made                                       ","ApplicationType":"Int/Ext Alteration","Description":"Remodeling and upgrading electrical and hvac Repairing joists in kitchen.","TotalCost":60000,"FinalCO":"Y","FinalCODate":1763382720000,"CensusTract":"101.00 "}},{"type":"Feature","id":23108,"geometry":null,"properties":{"OBJECTID":23108,"PermitNum":202508594,"IssuedDate":1750945920000,"StatusCurrent":"Issued                                                      ","ApplicationType":"Addition","Description":"Build a new addition that will serve as homes Master Bathroom. Install in electrical, plumbing, and HVAC in new addition.","TotalCost":91950,"FinalCO":null,"FinalCODate":null,"CensusTract":"125.05 "}},{"type":"Feature","id":33349,"geometry":null,"properties":{"OBJECTID":33349,"PermitNum":202509730,"IssuedDate":1750074600000,"StatusCurrent":"Final Inspection Made                                       ","ApplicationType":"Addition","Description":"24 x 25 building addition, upgrade existing HVAC system, plumb for washing machine and laundry sink.","TotalCost":110000,"FinalCO":"Y","FinalCODate":1773748380000,"CensusTract":"161.01 "}},{"type":"Feature","id":19852,"geometry":null,"properties":{"OBJECTID":19852,"PermitNum":202506942,"IssuedDate":1749736740000,"StatusCurrent":"Final Inspection Made                                       ","ApplicationType":"Int/Ext Alteration","Description":"Interior Office renovation to include new HVAC Unit, paint, etc.","TotalCost":65595,"FinalCO":"Y","FinalCODate":1753271940000,"CensusTract":"164.05 "}},{"type":"Feature","id":53977,"geometry":null,"properties":{"OBJECTID":53977,"PermitNum":202506682,"IssuedDate":1749640080000,"StatusCurrent":"Final Inspection Made                                       ","ApplicationType":"Addition","Description":"Addition- Footings, foundation, framing, electrical, HVAC, plumbing, sheetrock/paint, Etc","TotalCost":150000,"FinalCO":"Y","FinalCODate":1775146380000,"CensusTract":"157.07 "}},{"type":"Feature","id":48332,"geometry":null,"properties":{"OBJECTID":48332,"PermitNum":202505901,"IssuedDate":1749468540000,"StatusCurrent":"Final Inspection Made                                       ","ApplicationType":"New Construction","Description":"\t\r\nNew single-story construction including plumbing, HVAC, electrical and fire protection.","TotalCost":1302209,"FinalCO":"Y","FinalCODate":1773933840000,"CensusTract":"157.05 "}},{"type":"Feature","id":50271,"geometry":null,"properties":{"OBJECTID":50271,"PermitNum":202509292,"IssuedDate":1749032760000,"StatusCurrent":"Final Inspection Made                                       ","ApplicationType":"Int/Ext Alteration","Description":"Owner finish space for bedroom. drywalls and close the room. Install heating and cooling system by running HVAC line. Add smoke alarm and electrical outlets","TotalCost":4500,"FinalCO":"Y","FinalCODate":1752574980000,"CensusTract":"160.09 "}},{"type":"Feature","id":32537,"geometry":null,"properties":{"OBJECTID":32537,"PermitNum":202508687,"IssuedDate":1748420460000,"StatusCurrent":"Final Inspection Made                                       ","ApplicationType":"Int/Ext Alteration","Description":"Change of use - Add a bathroom, HVAC and electrical to a detached outbuilding","TotalCost":61829,"FinalCO":"Y","FinalCODate":1758127920000,"CensusTract":"161.01 "}},{"type":"Feature","id":24852,"geometry":null,"properties":{"OBJECTID":24852,"PermitNum":202508692,"IssuedDate":1747145340000,"StatusCurrent":"Issued                                                      ","ApplicationType":"Int/Ext Alteration","Description":"flooring, cabinets, paint, electrical, plumbing and hvac","TotalCost":100000,"FinalCO":null,"FinalCODate":null,"CensusTract":"107.01 "}},{"type":"Feature","id":27484,"geometry":null,"properties":{"OBJECTID":27484,"PermitNum":202504856,"IssuedDate":1746527400000,"StatusCurrent":"Issued                                                      ","ApplicationType":"Int/Ext Alteration","Description":"Replace Rooftop Chillers and Electrical Feeders to Chillers","TotalCost":850000,"FinalCO":null,"FinalCODate":null,"CensusTract":"105.00 "}},{"type":"Feature","id":27483,"geometry":null,"properties":{"OBJECTID":27483,"PermitNum":202504409,"IssuedDate":1746527280000,"StatusCurrent":"Final Inspection Made                                       ","ApplicationType":"Int/Ext Alteration","Description":"New Electrical Distribution, New HVAC Distribution, Interior Finishes Equipment Change out","TotalCost":1280745,"FinalCO":"Y","FinalCODate":1756978860000,"CensusTract":"105.00 "}},{"type":"Feature","id":29460,"geometry":null,"properties":{"OBJECTID":29460,"PermitNum":202507864,"IssuedDate":1746441480000,"StatusCurrent":"Final Inspection Made                                       ","ApplicationType":"New Construction","Description":"PHASE 1 - AREAS D & E FIRST AND SECOND FLOORS, CHILLER YARD, BOILER ROOM, D BRIDGE, MECHANICAL ROO, #1503 AND 1448","TotalCost":0,"FinalCO":null,"FinalCODate":null,"CensusTract":"105.00 "}},{"type":"Feature","id":36992,"geometry":null,"properties":{"OBJECTID":36992,"PermitNum":202504489,"IssuedDate":1745492220000,"StatusCurrent":"Final Inspection Made                                       ","ApplicationType":"Int/Ext Alteration","Description":"Upfit commercial space with Plumbing, HVAC, and electrical","TotalCost":100000,"FinalCO":"Y","FinalCODate":1751370420000,"CensusTract":"104.03 "}},{"type":"Feature","id":38848,"geometry":null,"properties":{"OBJECTID":38848,"PermitNum":202503776,"IssuedDate":1743416400000,"StatusCurrent":"Final Inspection Made                                       ","ApplicationType":"Int/Ext Alteration","Description":"Interior wall demolition, new walls, relocating electrical and HVAC grills, rework sprinkler heads as needed.","TotalCost":130000,"FinalCO":"Y","FinalCODate":1754322540000,"CensusTract":"102.00 "}},{"type":"Feature","id":49124,"geometry":null,"properties":{"OBJECTID":49124,"PermitNum":202504366,"IssuedDate":1743077700000,"StatusCurrent":"Final Inspection Made                                       ","ApplicationType":"Addition","Description":"Addition - Footings/Masonry/Framing/HVAC/electrical/plumbing/roofing/interior finishes","TotalCost":52500,"FinalCO":"Y","FinalCODate":1755857580000,"CensusTract":"119.04 "}},{"type":"Feature","id":37116,"geometry":null,"properties":{"OBJECTID":37116,"PermitNum":202501548,"IssuedDate":1742979780000,"StatusCurrent":"Final Inspection Made                                       ","ApplicationType":"Int/Ext Alteration","Description":"Drycleaner to Laundromat. Plumbing, Electrical, HVAC and metal stud framing\r\n\r\nTCI ON FILE 07/14/2025","TotalCost":306000,"FinalCO":"Y","FinalCODate":1759743780000,"CensusTract":"102.00 "}},{"type":"Feature","id":52891,"geometry":null,"properties":{"OBJECTID":52891,"PermitNum":202505136,"IssuedDate":1742916180000,"StatusCurrent":"Issued                                                      ","ApplicationType":"Int/Ext Alteration","Description":"new roof framing, plumbing, electrical, hvac","TotalCost":280000,"FinalCO":null,"FinalCODate":null,"CensusTract":"157.04 "}},{"type":"Feature","id":29846,"geometry":null,"properties":{"OBJECTID":29846,"PermitNum":202504317,"IssuedDate":1741773420000,"StatusCurrent":"Final Inspection Made                                       ","ApplicationType":"Int/Ext Alteration","Description":"New finishes, new lighting, new ceilings, hvac grills","TotalCost":644881,"FinalCO":"Y","FinalCODate":1759314300000,"CensusTract":"103.00 "}},{"type":"Feature","id":27482,"geometry":null,"properties":{"OBJECTID":27482,"PermitNum":202500823,"IssuedDate":1740399720000,"StatusCurrent":"Final Inspection Made                                       ","ApplicationType":"Int/Ext Alteration","Description":"Wesley Long Hospital First Floor Lab renovation. Revise Plumbing, Electrical and HVAC for new Casework and equipment.","TotalCost":400000,"FinalCO":"Y","FinalCODate":1776770160000,"CensusTract":"105.00 "}},{"type":"Feature","id":47033,"geometry":null,"properties":{"OBJECTID":47033,"PermitNum":202502389,"IssuedDate":1739886360000,"StatusCurrent":"Final Inspection Made                                       ","ApplicationType":"Int/Ext Alteration","Description":"Bath remodel, plumbing and hvac","TotalCost":7500,"FinalCO":"Y","FinalCODate":1764843780000,"CensusTract":"127.03 "}},{"type":"Feature","id":17748,"geometry":null,"properties":{"OBJECTID":17748,"PermitNum":202420937,"IssuedDate":1738921980000,"StatusCurrent":"Final Inspection Made                                       ","ApplicationType":"Int/Ext Alteration","Description":"Removal and replacement of suspend slab/pool deck and associated electrical, plumbing, and HVAC","TotalCost":1198000,"FinalCO":"Y","FinalCODate":1755788100000,"CensusTract":"106.01 "}},{"type":"Feature","id":27840,"geometry":null,"properties":{"OBJECTID":27840,"PermitNum":202500157,"IssuedDate":1737043800000,"StatusCurrent":"Final Inspection Made                                       ","ApplicationType":"Int/Ext Alteration","Description":"Build walls to separate bedrooms from bathroom and kitchen area.  Install electrical, update plumbing and new hvac.\r\n Planning Approved—Access to the primary dwelling must remain to maintain compliance. If the finished basement is closed off from the rest of the house, it will be considered a second dwelling and a zoning violation.","TotalCost":86000,"FinalCO":"Y","FinalCODate":1746003660000,"CensusTract":"161.02 "}},{"type":"Feature","id":42979,"geometry":null,"properties":{"OBJECTID":42979,"PermitNum":202420676,"IssuedDate":1736932560000,"StatusCurrent":"Final Inspection Made                                       ","ApplicationType":"Int/Ext Alteration","Description":"interior demo, new wall framing, electrical, plumbing and HVAC","TotalCost":425000,"FinalCO":"Y","FinalCODate":1745600040000,"CensusTract":"162.01 "}},{"type":"Feature","id":29379,"geometry":null,"properties":{"OBJECTID":29379,"PermitNum":202500558,"IssuedDate":1736852880000,"StatusCurrent":"Final Inspection Made                                       ","ApplicationType":"Int/Ext Alteration","Description":"UPADATING KITCHEN RELOCATING BATHROOM IN HOUSE (STAYING WITHIN EXISTING STRUCTURE). CONVERING EXISTING SUNROOM TO SCREENNED PORCH, NEW ROOF LOAD BEARING BEAN / POST INSTALLED TO REMOVE WALL (WE HAVE ENFINEERING). NEW PLUMBING/ NEW ELECTRIC PANEL/ NEW HVAC","TotalCost":285031,"FinalCO":null,"FinalCODate":null,"CensusTract":"125.05 "}},{"type":"Feature","id":26974,"geometry":null,"properties":{"OBJECTID":26974,"PermitNum":202421550,"IssuedDate":1736337660000,"StatusCurrent":"Final Inspection Made                                       ","ApplicationType":"Int/Ext Alteration","Description":"\t\r\nAdding interior office walls, HVAC and lighting","TotalCost":63000,"FinalCO":"Y","FinalCODate":1739887980000,"CensusTract":"160.11 "}},{"type":"Feature","id":33633,"geometry":null,"properties":{"OBJECTID":33633,"PermitNum":202422086,"IssuedDate":1734362280000,"StatusCurrent":"Issued                                                      ","ApplicationType":"Int/Ext Alteration","Description":"SHEETROCK REPLACEMENT IN KITCHEN AND BATHROOM AND HVAC \r\n\r\nOWNER 336-5090504","TotalCost":11500,"FinalCO":null,"FinalCODate":null,"CensusTract":"103.00 "}},{"type":"Feature","id":26223,"geometry":null,"properties":{"OBJECTID":26223,"PermitNum":202419210,"IssuedDate":1734348060000,"StatusCurrent":"Final Inspection Made                                       ","ApplicationType":"Int/Ext Alteration","Description":"Enclose porch. Framing, Plumbing, electrical, and HVAC work. Floodplain","TotalCost":30000,"FinalCO":"Y","FinalCODate":1749714840000,"CensusTract":"107.01 "}},{"type":"Feature","id":29775,"geometry":null,"properties":{"OBJECTID":29775,"PermitNum":202419802,"IssuedDate":1734087900000,"StatusCurrent":"Final Inspection Made                                       ","ApplicationType":"Int/Ext Alteration","Description":"Restroom alterations, minor electrical and HVAC for new offices, new office construction, paint.","TotalCost":520326,"FinalCO":"Y","FinalCODate":1743783300000,"CensusTract":"160.11 "}},{"type":"Feature","id":19141,"geometry":null,"properties":{"OBJECTID":19141,"PermitNum":202420917,"IssuedDate":1732120380000,"StatusCurrent":"Final Inspection Made                                       ","ApplicationType":"Int/Ext Alteration","Description":"repair fire - new - insulation, electrical, HVAC, gypsum, doors paint","TotalCost":38000,"FinalCO":"Y","FinalCODate":1738322880000,"CensusTract":"160.11 "}},{"type":"Feature","id":41980,"geometry":null,"properties":{"OBJECTID":41980,"PermitNum":202418534,"IssuedDate":1728471720000,"StatusCurrent":"Final Inspection Made                                       ","ApplicationType":"Int/Ext Alteration","Description":"New heat pump, water heater, new windows, new paint, repair electrical, repair plumbing, upfit kitchen and laundry framing (walls only) and bathroom","TotalCost":22000,"FinalCO":"Y","FinalCODate":1739526480000,"CensusTract":"127.04 "}},{"type":"Feature","id":8455,"geometry":null,"properties":{"OBJECTID":8455,"PermitNum":202414888,"IssuedDate":1727879460000,"StatusCurrent":"Final Inspection Made                                       ","ApplicationType":"Int/Ext Alteration","Description":"Selective partition demo, light gauge metal framing; electrical, plumbing, and HVAC modifications, new sprinkler system","TotalCost":1300000,"FinalCO":"Y","FinalCODate":1781519460000,"CensusTract":"126.08 "}},{"type":"Feature","id":10893,"geometry":null,"properties":{"OBJECTID":10893,"PermitNum":202415137,"IssuedDate":1727867460000,"StatusCurrent":"Final Inspection Made                                       ","ApplicationType":"Addition","Description":"Metal Building addition with minor electrical and mini split HVAC system","TotalCost":114941,"FinalCO":"Y","FinalCODate":1738936020000,"CensusTract":"116.02 "}},{"type":"Feature","id":20810,"geometry":null,"properties":{"OBJECTID":20810,"PermitNum":202407280,"IssuedDate":1726759140000,"StatusCurrent":"Issued                                                      ","ApplicationType":"Int/Ext Alteration","Description":"Change of Use to Gym. Installations of bathrooms, utility room, and HVAC.","TotalCost":300000,"FinalCO":null,"FinalCODate":null,"CensusTract":"108.00 "}},{"type":"Feature","id":57791,"geometry":null,"properties":{"OBJECTID":57791,"PermitNum":202415159,"IssuedDate":1726048860000,"StatusCurrent":"Final Inspection Made                                       ","ApplicationType":"Int/Ext Alteration","Description":"PHASE II - Installing electrical, HVAC, equipment, roll up door and staircase for exterior access. Phase one of this project changed storage space into a classroom area. This scope will change the remaining area outside of the classroom area into training area.","TotalCost":293000,"FinalCO":"Y","FinalCODate":1737971520000,"CensusTract":"155.00 "}},{"type":"Feature","id":15557,"geometry":null,"properties":{"OBJECTID":15557,"PermitNum":202414289,"IssuedDate":1722419700000,"StatusCurrent":"Final Inspection Made                                       ","ApplicationType":"Int/Ext Alteration","Description":"Interior alterations, no structural changes, relocate/replace HVAC, replace light fixtures, new flooring and painting","TotalCost":150000,"FinalCO":"Y","FinalCODate":1741352460000,"CensusTract":"106.02 "}},{"type":"Feature","id":33858,"geometry":null,"properties":{"OBJECTID":33858,"PermitNum":202411541,"IssuedDate":1721994180000,"StatusCurrent":"Final Inspection Made                                       ","ApplicationType":"Int/Ext Alteration","Description":"Add New Rooftop HVAC Unit, Rework/Replace Ductwork, Plumbing, Electrical, New Ceiling Tile, Paint and Epoxy Flooring.","TotalCost":218250,"FinalCO":"Y","FinalCODate":1736928720000,"CensusTract":"162.01 "}},{"type":"Feature","id":5926,"geometry":null,"properties":{"OBJECTID":5926,"PermitNum":202412552,"IssuedDate":1720535280000,"StatusCurrent":"Final Inspection Made                                       ","ApplicationType":"Int/Ext Alteration","Description":"Install helical piers with steel angles. Install new crawl door. Install line at HVAC. Adding foundation wall","TotalCost":12193,"FinalCO":"Y","FinalCODate":1735890900000,"CensusTract":"165.05 "}},{"type":"Feature","id":37148,"geometry":null,"properties":{"OBJECTID":37148,"PermitNum":202412460,"IssuedDate":1720449360000,"StatusCurrent":"Final Inspection Made                                       ","ApplicationType":"Int/Ext Alteration","Description":"Remove acoustical ceilings, lights and hvac grills for sprinkler pipes to be replaced. Reinstall ceilings and ceiling items","TotalCost":635585,"FinalCO":"Y","FinalCODate":1724082600000,"CensusTract":"160.11 "}},{"type":"Feature","id":2788,"geometry":null,"properties":{"OBJECTID":2788,"PermitNum":202412360,"IssuedDate":1720186980000,"StatusCurrent":"Final Inspection Made                                       ","ApplicationType":"Int/Ext Alteration","Description":"RENOVATION PAINT ELECTRICAL, PLUMBING AND HVAC","TotalCost":22000,"FinalCO":"Y","FinalCODate":1733476380000,"CensusTract":"126.12 "}},{"type":"Feature","id":11131,"geometry":null,"properties":{"OBJECTID":11131,"PermitNum":202410502,"IssuedDate":1718972940000,"StatusCurrent":"Final Inspection Made                                       ","ApplicationType":"Int/Ext Alteration","Description":"Interior office upfit of Suite 130 demo wall and add wall, new door, HVAC minor work and electric...","TotalCost":65925,"FinalCO":"Y","FinalCODate":1722869340000,"CensusTract":"126.07 "}},{"type":"Feature","id":23483,"geometry":null,"properties":{"OBJECTID":23483,"PermitNum":202323621,"IssuedDate":1718878560000,"StatusCurrent":"Final Inspection Made                                       ","ApplicationType":"Int/Ext Alteration","Description":"Minor HVAC, Electrical, Sprinkler, and Fire alarm work. Relocating glass wall system.","TotalCost":45000,"FinalCO":"Y","FinalCODate":1724066940000,"CensusTract":"108.00 "}},{"type":"Feature","id":50684,"geometry":null,"properties":{"OBJECTID":50684,"PermitNum":202408789,"IssuedDate":1718179800000,"StatusCurrent":"Final Inspection Made                                       ","ApplicationType":"Int/Ext Alteration","Description":"Interior alteration including new partition walls, ceilings, lights, power, break room sink plumbing, HVAC modifications.","TotalCost":550000,"FinalCO":"Y","FinalCODate":1725620220000,"CensusTract":"157.03 "}},{"type":"Feature","id":15135,"geometry":null,"properties":{"OBJECTID":15135,"PermitNum":202406830,"IssuedDate":1718108580000,"StatusCurrent":"Final Inspection Made                                       ","ApplicationType":"Int/Ext Alteration","Description":"HVAC Replacement and Upgrade of Annex Building/ Media Center","TotalCost":3800000,"FinalCO":"Y","FinalCODate":1732007640000,"CensusTract":"111.02 "}},{"type":"Feature","id":53063,"geometry":null,"properties":{"OBJECTID":53063,"PermitNum":202407964,"IssuedDate":1718030280000,"StatusCurrent":"Final Inspection Made                                       ","ApplicationType":"Int/Ext Alteration","Description":"Lower existing ceilings, adding millwork and three walls. Relocate/additional sprinkler, HVAC, plumbing and electrical. Please update plan(s) and permits(s) accordingly. the Ketner Bldg is 5400-B OLD LAKE JEANETTE RD the Armfield Bldg is 5400-C OLD LAKE JEANETTE RD\"","TotalCost":229550,"FinalCO":"Y","FinalCODate":1722869040000,"CensusTract":"157.03 "}},{"type":"Feature","id":31095,"geometry":null,"properties":{"OBJECTID":31095,"PermitNum":202405062,"IssuedDate":1715779560000,"StatusCurrent":"Final Inspection Made                                       ","ApplicationType":"Int/Ext Alteration","Description":"2 story alterations of an existing space and existing tenant for minor changes & new finishes keeping HVAC, elect, plumb minor. Suite 200","TotalCost":256375,"FinalCO":"Y","FinalCODate":1723738740000,"CensusTract":"161.01 "}},{"type":"Feature","id":27041,"geometry":null,"properties":{"OBJECTID":27041,"PermitNum":202406687,"IssuedDate":1715259960000,"StatusCurrent":"Final Inspection Made                                       ","ApplicationType":"Int/Ext Alteration","Description":"Wall relocation, Electrical , Plumbing and HVAC modifications New Finishes","TotalCost":38000,"FinalCO":"Y","FinalCODate":1721379720000,"CensusTract":"105.00 "}},{"type":"Feature","id":56080,"geometry":null,"properties":{"OBJECTID":56080,"PermitNum":202407435,"IssuedDate":1715089680000,"StatusCurrent":"Final Inspection Made                                       ","ApplicationType":"Int/Ext Alteration","Description":"Porch to habitual space. frame up new closet wall, add windows, electrical and hvac to code, sheetrock, flooring, and siding","TotalCost":30000,"FinalCO":"Y","FinalCODate":1721820000000,"CensusTract":"157.06 "}},{"type":"Feature","id":41648,"geometry":null,"properties":{"OBJECTID":41648,"PermitNum":202407483,"IssuedDate":1714132020000,"StatusCurrent":"Final Inspection Made                                       ","ApplicationType":"Int/Ext Alteration","Description":"Flooring, plumbing, electrical, hvac, insulation, sheetrock, plumbing and cabinets","TotalCost":122900,"FinalCO":"Y","FinalCODate":1721384820000,"CensusTract":"154.02 "}},{"type":"Feature","id":37228,"geometry":null,"properties":{"OBJECTID":37228,"PermitNum":202404648,"IssuedDate":1713282180000,"StatusCurrent":"Final Inspection Made                                       ","ApplicationType":"Int/Ext Alteration","Description":"New tile, new flooring, update plumbing, HVAC & electrical, framing, drywall, paint, new cabinets","TotalCost":94642,"FinalCO":"Y","FinalCODate":1723554180000,"CensusTract":"125.08 "}},{"type":"Feature","id":27746,"geometry":null,"properties":{"OBJECTID":27746,"PermitNum":202405208,"IssuedDate":1712661360000,"StatusCurrent":"Final Inspection Made                                       ","ApplicationType":"Addition","Description":"Residential addition. 220 SF. Renovate/Add new dry bar, laundry closet, new primary bath, windows in kitchen, skylights, and new HVAC.","TotalCost":102752,"FinalCO":"Y","FinalCODate":1720519500000,"CensusTract":"108.00 "}},{"type":"Feature","id":27306,"geometry":null,"properties":{"OBJECTID":27306,"PermitNum":202404403,"IssuedDate":1712653500000,"StatusCurrent":"Final Inspection Made                                       ","ApplicationType":"Int/Ext Alteration","Description":"Framing, Plumbing, Electrical, HVAC, insulation, Sheetrock, Paint for Accessory Dwelling Unit.","TotalCost":24000,"FinalCO":"Y","FinalCODate":1722422640000,"CensusTract":"161.03 "}},{"type":"Feature","id":33250,"geometry":null,"properties":{"OBJECTID":33250,"PermitNum":202400084,"IssuedDate":1709562120000,"StatusCurrent":"Final Inspection Made                                       ","ApplicationType":"Int/Ext Alteration","Description":"Drywall, new doors, new flooring, new paint, millwork, plumbing, HVAC, electrical, fire alarm, sprinkler.","TotalCost":414226,"FinalCO":"Y","FinalCODate":1718036520000,"CensusTract":"9801.00"}},{"type":"Feature","id":21809,"geometry":null,"properties":{"OBJECTID":21809,"PermitNum":202314582,"IssuedDate":1707816240000,"StatusCurrent":"Final Inspection Made                                       ","ApplicationType":"Int/Ext Alteration","Description":"Bar upfit - PHASE 1 - NEW ACCESSIBLE RESTROOMS, NEW HVAC, NEW ELECTRICAL","TotalCost":59000,"FinalCO":"Y","FinalCODate":1722000960000,"CensusTract":"107.01 "}},{"type":"Feature","id":13249,"geometry":null,"properties":{"OBJECTID":13249,"PermitNum":202323719,"IssuedDate":1706705340000,"StatusCurrent":"Final Inspection Made                                       ","ApplicationType":"Int/Ext Alteration","Description":"Drywall, flooring, paint, doors & frames, fume hoods, HVAC, Plumbing, electrical, fire alarm.","TotalCost":284985,"FinalCO":"Y","FinalCODate":1716460380000,"CensusTract":"128.03 "}},{"type":"Feature","id":23842,"geometry":null,"properties":{"OBJECTID":23842,"PermitNum":202309202,"IssuedDate":1706273760000,"StatusCurrent":"Final Inspection Made                                       ","ApplicationType":"Int/Ext Alteration","Description":"Non-Structural office walls with 5/8 sheetrock and some metal store front. Some additional lighting, receptacles. HVAC existing","TotalCost":25000,"FinalCO":"Y","FinalCODate":1725006000000,"CensusTract":"108.00 "}},{"type":"Feature","id":28150,"geometry":null,"properties":{"OBJECTID":28150,"PermitNum":202316158,"IssuedDate":1706264700000,"StatusCurrent":"Final Inspection Made                                       ","ApplicationType":"Int/Ext Alteration","Description":"Change of Use from 1st story Garage to a Dwelling Unit. - Adding a toilet, kitchenette, and shower to half of the downstairs portion of the garage.  Adding mini split HVAC system.","TotalCost":20000,"FinalCO":"Y","FinalCODate":1712914020000,"CensusTract":"109.00 "}},{"type":"Feature","id":48575,"geometry":null,"properties":{"OBJECTID":48575,"PermitNum":202321962,"IssuedDate":1705664280000,"StatusCurrent":"Final Inspection Made                                       ","ApplicationType":"Int/Ext Alteration","Description":"Change of Use. Interior demolition, with new restrooms, electrical, and hvac.","TotalCost":350000,"FinalCO":"Y","FinalCODate":1717417800000,"CensusTract":"127.03 "}},{"type":"Feature","id":6914,"geometry":null,"properties":{"OBJECTID":6914,"PermitNum":202318290,"IssuedDate":1704381000000,"StatusCurrent":"Final Inspection Made                                       ","ApplicationType":"Int/Ext Alteration","Description":"Tire store. Renovations of the entire building, HVAC, plumbing and electrical","TotalCost":268688,"FinalCO":"Y","FinalCODate":1716295800000,"CensusTract":"126.17 "}},{"type":"Feature","id":5307,"geometry":null,"properties":{"OBJECTID":5307,"PermitNum":202321356,"IssuedDate":1704192660000,"StatusCurrent":"Final Inspection Made                                       ","ApplicationType":"Int/Ext Alteration","Description":"Adding pre-engineered office to existing warehouse. Includes electrical and HVAC additions","TotalCost":194640,"FinalCO":"Y","FinalCODate":1711441500000,"CensusTract":"128.04 "}},{"type":"Feature","id":46104,"geometry":null,"properties":{"OBJECTID":46104,"PermitNum":202316162,"IssuedDate":1699024920000,"StatusCurrent":"Final Inspection Made                                       ","ApplicationType":"Addition","Description":"addition to the existing dwelling.  master bedroom, two bathrooms, bonus room.  new roof, plumbing hvac and electrical","TotalCost":60000,"FinalCO":"Y","FinalCODate":1729591980000,"CensusTract":"127.04 "}},{"type":"Feature","id":13964,"geometry":null,"properties":{"OBJECTID":13964,"PermitNum":202312104,"IssuedDate":1698312540000,"StatusCurrent":"Final Inspection Made                                       ","ApplicationType":"Int/Ext Alteration","Description":"Waffle House - ADA work, new seating, ada cash stand, ceiling work, in lights, relocate HVAC chases, new flooring, repair roof.","TotalCost":72227,"FinalCO":"Y","FinalCODate":1704885180000,"CensusTract":"160.11 "}},{"type":"Feature","id":25879,"geometry":null,"properties":{"OBJECTID":25879,"PermitNum":202310156,"IssuedDate":1697797080000,"StatusCurrent":"Final Inspection Made                                       ","ApplicationType":"Addition","Description":"18' x 31' in-ground concrete pool (557 sq. feet) with associated pool coping (104 sq. feet). Heat pump only, no gas heater.","TotalCost":100000,"FinalCO":"Y","FinalCODate":1698050040000,"CensusTract":"107.01 "}},{"type":"Feature","id":559,"geometry":null,"properties":{"OBJECTID":559,"PermitNum":202315680,"IssuedDate":1697117340000,"StatusCurrent":"Final Inspection Made                                       ","ApplicationType":"Int/Ext Alteration","Description":"Initial upfit for Event Center - adding restrooms, ceiling, lighting and hvac","TotalCost":105000,"FinalCO":"Y","FinalCODate":1709123040000,"CensusTract":"168.00 "}},{"type":"Feature","id":21634,"geometry":null,"properties":{"OBJECTID":21634,"PermitNum":202309767,"IssuedDate":1694096940000,"StatusCurrent":"Final Inspection Made                                       ","ApplicationType":"Int/Ext Alteration","Description":"Construct offices, restroom renovations, HVAC, and electrical on first floor","TotalCost":97160,"FinalCO":"Y","FinalCODate":1719327060000,"CensusTract":"108.00 "}},{"type":"Feature","id":33845,"geometry":null,"properties":{"OBJECTID":33845,"PermitNum":202213087,"IssuedDate":1693577100000,"StatusCurrent":"Final Inspection Made                                       ","ApplicationType":"Int/Ext Alteration","Description":"restoration, bathrooms, kitchen, HVAC, electric","TotalCost":99000,"FinalCO":"Y","FinalCODate":1694100720000,"CensusTract":"104.04 "}},{"type":"Feature","id":2365,"geometry":null,"properties":{"OBJECTID":2365,"PermitNum":202311924,"IssuedDate":1692955740000,"StatusCurrent":"Final Inspection Made                                       ","ApplicationType":"Int/Ext Alteration","Description":"Interior walls, add two bathrooms and break room, minor electrical, and no HVAC","TotalCost":120000,"FinalCO":null,"FinalCODate":null,"CensusTract":"167.01 "}},{"type":"Feature","id":31608,"geometry":null,"properties":{"OBJECTID":31608,"PermitNum":202305891,"IssuedDate":1690456200000,"StatusCurrent":"Final Inspection Made                                       ","ApplicationType":"Int/Ext Alteration","Description":"Interior Finishes, Electrical upgrades, HVAC upgrades.","TotalCost":579000,"FinalCO":"Y","FinalCODate":1692965520000,"CensusTract":"103.00 "}},{"type":"Feature","id":12609,"geometry":null,"properties":{"OBJECTID":12609,"PermitNum":202313613,"IssuedDate":1690383660000,"StatusCurrent":"Final Inspection Made                                       ","ApplicationType":"Initial Up-Fit","Description":"Design and upfit remaining tenant space with offices and labs including additional hvac, and new dock and freight elevator\r\n","TotalCost":1108140,"FinalCO":"Y","FinalCODate":1704459360000,"CensusTract":"128.03 "}},{"type":"Feature","id":50470,"geometry":null,"properties":{"OBJECTID":50470,"PermitNum":202308886,"IssuedDate":1690279620000,"StatusCurrent":"Final Inspection Made                                       ","ApplicationType":"Int/Ext Alteration","Description":"Split Greenlea building 3 into Units A, B, and C using demising walls. Divide Electrical, HVAC, and Mechanical systems.","TotalCost":1350000,"FinalCO":"Y","FinalCODate":1701780180000,"CensusTract":"162.01 "}},{"type":"Feature","id":3975,"geometry":null,"properties":{"OBJECTID":3975,"PermitNum":202312643,"IssuedDate":1689591540000,"StatusCurrent":"Final Inspection Made                                       ","ApplicationType":"Int/Ext Alteration","Description":"new HVAC and electrical work","TotalCost":81132,"FinalCO":"Y","FinalCODate":1707395820000,"CensusTract":"126.12 "}},{"type":"Feature","id":13755,"geometry":null,"properties":{"OBJECTID":13755,"PermitNum":202307688,"IssuedDate":1688564160000,"StatusCurrent":"Final Inspection Made                                       ","ApplicationType":"Int/Ext Alteration","Description":"Interior renovation consisting in new wall layout and finishes, new plumbing and light fixtures and new HVAC duct layout.","TotalCost":405000,"FinalCO":"Y","FinalCODate":1695974460000,"CensusTract":"126.18 "}},{"type":"Feature","id":23897,"geometry":null,"properties":{"OBJECTID":23897,"PermitNum":202224489,"IssuedDate":1687349220000,"StatusCurrent":"Final Inspection Made                                       ","ApplicationType":"Int/Ext Alteration","Description":"Renovation of existing building for self storage facility; new electrical, plumbing and HVAC in building phase 1 floors 1 & 2 and office","TotalCost":4100000,"FinalCO":"Y","FinalCODate":1729072020000,"CensusTract":"127.07 "}},{"type":"Feature","id":32457,"geometry":null,"properties":{"OBJECTID":32457,"PermitNum":202220456,"IssuedDate":1686576420000,"StatusCurrent":"Final Inspection Made                                       ","ApplicationType":"Int/Ext Alteration","Description":"Demolition of existing conditions. Rebuild to new tenants needs. Includes HVAC, plumbing and","TotalCost":478985,"FinalCO":"Y","FinalCODate":1698137700000,"CensusTract":"108.00 "}},{"type":"Feature","id":3845,"geometry":null,"properties":{"OBJECTID":3845,"PermitNum":202107531,"IssuedDate":1685970000000,"StatusCurrent":"Final Inspection Made                                       ","ApplicationType":"New Construction","Description":"E-PLAN SHELL PERMIT TRC_2019-0742_WOOD FRAMED 3-STORY BUILDING WITH 130 LIVING UNITS, SLAB-ON GRADE, INDIVIDUAL HVAC UNITS, WITH FIRE SPRINKLER SYSTEM, 2 ELEVETORS\r\n\r\nSHELL \r\nTCI ON FILE 04/09/2024","TotalCost":26391000,"FinalCO":"Y","FinalCODate":1743156900000,"CensusTract":"165.02 "}},{"type":"Feature","id":24395,"geometry":null,"properties":{"OBJECTID":24395,"PermitNum":202308390,"IssuedDate":1685612040000,"StatusCurrent":"Final Inspection Made                                       ","ApplicationType":"Int/Ext Alteration","Description":"Only interior renovation and facade including removing partitions, reworking toilets, kitchen, HVAC, electrical\r\nOk to issue permit over the counter WL.","TotalCost":200000,"FinalCO":"Y","FinalCODate":1692257820000,"CensusTract":"125.04 "}},{"type":"Feature","id":29696,"geometry":null,"properties":{"OBJECTID":29696,"PermitNum":202304304,"IssuedDate":1684499040000,"StatusCurrent":"Final Inspection Made                                       ","ApplicationType":"Int/Ext Alteration","Description":"Interior walls, doors, ceilings. New toilet. modifications to HVAC, Plumbing, Electrical, Fire Alarm and Sprinkler","TotalCost":285000,"FinalCO":"Y","FinalCODate":1692604440000,"CensusTract":"125.09 "}},{"type":"Feature","id":32136,"geometry":null,"properties":{"OBJECTID":32136,"PermitNum":202305761,"IssuedDate":1681223220000,"StatusCurrent":"Final Inspection Made                                       ","ApplicationType":"Int/Ext Alteration","Description":"adding bathing and updating HVAC","TotalCost":18000,"FinalCO":"Y","FinalCODate":1710410100000,"CensusTract":"101.00 "}},{"type":"Feature","id":36486,"geometry":null,"properties":{"OBJECTID":36486,"PermitNum":202303646,"IssuedDate":1679907840000,"StatusCurrent":"Final Inspection Made                                       ","ApplicationType":"Int/Ext Alteration","Description":"Interior upfit including all new walls per plan, moving bathrooms, all new HVAC, all new electrical, all new plumbing,","TotalCost":174748,"FinalCO":"Y","FinalCODate":1723536840000,"CensusTract":"125.11 "}},{"type":"Feature","id":48578,"geometry":null,"properties":{"OBJECTID":48578,"PermitNum":202221500,"IssuedDate":1679654220000,"StatusCurrent":"Final Inspection Made                                       ","ApplicationType":"Int/Ext Alteration","Description":"\t\r\nRemodel of existing 4,515 sf bank. Work to include new partitions, restroom, HVAC, lighting and minor exterior work.","TotalCost":1449000,"FinalCO":"Y","FinalCODate":1707837840000,"CensusTract":"127.03 "}},{"type":"Feature","id":55589,"geometry":null,"properties":{"OBJECTID":55589,"PermitNum":202301734,"IssuedDate":1677677280000,"StatusCurrent":"Final Inspection Made                                       ","ApplicationType":"Addition","Description":"Sunroom, Foundation, framing, wiring, HVAC, insulation and expand / modify existing deck","TotalCost":60000,"FinalCO":"Y","FinalCODate":1718697540000,"CensusTract":"157.06 "}},{"type":"Feature","id":23192,"geometry":null,"properties":{"OBJECTID":23192,"PermitNum":202301672,"IssuedDate":1677667080000,"StatusCurrent":"Final Inspection Made                                       ","ApplicationType":"Int/Ext Alteration","Description":"Demo, adding 4 offices, finishes, drywall/metal frames, doors, HVAC supply relocation, minor electrical (outlets) all interior.","TotalCost":54000,"FinalCO":"Y","FinalCODate":1681375920000,"CensusTract":"108.00 "}},{"type":"Feature","id":16185,"geometry":null,"properties":{"OBJECTID":16185,"PermitNum":202302826,"IssuedDate":1677057420000,"StatusCurrent":"Final Inspection Made                                       ","ApplicationType":"Int/Ext Alteration","Description":"REMODEL WINDOWS SIDINGS VINYL FLOORING PLUMBING FURNES HVAC","TotalCost":35000,"FinalCO":"Y","FinalCODate":1688117940000,"CensusTract":"111.01 "}},{"type":"Feature","id":16205,"geometry":null,"properties":{"OBJECTID":16205,"PermitNum":202302825,"IssuedDate":1677057120000,"StatusCurrent":"Final Inspection Made                                       ","ApplicationType":"Int/Ext Alteration","Description":"REMODEL WINDOWS SIDING VINYL FLOORING PLUMBING FURNIS HVAC","TotalCost":35000,"FinalCO":"Y","FinalCODate":1688117940000,"CensusTract":"111.01 "}},{"type":"Feature","id":39839,"geometry":null,"properties":{"OBJECTID":39839,"PermitNum":202224391,"IssuedDate":1673622900000,"StatusCurrent":"Final Inspection Made                                       ","ApplicationType":"Int/Ext Alteration","Description":"HVAC System Install with new electrical service for units","TotalCost":739723,"FinalCO":"Y","FinalCODate":1702546920000,"CensusTract":"162.01 "}},{"type":"Feature","id":32460,"geometry":null,"properties":{"OBJECTID":32460,"PermitNum":202220139,"IssuedDate":1672912920000,"StatusCurrent":"Final Inspection Made                                       ","ApplicationType":"Int/Ext Alteration","Description":"upfit office area to include new walls, finishes, plumbing, HVAC, electrical","TotalCost":401561,"FinalCO":"Y","FinalCODate":1686067020000,"CensusTract":"125.08 "}},{"type":"Feature","id":32568,"geometry":null,"properties":{"OBJECTID":32568,"PermitNum":202220141,"IssuedDate":1670401680000,"StatusCurrent":"Final Inspection Made                                       ","ApplicationType":"Int/Ext Alteration","Description":"\t\r\noffice upfit walls, finishes, HVAC, electrical","TotalCost":212902,"FinalCO":"Y","FinalCODate":1676990640000,"CensusTract":"125.08 "}},{"type":"Feature","id":30807,"geometry":null,"properties":{"OBJECTID":30807,"PermitNum":202222930,"IssuedDate":1670234520000,"StatusCurrent":"Final Inspection Made                                       ","ApplicationType":"Addition","Description":"relocate the existing heat pump condenser, excavate new footings, frame new rooms and sunroom\r\nHlus Ksor","TotalCost":60000,"FinalCO":"Y","FinalCODate":1708519980000,"CensusTract":"103.00 "}},{"type":"Feature","id":28376,"geometry":null,"properties":{"OBJECTID":28376,"PermitNum":202203425,"IssuedDate":1667832960000,"StatusCurrent":"Final Inspection Made                                       ","ApplicationType":"Initial Up-Fit","Description":"New Restaurant Up-fit to include, kitchen, restroom, indoor/outdoor dining, new hvac, electrical","TotalCost":1150000,"FinalCO":"Y","FinalCODate":1694693520000,"CensusTract":"104.01 "}},{"type":"Feature","id":43258,"geometry":null,"properties":{"OBJECTID":43258,"PermitNum":202215581,"IssuedDate":1667818980000,"StatusCurrent":"Final Inspection Made                                       ","ApplicationType":"Int/Ext Alteration","Description":"\t\r\nOpen 1 wall, upgrade HVAC and Electrical.","TotalCost":116021,"FinalCO":"Y","FinalCODate":1676035860000,"CensusTract":"160.08 "}},{"type":"Feature","id":24788,"geometry":null,"properties":{"OBJECTID":24788,"PermitNum":202217634,"IssuedDate":1666968660000,"StatusCurrent":"Final Inspection Made                                       ","ApplicationType":"Int/Ext Alteration","Description":"Setting a new electrical service, lighting, toilets, under slab plumbing, HVAC units, some ductw","TotalCost":218810,"FinalCO":null,"FinalCODate":null,"CensusTract":"108.00 "}},{"type":"Feature","id":32579,"geometry":null,"properties":{"OBJECTID":32579,"PermitNum":202218821,"IssuedDate":1665487680000,"StatusCurrent":"Final Inspection Made                                       ","ApplicationType":"Int/Ext Alteration","Description":"new walls, electrical, HVAC and finishes","TotalCost":219623,"FinalCO":null,"FinalCODate":null,"CensusTract":"125.08 "}},{"type":"Feature","id":30149,"geometry":null,"properties":{"OBJECTID":30149,"PermitNum":202214460,"IssuedDate":1663248720000,"StatusCurrent":"Final Inspection Made                                       ","ApplicationType":"Int/Ext Alteration","Description":"New interior walls, Electrical, Plumbing and HVAC Changes. New finishes\r\n5979sf","TotalCost":958000,"FinalCO":"Y","FinalCODate":1690891140000,"CensusTract":"103.00 "}},{"type":"Feature","id":26474,"geometry":null,"properties":{"OBJECTID":26474,"PermitNum":202215970,"IssuedDate":1663171680000,"StatusCurrent":"Final Inspection Made                                       ","ApplicationType":"Int/Ext Alteration","Description":"Exterior repairs. Interior renovation to return to single-family. New HVAC, electrical, plumbing.\r\n3 min fee permits need to be created before the permit is issued for A,B, and C unit","TotalCost":220000,"FinalCO":"Y","FinalCODate":1696592880000,"CensusTract":"108.00 "}},{"type":"Feature","id":12165,"geometry":null,"properties":{"OBJECTID":12165,"PermitNum":202219041,"IssuedDate":1662558120000,"StatusCurrent":"Final Inspection Made                                       ","ApplicationType":"Int/Ext Alteration","Description":"repair structure, rewire, re-plumb, now hvac","TotalCost":29980,"FinalCO":"Y","FinalCODate":1677077760000,"CensusTract":"115.00 "}},{"type":"Feature","id":42411,"geometry":null,"properties":{"OBJECTID":42411,"PermitNum":202215887,"IssuedDate":1662028980000,"StatusCurrent":"Final Inspection Made                                       ","ApplicationType":"Int/Ext Alteration","Description":"replace finishes, lighting, doors and some plumbing and HVAC (grills)","TotalCost":239818,"FinalCO":null,"FinalCODate":null,"CensusTract":"127.03 "}},{"type":"Feature","id":11902,"geometry":null,"properties":{"OBJECTID":11902,"PermitNum":202212500,"IssuedDate":1659428100000,"StatusCurrent":"Final Inspection Made                                       ","ApplicationType":"Int/Ext Alteration","Description":"Addition of interior walls, revision of electrical, rework of HVAC ductwork, addition of exterior...","TotalCost":250166,"FinalCO":null,"FinalCODate":null,"CensusTract":"113.00 "}},{"type":"Feature","id":12433,"geometry":null,"properties":{"OBJECTID":12433,"PermitNum":202215840,"IssuedDate":1658938680000,"StatusCurrent":"Final Inspection Made                                       ","ApplicationType":"Int/Ext Alteration","Description":"remodel kitchen and bath, install HVAC, repair electrical","TotalCost":27500,"FinalCO":null,"FinalCODate":null,"CensusTract":"113.00 "}},{"type":"Feature","id":36619,"geometry":null,"properties":{"OBJECTID":36619,"PermitNum":202208513,"IssuedDate":1657882800000,"StatusCurrent":"Final Inspection Made                                       ","ApplicationType":"Int/Ext Alteration","Description":"Framing new walls and adding electric, plumbing and HVAC","TotalCost":127203,"FinalCO":"Y","FinalCODate":1740125040000,"CensusTract":"125.08 "}},{"type":"Feature","id":30660,"geometry":null,"properties":{"OBJECTID":30660,"PermitNum":202213191,"IssuedDate":1655895720000,"StatusCurrent":"Final Inspection Made                                       ","ApplicationType":"Int/Ext Alteration","Description":"TAKEOVER PERMIT 202115612\r\nHOME RENOVATION-FRAMING, ELECTRICAL, PLUMBING, AND HVAC","TotalCost":29500,"FinalCO":"Y","FinalCODate":1684924680000,"CensusTract":"104.01 "}},{"type":"Feature","id":11413,"geometry":null,"properties":{"OBJECTID":11413,"PermitNum":202127131,"IssuedDate":1653648780000,"StatusCurrent":"Final Inspection Made                                       ","ApplicationType":"Int/Ext Alteration","Description":"Renovation of interior space to include 6 office partitions, plumbing/lighting fixtures, HVAC. Ex...","TotalCost":615887,"FinalCO":"Y","FinalCODate":1678789080000,"CensusTract":"116.02 "}},{"type":"Feature","id":10479,"geometry":null,"properties":{"OBJECTID":10479,"PermitNum":202210242,"IssuedDate":1652702880000,"StatusCurrent":"Final Inspection Made                                       ","ApplicationType":"Int/Ext Alteration","Description":"INTERIOR ALTERATIONS--REPLACE FIXTURES, NEW CABINETS, COUNTERTOPS, FLOORING, REPAIR ROTTEN WOOD, SUBFLOOR, NEW BATHROOM FIXTURES, KITCVHEN FIXTURES, REPAIR HVAC UNIT AND PAINT.","TotalCost":15000,"FinalCO":null,"FinalCODate":null,"CensusTract":"114.00 "}},{"type":"Feature","id":57779,"geometry":null,"properties":{"OBJECTID":57779,"PermitNum":202202058,"IssuedDate":1649945460000,"StatusCurrent":"Final Inspection Made                                       ","ApplicationType":"Addition","Description":"Upgrade existing boiler and add a 285 bump out addition.","TotalCost":2282000,"FinalCO":"Y","FinalCODate":1682684100000,"CensusTract":"155.00 "}},{"type":"Feature","id":27679,"geometry":null,"properties":{"OBJECTID":27679,"PermitNum":202206797,"IssuedDate":1648722180000,"StatusCurrent":"Final Inspection Made                                       ","ApplicationType":"Int/Ext Alteration","Description":"Interior Alterations000 flooring, trim, paint, HVAC","TotalCost":38000,"FinalCO":null,"FinalCODate":null,"CensusTract":"125.05 "}},{"type":"Feature","id":36168,"geometry":null,"properties":{"OBJECTID":36168,"PermitNum":202203653,"IssuedDate":1645005480000,"StatusCurrent":"Final Inspection Made                                       ","ApplicationType":"New Construction","Description":"New office building consisting of sitework, foundation, wood framed building structure, plumbing, HVAC and electrical.\r\n\r\nPLAN/ ZONING CHANGE ADDREESS 2000 ROSELAND ST","TotalCost":486000,"FinalCO":"Y","FinalCODate":1674665820000,"CensusTract":"102.00 "}},{"type":"Feature","id":43761,"geometry":null,"properties":{"OBJECTID":43761,"PermitNum":202201242,"IssuedDate":1642678380000,"StatusCurrent":"Final Inspection Made                                       ","ApplicationType":"Int/Ext Alteration","Description":"complete interior alterations - all 3 bedrooms, all 3 bathrooms, kitchen, all flooring, non load bearing walls, upgrade electrical, replace hvac","TotalCost":245000,"FinalCO":null,"FinalCODate":null,"CensusTract":"127.03 "}},{"type":"Feature","id":25863,"geometry":null,"properties":{"OBJECTID":25863,"PermitNum":202126960,"IssuedDate":1641474900000,"StatusCurrent":"Final Inspection Made                                       ","ApplicationType":"Int/Ext Alteration","Description":"creating new space for a sunroom to include HVAC and electrical.","TotalCost":110259,"FinalCO":null,"FinalCODate":null,"CensusTract":"125.04 "}},{"type":"Feature","id":7363,"geometry":null,"properties":{"OBJECTID":7363,"PermitNum":202117717,"IssuedDate":1640780760000,"StatusCurrent":"Final Inspection Made                                       ","ApplicationType":"Int/Ext Alteration","Description":"Planning to subdivide into two separate tenant spaces. New divided space within the structure: 865 SF with remaining existing space: 1847 SF\r\nAll parking is existing and proposing a new accessible van parking and ramp.\r\nWill be adding one toilet room and new storefront.\r\nExisting separate HVAC system to remain and isolating the electrical system for two independent spaces","TotalCost":28500,"FinalCO":"Y","FinalCODate":1684426320000,"CensusTract":"126.08 "}},{"type":"Feature","id":42595,"geometry":null,"properties":{"OBJECTID":42595,"PermitNum":202115228,"IssuedDate":1634654100000,"StatusCurrent":"Final Inspection Made                                       ","ApplicationType":"Int/Ext Alteration","Description":"Change of use new entrance, H.C. toilet, HVAC upgrades, electrical upgrades, painting, ceiling repairs.","TotalCost":0,"FinalCO":"Y","FinalCODate":1697105400000,"CensusTract":"127.04 "}},{"type":"Feature","id":41950,"geometry":null,"properties":{"OBJECTID":41950,"PermitNum":202113016,"IssuedDate":1633520220000,"StatusCurrent":"Final Inspection Made                                       ","ApplicationType":"Int/Ext Alteration","Description":"E-PLAN. EXISTING SPACE, INTERIOR PLUMBING, CONCRETE FLOOR, RESTROOM WALLS, SHEETROCK/INSULATION, ELECTRICAL, HVAC, CEILING GRID.","TotalCost":48000,"FinalCO":"Y","FinalCODate":1642594680000,"CensusTract":"160.10 "}},{"type":"Feature","id":12879,"geometry":null,"properties":{"OBJECTID":12879,"PermitNum":202108464,"IssuedDate":1632145500000,"StatusCurrent":"Final Inspection Made                                       ","ApplicationType":"Int/Ext Alteration","Description":"Shell Build Space STE 117 to be used by Community Youth Center. HVAC and Electrical are previously permitted.  This plan (2021-0985) also reviewed for permitting and inspection of all previously undocumented construction in Building 2.","TotalCost":1000,"FinalCO":"Y","FinalCODate":1634118780000,"CensusTract":"114.00 "}},{"type":"Feature","id":31176,"geometry":null,"properties":{"OBJECTID":31176,"PermitNum":202106605,"IssuedDate":1631720880000,"StatusCurrent":"Final Inspection Made                                       ","ApplicationType":"Int/Ext Alteration","Description":"Change of use from warehouse to factory, adding bathrooms and breakroom, upgrading fire protection and HVAC.","TotalCost":95000,"FinalCO":"Y","FinalCODate":1787830620000,"CensusTract":"162.01 "}},{"type":"Feature","id":2309,"geometry":null,"properties":{"OBJECTID":2309,"PermitNum":202115895,"IssuedDate":1629121020000,"StatusCurrent":"Final Inspection Made                                       ","ApplicationType":"Int/Ext Alteration","Description":"New HVAC, uplift kitchen and bath, repair electrical","TotalCost":21000,"FinalCO":"Y","FinalCODate":1639142160000,"CensusTract":"168.00 "}},{"type":"Feature","id":7059,"geometry":null,"properties":{"OBJECTID":7059,"PermitNum":202115454,"IssuedDate":1628512740000,"StatusCurrent":"Final Inspection Made                                       ","ApplicationType":"Int/Ext Alteration","Description":"INTERIOR ALTERATIONS--REMODEL, KITCHEN CABINETS, HVAC/ BATH/ PAINTING","TotalCost":18000,"FinalCO":"Y","FinalCODate":1635435420000,"CensusTract":"126.10 "}},{"type":"Feature","id":22189,"geometry":null,"properties":{"OBJECTID":22189,"PermitNum":202108504,"IssuedDate":1622631900000,"StatusCurrent":"Final Inspection Made                                       ","ApplicationType":"Int/Ext Alteration","Description":"Interior upfit of 4375 sf within the +/- 102,060sf existing facility. The new space will be used for testing and calibration of electrical components. The construction work will consist of new gwb walls, ceiling tiles, doors, finishes, HVAC and electrical work","TotalCost":125000,"FinalCO":"Y","FinalCODate":1630394700000,"CensusTract":"162.04 "}},{"type":"Feature","id":20624,"geometry":null,"properties":{"OBJECTID":20624,"PermitNum":202105140,"IssuedDate":1621930680000,"StatusCurrent":"Final Inspection Made                                       ","ApplicationType":"Int/Ext Alteration","Description":"E-Plan Interior alteration, new partitions, lighting, receptacles plumbing entry modification, HVAC, exterior paint parking striping","TotalCost":125000,"FinalCO":"Y","FinalCODate":1628151480000,"CensusTract":"125.04 "}},{"type":"Feature","id":31434,"geometry":null,"properties":{"OBJECTID":31434,"PermitNum":202107947,"IssuedDate":1621330140000,"StatusCurrent":"Final Inspection Made                                       ","ApplicationType":"Int/Ext Alteration","Description":"E-PLAN. SELECTIVE INTERIOR DEMOLITION, NEW WALLS, ELECTRICAL, LIGHTING AND HVAC UPGRADES.","TotalCost":138450,"FinalCO":"Y","FinalCODate":1629364320000,"CensusTract":"103.00 "}},{"type":"Feature","id":52948,"geometry":null,"properties":{"OBJECTID":52948,"PermitNum":202109063,"IssuedDate":1620746460000,"StatusCurrent":"Final Inspection Made                                       ","ApplicationType":"Int/Ext Alteration","Description":"Build walls with doors to match existing. move light switches, add outlets and Cat5e. Install glass in right wall. Add HVAC return, sheetrook, paint trim to match.","TotalCost":26490,"FinalCO":"Y","FinalCODate":1627562340000,"CensusTract":"157.03 "}},{"type":"Feature","id":26480,"geometry":null,"properties":{"OBJECTID":26480,"PermitNum":202107333,"IssuedDate":1618589700000,"StatusCurrent":"Final Inspection Made                                       ","ApplicationType":"Int/Ext Alteration","Description":"ALTERATIONS/REPAIR; DAMAGED WALLS, ELECTRICAL WIRING, HVAC & BATHROOM/KITCHEN REMODEL","TotalCost":26000,"FinalCO":"Y","FinalCODate":1630657020000,"CensusTract":"105.00 "}},{"type":"Feature","id":1782,"geometry":null,"properties":{"OBJECTID":1782,"PermitNum":202103747,"IssuedDate":1618498620000,"StatusCurrent":"Final Inspection Made                                       ","ApplicationType":"Int/Ext Alteration","Description":"INTERIOR ALTERATION OF AN EXISTING SUITE INTO DENTISTRY OFFICE SPACE. INCLUDES GENERAL CONSTRUCTION, PLUMBING, HVAC AND ELECTRICAL INTERIOR ALTERATIONS ONLY.","TotalCost":130000,"FinalCO":"Y","FinalCODate":1638181560000,"CensusTract":"168.00 "}},{"type":"Feature","id":38586,"geometry":null,"properties":{"OBJECTID":38586,"PermitNum":202102683,"IssuedDate":1617034560000,"StatusCurrent":"Final Inspection Made                                       ","ApplicationType":"Int/Ext Alteration","Description":"Demo walls, new walls, electrical, plumbing, and hvac.","TotalCost":49262,"FinalCO":"Y","FinalCODate":1623930960000,"CensusTract":"125.08 "}},{"type":"Feature","id":5720,"geometry":null,"properties":{"OBJECTID":5720,"PermitNum":202100554,"IssuedDate":1614876900000,"StatusCurrent":"Final Inspection Made                                       ","ApplicationType":"Int/Ext Alteration","Description":"E-PLAN. CONSTRUCT (2) SECURE STORAGE ROOMS, ADD HVAC FOR NEW ROOMS.","TotalCost":42000,"FinalCO":"Y","FinalCODate":1617979500000,"CensusTract":"128.04 "}},{"type":"Feature","id":33327,"geometry":null,"properties":{"OBJECTID":33327,"PermitNum":202104166,"IssuedDate":1614769320000,"StatusCurrent":"Final Inspection Made                                       ","ApplicationType":"Int/Ext Alteration","Description":"bricl veneer flashing repairs, window glass recauking, painting veneer, roof flashing, hvac service","TotalCost":195000,"FinalCO":"Y","FinalCODate":1623682260000,"CensusTract":"125.08 "}},{"type":"Feature","id":41788,"geometry":null,"properties":{"OBJECTID":41788,"PermitNum":202021912,"IssuedDate":1611659760000,"StatusCurrent":"Final Inspection Made                                       ","ApplicationType":"Int/Ext Alteration","Description":"Frame walls and install new commercial doors relocating electrical, sprinklers, HVAC as needed in Program Areas. Frame walls and move doors in corridor 2 and 3 for Storage Room 124 and Telephone/Electrical Room 125 reworking electrical and sprinkler as needed. Paint as needed.","TotalCost":26935,"FinalCO":"Y","FinalCODate":1614866940000,"CensusTract":"127.03 "}},{"type":"Feature","id":4033,"geometry":null,"properties":{"OBJECTID":4033,"PermitNum":202013325,"IssuedDate":1608044820000,"StatusCurrent":"Final Inspection Made                                       ","ApplicationType":"Int/Ext Alteration","Description":"E-PLAN. FIRE REPAIR - NO CHANGE OF OCCUPANCY OR CONFIGURATION - NEW WORK SHALL MEET NEW CODE (NEW ROOF, HVAC, PLUMBING, ELECTRICAL, DRYWALL, ACOUSTICAL CEILING, PAINTING.)","TotalCost":176200,"FinalCO":"Y","FinalCODate":1632317160000,"CensusTract":"126.09 "}},{"type":"Feature","id":5544,"geometry":null,"properties":{"OBJECTID":5544,"PermitNum":202018810,"IssuedDate":1607615100000,"StatusCurrent":"Final Inspection Made                                       ","ApplicationType":"Int/Ext Alteration","Description":"E-PLAN. INTERIOR UPFIT. NEW WALLS AND HVAC UNITS/DUCT WORK.","TotalCost":75000,"FinalCO":"Y","FinalCODate":1613731200000,"CensusTract":"128.04 "}},{"type":"Feature","id":39884,"geometry":null,"properties":{"OBJECTID":39884,"PermitNum":202019069,"IssuedDate":1604405580000,"StatusCurrent":"Final Inspection Made                                       ","ApplicationType":"Int/Ext Alteration","Description":"RENOVATION BATH/KITCHEN/WINDOWS/HVAC","TotalCost":22500,"FinalCO":"Y","FinalCODate":1613048640000,"CensusTract":"125.03 "}},{"type":"Feature","id":55877,"geometry":null,"properties":{"OBJECTID":55877,"PermitNum":202014140,"IssuedDate":1597930500000,"StatusCurrent":"Final Inspection Made                                       ","ApplicationType":"Int/Ext Alteration","Description":"DEMOLITION OF 5 WALLS, BUILD NEW WALLS, INSTALLLAMINATED BEAMS, PAINTING, REFINISH FLOORS, CERAMIC TILE, CARPET,ELECTRICAL,PLUMBING, HVAC, FINISH UNFINISHED GARAGE,AND   NEW DISHWASHER","TotalCost":80000,"FinalCO":"Y","FinalCODate":1605800400000,"CensusTract":"160.05 "}},{"type":"Feature","id":33651,"geometry":null,"properties":{"OBJECTID":33651,"PermitNum":202005530,"IssuedDate":1596791580000,"StatusCurrent":"Final Inspection Made                                       ","ApplicationType":"Int/Ext Alteration","Description":"3,688 SF interior alteration to include demolition of existing floor finishes, ceiling, finishes, walls, HVAC and electrical. Furnish and install new finishes, HVAC, Electrical, break room sink, dishwasher, and ice maker box in accordance with Chris hope Engineering Plans CS, A-1, A-2, A-3, A-4, A-5 dated 03/23/2020; and M-1, M-2, E-1, E-2, and E-3 dated 03/20/2020.","TotalCost":300000,"FinalCO":"Y","FinalCODate":1611148860000,"CensusTract":"104.01 "}},{"type":"Feature","id":3214,"geometry":null,"properties":{"OBJECTID":3214,"PermitNum":202003713,"IssuedDate":1586863740000,"StatusCurrent":"Final Inspection Made                                       ","ApplicationType":"Int/Ext Alteration","Description":"Interior renovation for restaurant. New walls, ceiling, toilets, kitchen, equipment, hvac, gas, plumbing, and electrical. No fire alarm, no sprinkler.","TotalCost":200000,"FinalCO":"Y","FinalCODate":1597150080000,"CensusTract":"126.12 "}},{"type":"Feature","id":15368,"geometry":null,"properties":{"OBJECTID":15368,"PermitNum":202004631,"IssuedDate":1584444180000,"StatusCurrent":"Final Inspection Made                                       ","ApplicationType":"Repair","Description":"REPAIR - REHAB, LEAD REMEDIATION (ROOF, SIDING, WINDOWS, HANDRAIL, HVAC, ELECTRICAL, PLUMBING)","TotalCost":60173,"FinalCO":"Y","FinalCODate":1607593860000,"CensusTract":"112.00 "}},{"type":"Feature","id":19344,"geometry":null,"properties":{"OBJECTID":19344,"PermitNum":202002973,"IssuedDate":1582296120000,"StatusCurrent":"Final Inspection Made                                       ","ApplicationType":"Int/Ext Alteration","Description":"ALTERATIONS - INTERIOR/EXTERIOR PAINT, NEW SHINGLES, HVAC, CONVERTING OFFICE INTO A BEDROOM & CLOSET, BATHROOM REMODEL & NEW DOORWAY   \r\nOWNER - SUE CATHERINE (336-908-4196)","TotalCost":25000,"FinalCO":"Y","FinalCODate":1594893840000,"CensusTract":"107.02 "}},{"type":"Feature","id":23097,"geometry":null,"properties":{"OBJECTID":23097,"PermitNum":202000005,"IssuedDate":1582121580000,"StatusCurrent":"Final Inspection Made                                       ","ApplicationType":"Int/Ext Alteration","Description":"E-PLAN-- SELECTIVE DEMO AND REMODEL OF FINISHES, ADDITIONAL ELECTRICAL, HVAC AND SPRINKLER RELOCATES ON 9TH AND 10TH FLOORS","TotalCost":428000,"FinalCO":"Y","FinalCODate":1590479340000,"CensusTract":"108.00 "}},{"type":"Feature","id":8276,"geometry":null,"properties":{"OBJECTID":8276,"PermitNum":202001192,"IssuedDate":1579607160000,"StatusCurrent":"Final Inspection Made                                       ","ApplicationType":"Repair","Description":"Repairs due to fire damage also HVAC/Electrical/Plumbing\r\nRef expired permit 201607962","TotalCost":2250,"FinalCO":null,"FinalCODate":null,"CensusTract":"126.17 "}},{"type":"Feature","id":30847,"geometry":null,"properties":{"OBJECTID":30847,"PermitNum":201920329,"IssuedDate":1579177560000,"StatusCurrent":"Final Inspection Made                                       ","ApplicationType":"Int/Ext Alteration","Description":"E-Plan- Interior up-fit of two commercial bathrooms. Up-fit to include, new toilets in same location, new bathroom wall mount vanity with new fixtures, new FRP on the walls, new toilet partitions in same location. There are no changes to electrical of HVAC. There are no changes to the footprint of the bathroom spaces. There are only cosmetic changes and no framing changes.","TotalCost":56888,"FinalCO":"Y","FinalCODate":1585751820000,"CensusTract":"125.08 "}},{"type":"Feature","id":57369,"geometry":null,"properties":{"OBJECTID":57369,"PermitNum":201920352,"IssuedDate":1579171860000,"StatusCurrent":"Final Inspection Made                                       ","ApplicationType":"Int/Ext Alteration","Description":"E-PLAN. NEW ELECTRICAL EQUIPMENT ROOM, HVAC, POWER WIRING AND EQUIPMENT INSTALLATION.","TotalCost":209000,"FinalCO":"Y","FinalCODate":1589358420000,"CensusTract":"155.00 "}},{"type":"Feature","id":16434,"geometry":null,"properties":{"OBJECTID":16434,"PermitNum":201901599,"IssuedDate":1578325380000,"StatusCurrent":"Final Inspection Made                                       ","ApplicationType":"Int/Ext Alteration","Description":"This work includes the replacement of heating boilers and hot waters, and the relocation of a condensing unit onto the roof of the dining building.","TotalCost":1105000,"FinalCO":"Y","FinalCODate":1609233360000,"CensusTract":"126.01 "}},{"type":"Feature","id":44570,"geometry":null,"properties":{"OBJECTID":44570,"PermitNum":201919852,"IssuedDate":1578323700000,"StatusCurrent":"Final Inspection Made                                       ","ApplicationType":"Int/Ext Alteration","Description":"E-PLAN-- TENANT UPFIT IN EXISTING UNFINISHED SPACE. WORK TO INCLUDE STUDIO, TOLIET ROOM AND OFFICE WITH NEW ELECT SERVICE AND HVAC","TotalCost":0,"FinalCO":"Y","FinalCODate":1586783760000,"CensusTract":"125.10 "}},{"type":"Feature","id":27464,"geometry":null,"properties":{"OBJECTID":27464,"PermitNum":201919765,"IssuedDate":1577706960000,"StatusCurrent":"Final Inspection Made                                       ","ApplicationType":"Int/Ext Alteration","Description":"E-PLAN DEMOLITION OF EXISTING LINAC 4 INCLUDING ALL FINISHES, CEILINGS, MILLWORK, HVAC DUCT, CONCRETE FLOOR TRENCHES, INSTALL NEW ELECTRICAL REQUIREMENTS FOR NEW LINAC EQUIPMENT, NEW HVAC DUCT AND AIR DISTRIBUTION, NEW FLOORING, CEILING, WALL COVERINGS, MILLWORK.","TotalCost":282000,"FinalCO":"Y","FinalCODate":1587725340000,"CensusTract":"105.00 "}},{"type":"Feature","id":28274,"geometry":null,"properties":{"OBJECTID":28274,"PermitNum":201921484,"IssuedDate":1577448540000,"StatusCurrent":"Final Inspection Made                                       ","ApplicationType":"Int/Ext Alteration","Description":"Paint, floor clean out, hvac, roof","TotalCost":25000,"FinalCO":"Y","FinalCODate":1591257540000,"CensusTract":"109.00 "}},{"type":"Feature","id":31894,"geometry":null,"properties":{"OBJECTID":31894,"PermitNum":201919560,"IssuedDate":1576857600000,"StatusCurrent":"Final Inspection Made                                       ","ApplicationType":"Int/Ext Alteration","Description":"divide room into 2 offices, build tech room and demising wall. HVAC scope only involves relocating supply grills","TotalCost":85250,"FinalCO":"Y","FinalCODate":1581003240000,"CensusTract":"125.08 "}},{"type":"Feature","id":35385,"geometry":null,"properties":{"OBJECTID":35385,"PermitNum":201915355,"IssuedDate":1573126080000,"StatusCurrent":"Final Inspection Made                                       ","ApplicationType":"Int/Ext Alteration","Description":"E-PLAN-- 550 GSF INTERIOR UPFIT IN AN EXISTING BUILDING INCLUDING INTERIOR PARTITIONS HVAC ATTACHED TO EXISTING SYSTEM, NEW SUSPENDED CEILING.","TotalCost":34000,"FinalCO":"Y","FinalCODate":1579595880000,"CensusTract":"102.00 "}},{"type":"Feature","id":23032,"geometry":null,"properties":{"OBJECTID":23032,"PermitNum":201918579,"IssuedDate":1572446160000,"StatusCurrent":"Final Inspection Made                                       ","ApplicationType":"Int/Ext Alteration","Description":"STCPA pre-function space upfit center for the Performing Arts, which includes lighting, hvac distribution, plumbing associated with new bar, doors, walls, and glazing at corridor wall, and wall/floor/ceiling finishes within the Pre-Function space","TotalCost":982500,"FinalCO":"Y","FinalCODate":1584110520000,"CensusTract":"108.00 "}},{"type":"Feature","id":29108,"geometry":null,"properties":{"OBJECTID":29108,"PermitNum":201918239,"IssuedDate":1572341400000,"StatusCurrent":"Final Inspection Made                                       ","ApplicationType":"Int/Ext Alteration","Description":"INTERIOR ALTERATIONS--ROOF, HVAC, ELECTRICAL, PLUMBING, KITCHEN, BATHROOM & BEDROOMS","TotalCost":38300,"FinalCO":"Y","FinalCODate":1589184300000,"CensusTract":"108.00 "}},{"type":"Feature","id":12898,"geometry":null,"properties":{"OBJECTID":12898,"PermitNum":201916447,"IssuedDate":1572013380000,"StatusCurrent":"Final Inspection Made                                       ","ApplicationType":"Int/Ext Alteration","Description":"E-Plan HVAC, Electrical and plumbing work along with toilet accessories.","TotalCost":235000,"FinalCO":"Y","FinalCODate":1600355880000,"CensusTract":"113.00 "}},{"type":"Feature","id":23511,"geometry":null,"properties":{"OBJECTID":23511,"PermitNum":201918238,"IssuedDate":1572006180000,"StatusCurrent":"Final Inspection Made                                       ","ApplicationType":"Int/Ext Alteration","Description":"INTERIOR ALTERATIONS--  ROOF, HVAC, ELECTRICAL WORK/ PLUMBING-  BATHROOM, BEDROOMS","TotalCost":42500,"FinalCO":null,"FinalCODate":null,"CensusTract":"107.01 "}},{"type":"Feature","id":8113,"geometry":null,"properties":{"OBJECTID":8113,"PermitNum":201918194,"IssuedDate":1571934720000,"StatusCurrent":"Final Inspection Made                                       ","ApplicationType":"Int/Ext Alteration","Description":"interior alterations-- install roof/ upfit kitchen & bath, new HVAC system/ repair wiring.","TotalCost":12900,"FinalCO":"Y","FinalCODate":1579594440000,"CensusTract":"165.03 "}},{"type":"Feature","id":23111,"geometry":null,"properties":{"OBJECTID":23111,"PermitNum":201914692,"IssuedDate":1571837820000,"StatusCurrent":"Final Inspection Made                                       ","ApplicationType":"Int/Ext Alteration","Description":"E-Plan--minor renovations of the adjacent suite for use as additional file storage and file management team. works include drywall, finishes, casework, with minor HVAC & electrical works with sprinkler head change out to quick response. No Plumbing.","TotalCost":58600,"FinalCO":"Y","FinalCODate":1575273900000,"CensusTract":"108.00 "}},{"type":"Feature","id":4029,"geometry":null,"properties":{"OBJECTID":4029,"PermitNum":201917574,"IssuedDate":1571132760000,"StatusCurrent":"Final Inspection Made                                       ","ApplicationType":"Int/Ext Alteration","Description":"roof, 2 bathrooms repairs, windows, entry doors, HVAC/ electric upgrade","TotalCost":50904,"FinalCO":"Y","FinalCODate":1582792860000,"CensusTract":"126.09 "}},{"type":"Feature","id":11348,"geometry":null,"properties":{"OBJECTID":11348,"PermitNum":201914656,"IssuedDate":1571045400000,"StatusCurrent":"Final Inspection Made                                       ","ApplicationType":"Int/Ext Alteration","Description":"E-PLAN--PARTITIONS REVISED, TOILETS REVIED TO MEET ADA REQUIREMENTS, HVAC DUCTWORK/ LIGHT FIXTURES, RECEPTACLES REVISED IN ACCORDANCE WITH NEW LAY","TotalCost":80000,"FinalCO":"Y","FinalCODate":1580475420000,"CensusTract":"116.01 "}},{"type":"Feature","id":15168,"geometry":null,"properties":{"OBJECTID":15168,"PermitNum":201907839,"IssuedDate":1570199520000,"StatusCurrent":"Final Inspection Made                                       ","ApplicationType":"Int/Ext Alteration","Description":"Renovation of existing snack area of existing facility in order to expand the kitchen area. The scope of work includes demolition of an existing bar area, installation of additional light fixtures and receptacles. The scope of work also includes the installation of a new pizza oven, hood and two new walk in chillers.\r\nFinal Phase","TotalCost":100000,"FinalCO":"Y","FinalCODate":1574850060000,"CensusTract":"164.05 "}},{"type":"Feature","id":28653,"geometry":null,"properties":{"OBJECTID":28653,"PermitNum":201916917,"IssuedDate":1570118760000,"StatusCurrent":"Final Inspection Made                                       ","ApplicationType":"Int/Ext Alteration","Description":"INTERIOR ALTERATIONS-- KITCHEN REMODEL/ BATH, HVAC, LAUNDRY REMODEL","TotalCost":59000,"FinalCO":"Y","FinalCODate":1586339280000,"CensusTract":"109.00 "}},{"type":"Feature","id":29623,"geometry":null,"properties":{"OBJECTID":29623,"PermitNum":201908560,"IssuedDate":1564648680000,"StatusCurrent":"Final Inspection Made                                       ","ApplicationType":"Int/Ext Alteration","Description":"upfit of 1400 s.f. office space, demo walls, build new walls, add break room, light electrical, light hvac, relocate 1 horn strobe","TotalCost":32393,"FinalCO":"Y","FinalCODate":1567603620000,"CensusTract":"125.09 "}},{"type":"Feature","id":8170,"geometry":null,"properties":{"OBJECTID":8170,"PermitNum":201912430,"IssuedDate":1563964380000,"StatusCurrent":"Final Inspection Made                                       ","ApplicationType":"Int/Ext Alteration","Description":"Interior renovation of a portion of existing building.  Existing office space reconfigured to house police offices, along with associated reconfiguration of electrical, plumbing & mechanical systems.  HVAC rooftop units will be replaced as part of the renovation.","TotalCost":820000,"FinalCO":"Y","FinalCODate":1594813140000,"CensusTract":"126.04 "}},{"type":"Feature","id":40914,"geometry":null,"properties":{"OBJECTID":40914,"PermitNum":201910527,"IssuedDate":1561130580000,"StatusCurrent":"Final Inspection Made                                       ","ApplicationType":"Int/Ext Alteration","Description":"Canceled a bedroom to add master bath & make master bedroom bigger.   Combined two small bathrooms into one hallway bathroom.  replaced kitchen cabinets, water heater & hvac.    no plan review needed per Wanda Hovander.","TotalCost":28000,"FinalCO":"Y","FinalCODate":1561971780000,"CensusTract":"125.03 "}},{"type":"Feature","id":14861,"geometry":null,"properties":{"OBJECTID":14861,"PermitNum":201907850,"IssuedDate":1560417180000,"StatusCurrent":"Final Inspection Made                                       ","ApplicationType":"Int/Ext Alteration","Description":"Install HVAC, acoustical ceiling and lighting","TotalCost":39600,"FinalCO":"Y","FinalCODate":1570549200000,"CensusTract":"126.01 "}},{"type":"Feature","id":35979,"geometry":null,"properties":{"OBJECTID":35979,"PermitNum":201907731,"IssuedDate":1559822580000,"StatusCurrent":"Final Inspection Made                                       ","ApplicationType":"Int/Ext Alteration","Description":"Minor demo, drywall, finishes, hvac, and electrical.","TotalCost":47400,"FinalCO":"Y","FinalCODate":1563291180000,"CensusTract":"162.01 "}},{"type":"Feature","id":6620,"geometry":null,"properties":{"OBJECTID":6620,"PermitNum":201908694,"IssuedDate":1559032680000,"StatusCurrent":"Final Inspection Made                                       ","ApplicationType":"Addition","Description":"RETAIL WAREHOUSE-/ APPLICANCE/ hvac","TotalCost":0,"FinalCO":"Y","FinalCODate":1628163120000,"CensusTract":"128.04 "}},{"type":"Feature","id":12856,"geometry":null,"properties":{"OBJECTID":12856,"PermitNum":201907301,"IssuedDate":1557227100000,"StatusCurrent":"Final Inspection Made                                       ","ApplicationType":"Int/Ext Alteration","Description":"Lead remediation; roof; windows; hvac; elec. upgrade; cabinets; water & sewer repair; flooring            Ken   274-6813","TotalCost":77073,"FinalCO":"Y","FinalCODate":1576512600000,"CensusTract":"115.00 "}},{"type":"Feature","id":25676,"geometry":null,"properties":{"OBJECTID":25676,"PermitNum":201907155,"IssuedDate":1556900460000,"StatusCurrent":"Final Inspection Made                                       ","ApplicationType":"Int/Ext Alteration","Description":"Int. Alt.   Electrical, plumbing,  hvac,  framing,  flooring,  paint     Joe Moore    336-508-8907","TotalCost":100000,"FinalCO":"Y","FinalCODate":1570713540000,"CensusTract":"125.05 "}},{"type":"Feature","id":11809,"geometry":null,"properties":{"OBJECTID":11809,"PermitNum":201823882,"IssuedDate":1555581420000,"StatusCurrent":"Final Inspection Made                                       ","ApplicationType":"Int/Ext Alteration","Description":"E-PLAN-- INTERIOR UPFIT TO INCLUDE ARCHITECTURAL, PLUMBING, HVAC AND ELECTRICAL","TotalCost":180000,"FinalCO":"Y","FinalCODate":1568995980000,"CensusTract":"165.03 "}},{"type":"Feature","id":12765,"geometry":null,"properties":{"OBJECTID":12765,"PermitNum":201805586,"IssuedDate":1555057800000,"StatusCurrent":"Final Inspection Made                                       ","ApplicationType":"Int/Ext Alteration","Description":"interior alterations--new windows. roof. drywall, insulation, electrical upgrade, new HVAC , lead remediation","TotalCost":72446,"FinalCO":"Y","FinalCODate":1555510260000,"CensusTract":"116.01 "}},{"type":"Feature","id":7327,"geometry":null,"properties":{"OBJECTID":7327,"PermitNum":201903360,"IssuedDate":1554396720000,"StatusCurrent":"Final Inspection Made                                       ","ApplicationType":"Initial Up-Fit","Description":"E-PLAN. INSTALL INITIAL INTERIOR ELECTRICAL, PLUMBING AND HVAC SYSTEMS.","TotalCost":3500,"FinalCO":"Y","FinalCODate":1565872620000,"CensusTract":"126.09 "}},{"type":"Feature","id":7338,"geometry":null,"properties":{"OBJECTID":7338,"PermitNum":201903361,"IssuedDate":1554396660000,"StatusCurrent":"Final Inspection Made                                       ","ApplicationType":"Initial Up-Fit","Description":"E-PLAN. INSTALL INITIAL INTERIOR ELECTRICAL, PLUMBING AND HVAC SYSTEMS.","TotalCost":3500,"FinalCO":"Y","FinalCODate":1565872680000,"CensusTract":"126.09 "}},{"type":"Feature","id":7263,"geometry":null,"properties":{"OBJECTID":7263,"PermitNum":201903355,"IssuedDate":1554396660000,"StatusCurrent":"Final Inspection Made                                       ","ApplicationType":"Initial Up-Fit","Description":"E-PLAN. INSTALL INITIAL INTERIOR ELECTRICAL, PLUMBING AND HVAC SYSTEMS.","TotalCost":3500,"FinalCO":"Y","FinalCODate":1565872500000,"CensusTract":"126.09 "}},{"type":"Feature","id":7315,"geometry":null,"properties":{"OBJECTID":7315,"PermitNum":201903359,"IssuedDate":1554396660000,"StatusCurrent":"Final Inspection Made                                       ","ApplicationType":"Initial Up-Fit","Description":"E-PLAN. INSTALL INITIAL INTERIOR ELECTRICAL, PLUMBING AND HVAC SYSTEMS.","TotalCost":3500,"FinalCO":"Y","FinalCODate":1565872560000,"CensusTract":"126.09 "}},{"type":"Feature","id":51761,"geometry":null,"properties":{"OBJECTID":51761,"PermitNum":201904344,"IssuedDate":1553010300000,"StatusCurrent":"Final Inspection Made                                       ","ApplicationType":"Int/Ext Alteration","Description":"Rehab house: new roof, upstair electrical wiring; hvac replaced; insulate sheetrock     Kit  336-339-9342","TotalCost":21000,"FinalCO":"Y","FinalCODate":1570185060000,"CensusTract":"155.00 "}},{"type":"Feature","id":55957,"geometry":null,"properties":{"OBJECTID":55957,"PermitNum":201903784,"IssuedDate":1552056060000,"StatusCurrent":"Final Inspection Made                                       ","ApplicationType":"Int/Ext Alteration","Description":"Renovate entire house, bathrooms, kitchen, sheetrock, hvac, windows, plumbing, elec. etc.   not removing walls      Neil Pendry   336-399-780","TotalCost":55000,"FinalCO":"Y","FinalCODate":1562836620000,"CensusTract":"157.07 "}},{"type":"Feature","id":249,"geometry":null,"properties":{"OBJECTID":249,"PermitNum":201901446,"IssuedDate":1552039800000,"StatusCurrent":"Final Inspection Made                                       ","ApplicationType":"Int/Ext Alteration","Description":"Interior renovation of finance department, meeting room and corridor finishes (floor & paint). Replacement of light fixtures and HVAC diffusers.","TotalCost":98000,"FinalCO":"Y","FinalCODate":1555331820000,"CensusTract":"165.02 "}},{"type":"Feature","id":47935,"geometry":null,"properties":{"OBJECTID":47935,"PermitNum":201901728,"IssuedDate":1551717600000,"StatusCurrent":"Final Inspection Made                                       ","ApplicationType":"Int/Ext Alteration","Description":"paint, carpet, outlets relocate sink & toilet for ADA,  new sink next to existing dishwasher and T&B HVAC","TotalCost":36000,"FinalCO":"Y","FinalCODate":1554462060000,"CensusTract":"125.10 "}},{"type":"Feature","id":7304,"geometry":null,"properties":{"OBJECTID":7304,"PermitNum":201903358,"IssuedDate":1551436020000,"StatusCurrent":"Final Inspection Made                                       ","ApplicationType":"Initial Up-Fit","Description":"E-PLAN. INSTALL INITIAL INTERIOR ELECTRICAL, PLUMBING AND HVAC SYSTEMS.","TotalCost":3500,"FinalCO":"Y","FinalCODate":1565872500000,"CensusTract":"126.09 "}},{"type":"Feature","id":7282,"geometry":null,"properties":{"OBJECTID":7282,"PermitNum":201903357,"IssuedDate":1551435960000,"StatusCurrent":"Final Inspection Made                                       ","ApplicationType":"Initial Up-Fit","Description":"E-PLAN. INSTALL INITIAL INTERIOR ELECTRICAL, PLUMBING AND HVAC SYSTEMS.","TotalCost":3500,"FinalCO":"Y","FinalCODate":1565873580000,"CensusTract":"126.09 "}},{"type":"Feature","id":9566,"geometry":null,"properties":{"OBJECTID":9566,"PermitNum":201902831,"IssuedDate":1550572920000,"StatusCurrent":"Final Inspection Made                                       ","ApplicationType":"Repair","Description":"Repairs to fire damage;  sheetrock, electrical, replace HVAC duck, floor coverings, paint, insulation, plumbing      Jimmy   336-399-2451","TotalCost":25000,"FinalCO":"Y","FinalCODate":1556889960000,"CensusTract":"116.02 "}},{"type":"Feature","id":24860,"geometry":null,"properties":{"OBJECTID":24860,"PermitNum":201817966,"IssuedDate":1549361400000,"StatusCurrent":"Final Inspection Made                                       ","ApplicationType":"Int/Ext Alteration","Description":"E-PLAN. INTERIOR DEMO, NEW FINISHES, FIXTURES, HVAC, ELECTRICAL, PLUMBING. FAMILY DOLLAR.","TotalCost":153374,"FinalCO":"Y","FinalCODate":1556195100000,"CensusTract":"161.02 "}},{"type":"Feature","id":13914,"geometry":null,"properties":{"OBJECTID":13914,"PermitNum":201901447,"IssuedDate":1548763440000,"StatusCurrent":"Final Inspection Made                                       ","ApplicationType":"Repair","Description":"Lead remediation, floor joist repair, flooring drywall, roof, Ext door , Int door, HVAC system","TotalCost":46944,"FinalCO":"Y","FinalCODate":1554799320000,"CensusTract":"111.02 "}},{"type":"Feature","id":35665,"geometry":null,"properties":{"OBJECTID":35665,"PermitNum":201820082,"IssuedDate":1544716140000,"StatusCurrent":"Final Inspection Made                                       ","ApplicationType":"Int/Ext Alteration","Description":"Interior construction addition with metal stud walls and ceiling, electrical as required and HVAC exhaust.","TotalCost":167000,"FinalCO":"Y","FinalCODate":1549361100000,"CensusTract":"162.01 "}},{"type":"Feature","id":37598,"geometry":null,"properties":{"OBJECTID":37598,"PermitNum":201820720,"IssuedDate":1544107920000,"StatusCurrent":"Final Inspection Made                                       ","ApplicationType":"Int/Ext Alteration","Description":"interior renovations--, some plumbing and electrical, no HVAC work mostly finishes.","TotalCost":164263,"FinalCO":"Y","FinalCODate":1552991280000,"CensusTract":"125.08 "}},{"type":"Feature","id":21462,"geometry":null,"properties":{"OBJECTID":21462,"PermitNum":201821688,"IssuedDate":1541605260000,"StatusCurrent":"Final Inspection Made                                       ","ApplicationType":"Int/Ext Alteration","Description":"interior alterations-- remodel  (2) bathrooms, kitchen/ replace  (2) hvac  units","TotalCost":45000,"FinalCO":null,"FinalCODate":null,"CensusTract":"106.02 "}},{"type":"Feature","id":10755,"geometry":null,"properties":{"OBJECTID":10755,"PermitNum":201819626,"IssuedDate":1541508480000,"StatusCurrent":"Final Inspection Made                                       ","ApplicationType":"Int/Ext Alteration","Description":"E-PLAN. SHEETROCK WALLS, DOORS ELEC, PLBG, HVAC, PAINT AND CARPET.","TotalCost":55969,"FinalCO":"Y","FinalCODate":1546433040000,"CensusTract":"116.02 "}},{"type":"Feature","id":19524,"geometry":null,"properties":{"OBJECTID":19524,"PermitNum":201819597,"IssuedDate":1541415540000,"StatusCurrent":"Final Inspection Made                                       ","ApplicationType":"Int/Ext Alteration","Description":"E-PLAN. UPFIT TO HVAC, ELECTRICAL AND FINISHES TO ROOM #24. FIRE ALARM, LIFE SAFETY/EGRESS.","TotalCost":50000,"FinalCO":null,"FinalCODate":null,"CensusTract":"160.11 "}},{"type":"Feature","id":11061,"geometry":null,"properties":{"OBJECTID":11061,"PermitNum":201819669,"IssuedDate":1540905000000,"StatusCurrent":"Final Inspection Made                                       ","ApplicationType":"Int/Ext Alteration","Description":"E-PLAN. INTERIOR UPFIT OF OFFICE SPACE TO INCLUDE FINISHES, ELECTRICAL & HVAC. NO PLUMBING, SOME DEMO.","TotalCost":77117,"FinalCO":"Y","FinalCODate":1543488180000,"CensusTract":"126.07 "}},{"type":"Feature","id":5351,"geometry":null,"properties":{"OBJECTID":5351,"PermitNum":201819668,"IssuedDate":1540304640000,"StatusCurrent":"Final Inspection Made                                       ","ApplicationType":"Int/Ext Alteration","Description":"E-PLAN. INTERIOR WORK OF OFFICE SPACE TO INCLUDE FINISHES, ELECTRICAL NO HVAC.","TotalCost":33500,"FinalCO":"Y","FinalCODate":1543826100000,"CensusTract":"128.04 "}},{"type":"Feature","id":50942,"geometry":null,"properties":{"OBJECTID":50942,"PermitNum":201814904,"IssuedDate":1538666340000,"StatusCurrent":"Final Inspection Made                                       ","ApplicationType":"Int/Ext Alteration","Description":"Remove some areas of lay-in ceiling making it open to the deck, changing some lighting fixtures.  No new HVAC equipment, changing flex to some side grills.  adding one new sink in coffee bar area,  mostly all finishes","TotalCost":484387,"FinalCO":"Y","FinalCODate":1546600920000,"CensusTract":"160.03 "}},{"type":"Feature","id":20279,"geometry":null,"properties":{"OBJECTID":20279,"PermitNum":201816849,"IssuedDate":1538649720000,"StatusCurrent":"Final Inspection Made                                       ","ApplicationType":"Int/Ext Alteration","Description":"Renovation of  former Rite Aid to  Goodwill Industries Store , New interior upfit, bathroom replacements, re-roof, extended drive- thru. New HVAC, new lighting.","TotalCost":590000,"FinalCO":"Y","FinalCODate":1547465400000,"CensusTract":"161.03 "}},{"type":"Feature","id":20852,"geometry":null,"properties":{"OBJECTID":20852,"PermitNum":201809245,"IssuedDate":1537439940000,"StatusCurrent":"Final Inspection Made                                       ","ApplicationType":"Int/Ext Alteration","Description":"This is a model of the hotel room for approval by others. The HVAC, plumbing, and sprinkler systems will NOT be connected to utilities (they will be inactive). The electrical components will be connected to existing electrical system and will be hot. This will be stand-alone inside of an existing building.\r\n","TotalCost":120000,"FinalCO":"Y","FinalCODate":1552991520000,"CensusTract":"108.00 "}},{"type":"Feature","id":32919,"geometry":null,"properties":{"OBJECTID":32919,"PermitNum":201818435,"IssuedDate":1537189140000,"StatusCurrent":"Final Inspection Made                                       ","ApplicationType":"Int/Ext Alteration","Description":"Fire damage, replace drywall, electrical, plumbing and HVAC","TotalCost":60000,"FinalCO":"Y","FinalCODate":1553501340000,"CensusTract":"127.06 "}},{"type":"Feature","id":50738,"geometry":null,"properties":{"OBJECTID":50738,"PermitNum":201814934,"IssuedDate":1536156240000,"StatusCurrent":"Final Inspection Made                                       ","ApplicationType":"Int/Ext Alteration","Description":"Upfit area of 1,306 s.f. including removal of existing walls, construction of new off walls, rework ceing grid  and lighting, relocating and add electric outlets, relocate HVAC diffusers and install sink.","TotalCost":60000,"FinalCO":"Y","FinalCODate":1541591940000,"CensusTract":"157.03 "}},{"type":"Feature","id":24306,"geometry":null,"properties":{"OBJECTID":24306,"PermitNum":201811360,"IssuedDate":1530547680000,"StatusCurrent":"Final Inspection Made                                       ","ApplicationType":"Int/Ext Alteration","Description":"PLEASE EXPEDITE REVIEW* Tenant Up Fit. Demo existing ceiling height walls, existing acoustic ceiling tiles, existing carpet, Existing vct, existing acrylic lens 2x4 T-8 light fixtures, existing cabinetry. Existing Plumbing to remain. Install new ceiling height walls, new acoustic ceiling tiles, new carpet, new lvt, new LED 2x4 light fixtures, new electrical sub-panel, new ADA compliant break room & work area cabin cabinetry. Install new HVAC fan powered VAV box.","TotalCost":80428,"FinalCO":null,"FinalCODate":null,"CensusTract":"164.05 "}},{"type":"Feature","id":13331,"geometry":null,"properties":{"OBJECTID":13331,"PermitNum":201810730,"IssuedDate":1530528480000,"StatusCurrent":"Final Inspection Made                                       ","ApplicationType":"Int/Ext Alteration","Description":"REPLACE HVAC EQUIPMENT","TotalCost":101900,"FinalCO":null,"FinalCODate":null,"CensusTract":"111.02 "}},{"type":"Feature","id":11353,"geometry":null,"properties":{"OBJECTID":11353,"PermitNum":201812532,"IssuedDate":1529680440000,"StatusCurrent":"Final Inspection Made                                       ","ApplicationType":"Repair","Description":"Tornado Damage Repairs -- roof; walls;  new elec. plmb. hvac     Johnny   336-580-1897","TotalCost":60000,"FinalCO":"Y","FinalCODate":1550486460000,"CensusTract":"111.02 "}},{"type":"Feature","id":15133,"geometry":null,"properties":{"OBJECTID":15133,"PermitNum":201804549,"IssuedDate":1529502360000,"StatusCurrent":"Final Inspection Made                                       ","ApplicationType":"Int/Ext Alteration","Description":"E-PLAN. HVAC RENOVATIONS TO REPLACE CHILLER PLANT, DEDICATED OUTSIDE AIR VENTILATION SYSTEMS, REPLACE CEILINGS AND LIGHTS.","TotalCost":1300000,"FinalCO":null,"FinalCODate":null,"CensusTract":"111.02 "}},{"type":"Feature","id":12496,"geometry":null,"properties":{"OBJECTID":12496,"PermitNum":201811882,"IssuedDate":1528887720000,"StatusCurrent":"Final Inspection Made                                       ","ApplicationType":"Repair","Description":"Tornado storm damage repairs; rebuild walls & roof, replace electric, hvac & plumbing   Jeff   336-501-2847","TotalCost":140000,"FinalCO":"Y","FinalCODate":1547039100000,"CensusTract":"111.02 "}},{"type":"Feature","id":24277,"geometry":null,"properties":{"OBJECTID":24277,"PermitNum":201811043,"IssuedDate":1528279320000,"StatusCurrent":"Final Inspection Made                                       ","ApplicationType":"Int/Ext Alteration","Description":"Replace roof, foundation wall, flooring,  hvac, water/sewer lines, electrical service upgrade, floor joist replacement, vinyl siding, windows         Ken  336-274-6813","TotalCost":97363,"FinalCO":"Y","FinalCODate":1549538880000,"CensusTract":"127.07 "}},{"type":"Feature","id":19522,"geometry":null,"properties":{"OBJECTID":19522,"PermitNum":201808810,"IssuedDate":1527612060000,"StatusCurrent":"Final Inspection Made                                       ","ApplicationType":"Int/Ext Alteration","Description":"Interior finishes in back office area, addition of new single bathroom, upgrades to electrical fixtures and HVAC system serving back area","TotalCost":312636,"FinalCO":"Y","FinalCODate":1536233820000,"CensusTract":"160.11 "}},{"type":"Feature","id":53333,"geometry":null,"properties":{"OBJECTID":53333,"PermitNum":201810582,"IssuedDate":1527609660000,"StatusCurrent":"Final Inspection Made                                       ","ApplicationType":"Int/Ext Alteration","Description":"interior alterations--replace windows/ front & back doors/ electrical, plumbing, repairs HVAC repairs","TotalCost":20500,"FinalCO":"Y","FinalCODate":1537171500000,"CensusTract":"157.04 "}},{"type":"Feature","id":30180,"geometry":null,"properties":{"OBJECTID":30180,"PermitNum":201809629,"IssuedDate":1526655000000,"StatusCurrent":"Final Inspection Made                                       ","ApplicationType":"Int/Ext Alteration","Description":"E-PLAN. DEMO INTERIOR WALLS, REDO FINISHES, SOME ELECTRICAL, HVAC REGISTERS AND 2 RESTROOMS. ADS-ALCOHOL & DRUG SERVICES.","TotalCost":275300,"FinalCO":"Y","FinalCODate":1531225380000,"CensusTract":"108.00 "}},{"type":"Feature","id":12576,"geometry":null,"properties":{"OBJECTID":12576,"PermitNum":201807738,"IssuedDate":1526644080000,"StatusCurrent":"Final Inspection Made                                       ","ApplicationType":"Int/Ext Alteration","Description":"First time interior completion for nail salon, includes new walls , ceilings toilets, HVAC, plumbing, electrical, fire alarm and sprinkler.","TotalCost":78500,"FinalCO":null,"FinalCODate":null,"CensusTract":"165.03 "}},{"type":"Feature","id":37292,"geometry":null,"properties":{"OBJECTID":37292,"PermitNum":201806857,"IssuedDate":1525860180000,"StatusCurrent":"Final Inspection Made                                       ","ApplicationType":"Int/Ext Alteration","Description":"Interior alterations, demo wall, add new wall, add minor electrical & HVAC, replace waterheater and add sink and hi low waterheater.","TotalCost":13500,"FinalCO":"Y","FinalCODate":1536833280000,"CensusTract":"102.00 "}},{"type":"Feature","id":39067,"geometry":null,"properties":{"OBJECTID":39067,"PermitNum":201807786,"IssuedDate":1523968320000,"StatusCurrent":"Final Inspection Made                                       ","ApplicationType":"Int/Ext Alteration","Description":"interior alterations--remodel, paint flooring, bathrooms, countertops, appliances, roofing HVAC windows","TotalCost":105686,"FinalCO":"Y","FinalCODate":1529682900000,"CensusTract":"125.09 "}},{"type":"Feature","id":7904,"geometry":null,"properties":{"OBJECTID":7904,"PermitNum":201715426,"IssuedDate":1523532720000,"StatusCurrent":"Final Inspection Made                                       ","ApplicationType":"Int/Ext Alteration","Description":"Minor interior alteration to construct interior partitions 24' below existing ceiling to allow sprinklers to remain. All rooms have magnetic locks with an emergency override switch. All existing lighting and HVAC to remain.","TotalCost":45000,"FinalCO":"Y","FinalCODate":1544018580000,"CensusTract":"126.10 "}},{"type":"Feature","id":22015,"geometry":null,"properties":{"OBJECTID":22015,"PermitNum":201806904,"IssuedDate":1522338660000,"StatusCurrent":"Final Inspection Made                                       ","ApplicationType":"Int/Ext Alteration","Description":"Redoing wiring, plumbing, hvac  in hallway and bathroom.   painting.     Tim Reed   336-803-0416","TotalCost":17000,"FinalCO":"Y","FinalCODate":1528893000000,"CensusTract":"126.01 "}},{"type":"Feature","id":47391,"geometry":null,"properties":{"OBJECTID":47391,"PermitNum":201805678,"IssuedDate":1521022380000,"StatusCurrent":"Final Inspection Made                                       ","ApplicationType":"Int/Ext Alteration","Description":"finish attic space, walls, (plumbing, electrical & HVAC  already roughed in) \r\nowner John  Bambic-- 414-732-7483","TotalCost":13000,"FinalCO":"Y","FinalCODate":1549527720000,"CensusTract":"125.10 "}},{"type":"Feature","id":23856,"geometry":null,"properties":{"OBJECTID":23856,"PermitNum":201801809,"IssuedDate":1517907360000,"StatusCurrent":"Final Inspection Made                                       ","ApplicationType":"Int/Ext Alteration","Description":"E-PLAN. EXPANDING WOMEN'S RESTROOM STALLS INCLUDES PLUMBING, BUT NO HVAC AND ELECTRICAL.","TotalCost":39600,"FinalCO":"Y","FinalCODate":1520594760000,"CensusTract":"108.00 "}},{"type":"Feature","id":10959,"geometry":null,"properties":{"OBJECTID":10959,"PermitNum":201801641,"IssuedDate":1515751560000,"StatusCurrent":"Final Inspection Made                                       ","ApplicationType":"Int/Ext Alteration","Description":"INTERIOR ALTERATIONS--REMODEL KITCHEN, BAHROOMS, UPDATE PLUMBING, HVAC & ELECTRICAL\r\n(ROY -919-638-9337)","TotalCost":20000,"FinalCO":"Y","FinalCODate":1553864340000,"CensusTract":"113.00 "}},{"type":"Feature","id":46317,"geometry":null,"properties":{"OBJECTID":46317,"PermitNum":201717314,"IssuedDate":1515413820000,"StatusCurrent":"Final Inspection Made                                       ","ApplicationType":"Int/Ext Alteration","Description":"Interior replacement of items such as countertops, flooring, select doors, painting, select cabinets, appliances, blinds, HVAC unit, water heater, plumbing fixtures, light fixtures. Seal asphalt, new playground,sidewalks, decks\r\n","TotalCost":2824012,"FinalCO":null,"FinalCODate":null,"CensusTract":"127.03 "}},{"type":"Feature","id":16814,"geometry":null,"properties":{"OBJECTID":16814,"PermitNum":201717313,"IssuedDate":1515408420000,"StatusCurrent":"Final Inspection Made                                       ","ApplicationType":"Int/Ext Alteration","Description":"Interior replacement of items such as countertops, flooring, select doors, painting, select cabinets, appliances, blinds, HVAC unit, water heater, plumbing fixtures, light fixtures. Seal asphalt, new playground,sidewalks, decks","TotalCost":8850497,"FinalCO":null,"FinalCODate":null,"CensusTract":"112.00 "}},{"type":"Feature","id":46435,"geometry":null,"properties":{"OBJECTID":46435,"PermitNum":201717315,"IssuedDate":1515406140000,"StatusCurrent":"Final Inspection Made                                       ","ApplicationType":"Int/Ext Alteration","Description":"Interior AlterationsInterior replacement of items such as countertops, flooring, select doors, painting, select cabinets, appliances, blinds, HVAC unit, water heater, plumbing fixtures, light fixtures. Seal asphalt, new playground,sidewalks, decks","TotalCost":2400833,"FinalCO":null,"FinalCODate":null,"CensusTract":"157.05 "}},{"type":"Feature","id":52964,"geometry":null,"properties":{"OBJECTID":52964,"PermitNum":201717312,"IssuedDate":1515402300000,"StatusCurrent":"Final Inspection Made                                       ","ApplicationType":"Int/Ext Alteration","Description":"Interior  Alterations-Interior replacement of items such as countertops, flooring, select doors, painting, select cabinets, appliances, blinds, HVAC unit, water heater, plumbing fixtures, light fixtures. Seal asphalt, new playground,sidewalks, decks\r\n","TotalCost":2466908,"FinalCO":null,"FinalCODate":null,"CensusTract":"119.04 "}},{"type":"Feature","id":20806,"geometry":null,"properties":{"OBJECTID":20806,"PermitNum":201717310,"IssuedDate":1515399900000,"StatusCurrent":"Final Inspection Made                                       ","ApplicationType":"Int/Ext Alteration","Description":"Interior replacement of items such as countertops, flooring, select doors, painting, select cabinets, appliances, blinds, HVAC unit, water heater, plumbing fixtures, light fixtures. Seal asphalt, new playground,sidewalks, decks","TotalCost":2612510,"FinalCO":null,"FinalCODate":null,"CensusTract":"161.03 "}},{"type":"Feature","id":8772,"geometry":null,"properties":{"OBJECTID":8772,"PermitNum":201717402,"IssuedDate":1515398520000,"StatusCurrent":"Final Inspection Made                                       ","ApplicationType":"Int/Ext Alteration","Description":"Interior replacement of items such as countertops, flooring, select doors, painting, select cabinets, appliances, blinds, HVAC unit, water heater, plumbing fixtures, light fixtures. Seal asphalt, new playground,sidewalks, decks\r\n","TotalCost":2517953,"FinalCO":"Y","FinalCODate":1561535100000,"CensusTract":"126.08 "}},{"type":"Feature","id":26022,"geometry":null,"properties":{"OBJECTID":26022,"PermitNum":201717308,"IssuedDate":1515169980000,"StatusCurrent":"Final Inspection Made                                       ","ApplicationType":"Int/Ext Alteration","Description":"select doors, painting select cabinets, appliances, blinds, HVAC unit, waterheater, plumbing fixtures, light fixtures, Seal asphalt, new playground, sidewalks, decks","TotalCost":2851142,"FinalCO":"Y","FinalCODate":1560958680000,"CensusTract":"161.02 "}},{"type":"Feature","id":39540,"geometry":null,"properties":{"OBJECTID":39540,"PermitNum":201717311,"IssuedDate":1515166320000,"StatusCurrent":"Final Inspection Made                                       ","ApplicationType":"Int/Ext Alteration","Description":"Interior replacement of items such as countertops, flooring, select doors, painting, select cabinets, appliances, blinds, HVAC unit, water heater, plumbing fixtures, light fixtures. Seal asphalt, new playground,sidewalks, decks\r\n","TotalCost":3411203,"FinalCO":null,"FinalCODate":null,"CensusTract":"102.00 "}},{"type":"Feature","id":38464,"geometry":null,"properties":{"OBJECTID":38464,"PermitNum":201718949,"IssuedDate":1513244280000,"StatusCurrent":"Final Inspection Made                                       ","ApplicationType":"Int/Ext Alteration","Description":"interior upfit including minor plumbing, HVAC & electrical work to existing shell building.","TotalCost":26000,"FinalCO":"Y","FinalCODate":1517318820000,"CensusTract":"104.03 "}},{"type":"Feature","id":53974,"geometry":null,"properties":{"OBJECTID":53974,"PermitNum":201722006,"IssuedDate":1513091700000,"StatusCurrent":"Final Inspection Made                                       ","ApplicationType":"Int/Ext Alteration","Description":"new kitchen cabinets, hvac changeout, change out bathtub up bath; change out shower down bath    Chris Collins   336-989-1469","TotalCost":6500,"FinalCO":"Y","FinalCODate":1520427720000,"CensusTract":"157.06 "}},{"type":"Feature","id":25803,"geometry":null,"properties":{"OBJECTID":25803,"PermitNum":201717612,"IssuedDate":1513079100000,"StatusCurrent":"Final Inspection Made                                       ","ApplicationType":"Int/Ext Alteration","Description":"Floor-1 change of use from business to A-2. Firs 2-3 will remain business. Fire sprinkler, new rear entrance, new public toilets HVAC , electrical","TotalCost":300000,"FinalCO":"Y","FinalCODate":1527175800000,"CensusTract":"109.00 "}},{"type":"Feature","id":20159,"geometry":null,"properties":{"OBJECTID":20159,"PermitNum":201718065,"IssuedDate":1509541080000,"StatusCurrent":"Final Inspection Made                                       ","ApplicationType":"Int/Ext Alteration","Description":"Alteration of existing tenant space in existing business office building. Limited demolition including the removal from sections of partitions and reconfiguration of partitions. Some new ACT ceilings in rooms where partitions altered. Existing light fixtures, HVAC ceiling diffusers and grille are to be re-used in new ACT ceilings in as close to same locations as prior as possible.\r\n","TotalCost":48300,"FinalCO":"Y","FinalCODate":1521727920000,"CensusTract":"126.01 "}},{"type":"Feature","id":2175,"geometry":null,"properties":{"OBJECTID":2175,"PermitNum":201718152,"IssuedDate":1509362760000,"StatusCurrent":"Final Inspection Made                                       ","ApplicationType":"Initial Up-Fit","Description":"UP FIT--UPFIT FOR MEDICAL OFFICE IN NEVER-OCCUPIED SPACE IN SHOOPING CENER, HVAC EXISTING, SLAB EXISTING, PLUMBING ROUGH IN EXISTING, AND ELECTRIC STUBBED OUT.","TotalCost":250000,"FinalCO":null,"FinalCODate":null,"CensusTract":"168.00 "}},{"type":"Feature","id":28222,"geometry":null,"properties":{"OBJECTID":28222,"PermitNum":201715899,"IssuedDate":1507814160000,"StatusCurrent":"Final Inspection Made                                       ","ApplicationType":"Int/Ext Alteration","Description":"E-PLAN. REFRESH APRKING AREA, EXTERIOR PAINTING AND OFFICE RENOVATION. INCLUDING: FLOORING, PAINT, HVAC, NEW LIGHTS, NEW ADA RESTROOM.","TotalCost":123000,"FinalCO":"Y","FinalCODate":1520594760000,"CensusTract":"127.07 "}},{"type":"Feature","id":42980,"geometry":null,"properties":{"OBJECTID":42980,"PermitNum":201718037,"IssuedDate":1507214220000,"StatusCurrent":"Final Inspection Made                                       ","ApplicationType":"Int/Ext Alteration","Description":"interior alterations- replace damaged wall framing. replace HVAC upgrade electrical, install kitchen cabinets, replace waterheater, replace windows","TotalCost":13000,"FinalCO":"Y","FinalCODate":1519302900000,"CensusTract":"127.04 "}},{"type":"Feature","id":15627,"geometry":null,"properties":{"OBJECTID":15627,"PermitNum":201717869,"IssuedDate":1507114380000,"StatusCurrent":"Final Inspection Made                                       ","ApplicationType":"Int/Ext Alteration","Description":"Interior Alterations    renovate 2 bathrooms, kitchen and hvac     contact  todd  336253-8633","TotalCost":18000,"FinalCO":"Y","FinalCODate":1528905060000,"CensusTract":"106.01 "}},{"type":"Feature","id":28442,"geometry":null,"properties":{"OBJECTID":28442,"PermitNum":201717649,"IssuedDate":1506958620000,"StatusCurrent":"Final Inspection Made                                       ","ApplicationType":"Int/Ext Alteration","Description":"interior alterations--bathroom, kitchen remodel, roof, paint, electrical, plumbing, HVAC updates","TotalCost":80000,"FinalCO":"Y","FinalCODate":1516869780000,"CensusTract":"125.05 "}},{"type":"Feature","id":33605,"geometry":null,"properties":{"OBJECTID":33605,"PermitNum":201712984,"IssuedDate":1504785840000,"StatusCurrent":"Final Inspection Made                                       ","ApplicationType":"Int/Ext Alteration","Description":"E-PLAN. NEW INTERIOR PLUMBING, ELECTRICAL FIXTURES, ADDED HVAC EQUIPMENT AND NEW FINISHES THROUGHOUT.","TotalCost":6000000,"FinalCO":"Y","FinalCODate":1567690080000,"CensusTract":"161.01 "}},{"type":"Feature","id":26057,"geometry":null,"properties":{"OBJECTID":26057,"PermitNum":201715799,"IssuedDate":1504101840000,"StatusCurrent":"Final Inspection Made                                       ","ApplicationType":"Int/Ext Alteration","Description":"INTERIOR ALTERATIONS- BATHROOMS -REPLACE HVAC, REPAIR PLASTER, PLUMBING & ELECTRICAL, CLOSET\r\nOWNER- RAYMOND HUNT-804-396-5578","TotalCost":41000,"FinalCO":"Y","FinalCODate":1542285000000,"CensusTract":"109.00 "}},{"type":"Feature","id":4094,"geometry":null,"properties":{"OBJECTID":4094,"PermitNum":201713795,"IssuedDate":1501687440000,"StatusCurrent":"Final Inspection Made                                       ","ApplicationType":"Int/Ext Alteration","Description":"Replacement of fire damage walls, ceilings, new bathrooms, electrical and hvac     contact: Chad  828-263-7856.     This application falls under reviewed stamped plan number  2017-0640   TCI FORM ON FILE IN OFFICE","TotalCost":114550,"FinalCO":"Y","FinalCODate":1512640800000,"CensusTract":"126.09 "}},{"type":"Feature","id":52371,"geometry":null,"properties":{"OBJECTID":52371,"PermitNum":201712745,"IssuedDate":1500458760000,"StatusCurrent":"Final Inspection Made                                       ","ApplicationType":"Int/Ext Alteration","Description":"Int. Alt.   Kitchen cabinets, vinyl floor, new hvac, bath plumbing fixtures    contact:  Ken   336-274-6813","TotalCost":22317,"FinalCO":"Y","FinalCODate":1512641400000,"CensusTract":"119.04 "}},{"type":"Feature","id":41622,"geometry":null,"properties":{"OBJECTID":41622,"PermitNum":201712213,"IssuedDate":1499701620000,"StatusCurrent":"Final Inspection Made                                       ","ApplicationType":"Int/Ext Alteration","Description":"tenant upfit in existing space, existing electrical service, replace HVAC RTU unit, modify restroom, new walls & finishes.","TotalCost":121956,"FinalCO":"Y","FinalCODate":1512641220000,"CensusTract":"125.08 "}},{"type":"Feature","id":16794,"geometry":null,"properties":{"OBJECTID":16794,"PermitNum":201710123,"IssuedDate":1498051980000,"StatusCurrent":"Final Inspection Made                                       ","ApplicationType":"Int/Ext Alteration","Description":"E-PLAN. INTERIOR RENOVATIONS, NEW HVAC SYSTEM IN THE SALES AREA.","TotalCost":153542,"FinalCO":"Y","FinalCODate":1502278140000,"CensusTract":"114.00 "}},{"type":"Feature","id":7690,"geometry":null,"properties":{"OBJECTID":7690,"PermitNum":201711129,"IssuedDate":1497880560000,"StatusCurrent":"Final Inspection Made                                       ","ApplicationType":"Int/Ext Alteration","Description":"interior alterations--roofing, new HVAC, kitchen cabinets, bath remodel","TotalCost":11500,"FinalCO":"Y","FinalCODate":1512576900000,"CensusTract":"126.10 "}},{"type":"Feature","id":57756,"geometry":null,"properties":{"OBJECTID":57756,"PermitNum":201709525,"IssuedDate":1497360300000,"StatusCurrent":"Final Inspection Made                                       ","ApplicationType":"Int/Ext Alteration","Description":"508 sq ft. modular room with HVAC, power and lights. Reference the Fastball Project\r\nplan number # 2016-2340.","TotalCost":575926,"FinalCO":"Y","FinalCODate":1543420440000,"CensusTract":"155.00 "}},{"type":"Feature","id":6675,"geometry":null,"properties":{"OBJECTID":6675,"PermitNum":201706309,"IssuedDate":1497284400000,"StatusCurrent":"Final Inspection Made                                       ","ApplicationType":"Int/Ext Alteration","Description":"HVAC Renovation","TotalCost":600000,"FinalCO":null,"FinalCODate":null,"CensusTract":"126.09 "}},{"type":"Feature","id":43073,"geometry":null,"properties":{"OBJECTID":43073,"PermitNum":201707897,"IssuedDate":1495016160000,"StatusCurrent":"Final Inspection Made                                       ","ApplicationType":"Int/Ext Alteration","Description":"Renovations of the existing suite. Work includes drywall demo, new metal stud walls, electrical, finishes and HVAC.","TotalCost":125000,"FinalCO":"Y","FinalCODate":1512560040000,"CensusTract":"162.01 "}},{"type":"Feature","id":38973,"geometry":null,"properties":{"OBJECTID":38973,"PermitNum":201708060,"IssuedDate":1493712480000,"StatusCurrent":"Final Inspection Made                                       ","ApplicationType":"Int/Ext Alteration","Description":"Modular office space within our existing warehouse, HVAC installation, electrical work, fire & life safety\r\ncontact John Drew- 336-408-2906 or Mary Beth Hunsberger- 336-554-7191","TotalCost":25690,"FinalCO":"Y","FinalCODate":1512560160000,"CensusTract":"162.01 "}},{"type":"Feature","id":11478,"geometry":null,"properties":{"OBJECTID":11478,"PermitNum":201708024,"IssuedDate":1493644920000,"StatusCurrent":"Final Inspection Made                                       ","ApplicationType":"Int/Ext Alteration","Description":"VANILLA BOX----partitions, flooring, ceiling, toilets, plumbing, hvac and electrical systems relative to four (1) space","TotalCost":0,"FinalCO":"Y","FinalCODate":1523873100000,"CensusTract":"116.01 "}},{"type":"Feature","id":14193,"geometry":null,"properties":{"OBJECTID":14193,"PermitNum":201706752,"IssuedDate":1493215260000,"StatusCurrent":"Final Inspection Made                                       ","ApplicationType":"Int/Ext Alteration","Description":"INTERIOR RENOVATIONS, FINISHING AND REPLACING HVAC SYSTEM.","TotalCost":265263,"FinalCO":"Y","FinalCODate":1512570300000,"CensusTract":"114.00 "}},{"type":"Feature","id":30191,"geometry":null,"properties":{"OBJECTID":30191,"PermitNum":201703252,"IssuedDate":1493212740000,"StatusCurrent":"Final Inspection Made                                       ","ApplicationType":"Int/Ext Alteration","Description":"Non-structural interior demolition, new HVAC equipment and ductwork, new restrooms, interior walls & finishes.      TCI FORM ON FILE IN OFFICE","TotalCost":225000,"FinalCO":"Y","FinalCODate":1512559560000,"CensusTract":"161.02 "}},{"type":"Feature","id":12466,"geometry":null,"properties":{"OBJECTID":12466,"PermitNum":201703382,"IssuedDate":1492434420000,"StatusCurrent":"Final Inspection Made                                       ","ApplicationType":"Int/Ext Alteration","Description":"restroom refresh, remove all fixtures and replace like for like. Install new hand dryers. No work to fire sprinklers, no HVAC work","TotalCost":53158,"FinalCO":"Y","FinalCODate":1512559680000,"CensusTract":null}},{"type":"Feature","id":57753,"geometry":null,"properties":{"OBJECTID":57753,"PermitNum":201705380,"IssuedDate":1490962980000,"StatusCurrent":"Final Inspection Made                                       ","ApplicationType":"Int/Ext Alteration","Description":"2000 ton chiller foundation-- admin review HIGH PRIORITY.","TotalCost":24372,"FinalCO":null,"FinalCODate":null,"CensusTract":"155.00 "}},{"type":"Feature","id":27014,"geometry":null,"properties":{"OBJECTID":27014,"PermitNum":201703873,"IssuedDate":1488534900000,"StatusCurrent":"Final Inspection Made                                       ","ApplicationType":"Int/Ext Alteration","Description":"interior alterations--remodel kitchen , baths, replace main panel, repair framing in basement and crawl space, repair deck, install HVAC unit, repair plumbing, some roofing.","TotalCost":38000,"FinalCO":"Y","FinalCODate":1518778980000,"CensusTract":"109.00 "}},{"type":"Feature","id":13465,"geometry":null,"properties":{"OBJECTID":13465,"PermitNum":201700368,"IssuedDate":1487578920000,"StatusCurrent":"Final Inspection Made                                       ","ApplicationType":"Int/Ext Alteration","Description":"retro fit. ex. lumber yard main building, new restrooms, replace lights, HVAC. misc.","TotalCost":215000,"FinalCO":"Y","FinalCODate":1512557040000,"CensusTract":"116.02 "}},{"type":"Feature","id":4082,"geometry":null,"properties":{"OBJECTID":4082,"PermitNum":201701672,"IssuedDate":1485855720000,"StatusCurrent":"Final Inspection Made                                       ","ApplicationType":"Repair","Description":"REPAIR - FIRE DAMAGE (DEMO SHEETROCK W/NEW HVAC, ELEC, PLBG)","TotalCost":100000,"FinalCO":"Y","FinalCODate":1512572880000,"CensusTract":"128.04 "}},{"type":"Feature","id":25890,"geometry":null,"properties":{"OBJECTID":25890,"PermitNum":201624733,"IssuedDate":1484740140000,"StatusCurrent":"Final Inspection Made                                       ","ApplicationType":"Int/Ext Alteration","Description":"WALLS, CEILINGS, ELECTRICAL, PLUMBING AND HVAC","TotalCost":100934,"FinalCO":"Y","FinalCODate":1512556560000,"CensusTract":"108.00 "}},{"type":"Feature","id":16093,"geometry":null,"properties":{"OBJECTID":16093,"PermitNum":201700792,"IssuedDate":1484648760000,"StatusCurrent":"Final Inspection Made                                       ","ApplicationType":"Int/Ext Alteration","Description":"replace HVAC, insulation & drywall     contact:  Keith   704-201-0911","TotalCost":27250,"FinalCO":"Y","FinalCODate":1506681420000,"CensusTract":"160.11 "}},{"type":"Feature","id":17899,"geometry":null,"properties":{"OBJECTID":17899,"PermitNum":201623012,"IssuedDate":1481889360000,"StatusCurrent":"Final Inspection Made                                       ","ApplicationType":"Int/Ext Alteration","Description":"building walls for private bathroom & closet--(plumbing is existing)-updating electric & HVAC","TotalCost":26500,"FinalCO":"Y","FinalCODate":1487245920000,"CensusTract":"108.00 "}},{"type":"Feature","id":8002,"geometry":null,"properties":{"OBJECTID":8002,"PermitNum":201621032,"IssuedDate":1480594140000,"StatusCurrent":"Final Inspection Made                                       ","ApplicationType":"Int/Ext Alteration","Description":"Interior non-structural demolition, new partitions, plumbing, hvac, electrical & finishes","TotalCost":150000,"FinalCO":"Y","FinalCODate":1512553440000,"CensusTract":"126.08 "}},{"type":"Feature","id":27644,"geometry":null,"properties":{"OBJECTID":27644,"PermitNum":201621982,"IssuedDate":1479223380000,"StatusCurrent":"Final Inspection Made                                       ","ApplicationType":"Int/Ext Alteration","Description":"INTERIOR ALTERATIONS--WINDOWS, ROOF, VINYL, KITCHEN /3 BEDROOMS REMODEL, NEW HVAC","TotalCost":75000,"FinalCO":"Y","FinalCODate":1512553680000,"CensusTract":"125.05 "}},{"type":"Feature","id":13942,"geometry":null,"properties":{"OBJECTID":13942,"PermitNum":201619508,"IssuedDate":1478176680000,"StatusCurrent":"Final Inspection Made                                       ","ApplicationType":"Int/Ext Alteration","Description":"Paint, carpet, non-load bearing walls, minor electrical, relocating existing HVAC supplies","TotalCost":21600,"FinalCO":"P","FinalCODate":1481729100000,"CensusTract":"126.01 "}},{"type":"Feature","id":34607,"geometry":null,"properties":{"OBJECTID":34607,"PermitNum":201621957,"IssuedDate":1478161500000,"StatusCurrent":"Final Inspection Made                                       ","ApplicationType":"Int/Ext Alteration","Description":"INTERIOR ALTERATIONS--REMODEL KITCHEN , REMODEL 2 BATHS, ADD 1 NEW BATH, NEW HVAC UPGRADE, RE-ROOF, WINDOWS, PAINTING","TotalCost":45000,"FinalCO":"Y","FinalCODate":1512553680000,"CensusTract":"125.09 "}},{"type":"Feature","id":31628,"geometry":null,"properties":{"OBJECTID":31628,"PermitNum":201618971,"IssuedDate":1475765640000,"StatusCurrent":"Final Inspection Made                                       ","ApplicationType":"Int/Ext Alteration","Description":"up-ft of existing office area. HVAC is existing. No HVAC work needed.","TotalCost":85971,"FinalCO":"P","FinalCODate":1480435860000,"CensusTract":"125.08 "}},{"type":"Feature","id":21635,"geometry":null,"properties":{"OBJECTID":21635,"PermitNum":201610856,"IssuedDate":1473676560000,"StatusCurrent":"Final Inspection Made                                       ","ApplicationType":"Repair","Description":"E-PLAN. REMOVE CURRENTROOF VENTING SYSTEM AND INSTALL NEW 5 TON COOLING ONLY UNIT WITH NEW CURB. NEW UNIT TO PROVIDE COOLING TO PROCESS CHILLER MECHANICAL ROOM.","TotalCost":17984,"FinalCO":"Y","FinalCODate":1512568860000,"CensusTract":"108.00 "}},{"type":"Feature","id":7855,"geometry":null,"properties":{"OBJECTID":7855,"PermitNum":201615322,"IssuedDate":1472126940000,"StatusCurrent":"Final Inspection Made                                       ","ApplicationType":"Int/Ext Alteration","Description":"Interior finishes, dressing rooms, minor lighting changes,, no hvac, no plumbing","TotalCost":125000,"FinalCO":"P","FinalCODate":1474963620000,"CensusTract":"126.10 "}},{"type":"Feature","id":41445,"geometry":null,"properties":{"OBJECTID":41445,"PermitNum":201612020,"IssuedDate":1471966740000,"StatusCurrent":"Final Inspection Made                                       ","ApplicationType":"Int/Ext Alteration","Description":"INSTALL HANDICAP SHOWER, HANDICAP RAMPS AT REG., EXITS, WALL DEMO, NEW OFFICE WALLS, INSTALL NEW HVAC AND ELECTRICAL UPGRADES.    TCI form on file in office","TotalCost":110000,"FinalCO":"Y","FinalCODate":1512723360000,"CensusTract":"160.08 "}},{"type":"Feature","id":13318,"geometry":null,"properties":{"OBJECTID":13318,"PermitNum":201610648,"IssuedDate":1470841860000,"StatusCurrent":"Final Inspection Made                                       ","ApplicationType":"Int/Ext Alteration","Description":"Alteration for a nail salon, including new exhaust fan, plumbing drain for pedicures and GFCI receptacles.  Existing bathroom, panel, hvac","TotalCost":15500,"FinalCO":"P","FinalCODate":1479218700000,"CensusTract":"165.03 "}},{"type":"Feature","id":21660,"geometry":null,"properties":{"OBJECTID":21660,"PermitNum":201613661,"IssuedDate":1469791320000,"StatusCurrent":"Final Inspection Made                                       ","ApplicationType":"Int/Ext Alteration","Description":"this is a revision to permit # 201507968. New data center consists of fire suppression, HVAC, electrical finishes, etc.","TotalCost":470000,"FinalCO":"P","FinalCODate":1482397020000,"CensusTract":"108.00 "}},{"type":"Feature","id":38590,"geometry":null,"properties":{"OBJECTID":38590,"PermitNum":201613198,"IssuedDate":1467896520000,"StatusCurrent":"Final Inspection Made                                       ","ApplicationType":"Int/Ext Alteration","Description":"INTERIOR REPAIRS, INTERIOR WALLS & CEILINGS, ADD POWER ROOM, UPGRADE HVAC, ELECTRICAL AND PLUMBING.","TotalCost":37000,"FinalCO":"Y","FinalCODate":1489497600000,"CensusTract":"102.00 "}},{"type":"Feature","id":2716,"geometry":null,"properties":{"OBJECTID":2716,"PermitNum":201611130,"IssuedDate":1465555680000,"StatusCurrent":"Final Inspection Made                                       ","ApplicationType":"Int/Ext Alteration","Description":"Interior kitchen remodel, 2 bathrooms, HVAC changeout    contact:  chris   336-307-8353","TotalCost":50000,"FinalCO":null,"FinalCODate":null,"CensusTract":"126.12 "}},{"type":"Feature","id":2307,"geometry":null,"properties":{"OBJECTID":2307,"PermitNum":201610150,"IssuedDate":1464272340000,"StatusCurrent":"Final Inspection Made                                       ","ApplicationType":"Int/Ext Alteration","Description":"Interior upfit after a HVAC fire       contact:  Donnie   336-669-1090","TotalCost":14835,"FinalCO":"P","FinalCODate":1469448000000,"CensusTract":"167.01 "}},{"type":"Feature","id":37944,"geometry":null,"properties":{"OBJECTID":37944,"PermitNum":201605975,"IssuedDate":1464091680000,"StatusCurrent":"Final Inspection Made                                       ","ApplicationType":"Int/Ext Alteration","Description":"Removal & replacement of kitchen cabinets, interior painting common areas, new dryer venting in laundry rooms, new hvac system in office area.  Cleaning all existing plumbing drain lines. *****THIS PERMIT IS FOR WORK ON THE SHELL, BUILDING CORE AND COMMON AREAS ONLY.  ANY WORK IN INDIVIDUAL DWELLING UNITS REQUIRES A SEPARATE BUILDING PERMIT FOR EACH UNIT, AND INDIVIDUAL TRADE (MEP) PERMITS ASSOCIATED WITH EACH DWELLING UNIT PERMIT*****","TotalCost":1000000,"FinalCO":"Y","FinalCODate":1512663960000,"CensusTract":"102.00 "}},{"type":"Feature","id":22211,"geometry":null,"properties":{"OBJECTID":22211,"PermitNum":201608792,"IssuedDate":1462964220000,"StatusCurrent":"Final Inspection Made                                       ","ApplicationType":"Int/Ext Alteration","Description":"E-plan.  re-establish demising wall between highwoods and workplace hearing.  create new cased opening into workplace hearing.  complete demo per plan, construct 3 new offices, 1 closet.  install new hvac rtu in expansion area, replace existing server room cooling only unit with new Mitsubishi mini-split cooling only system.","TotalCost":30968,"FinalCO":"P","FinalCODate":1469095380000,"CensusTract":"164.05 "}},{"type":"Feature","id":27491,"geometry":null,"properties":{"OBJECTID":27491,"PermitNum":201608762,"IssuedDate":1462461180000,"StatusCurrent":"Final Inspection Made                                       ","ApplicationType":"Int/Ext Alteration","Description":"E-plan.  MACHINE SHOP FACTORY, NEW LIGHTS, NEW DOORS/ WALLS, EQUIPMENT HOOKUPS, HVAC RTU RELOCATION\r\nPHASE (1)","TotalCost":0,"FinalCO":"P","FinalCODate":1467040680000,"CensusTract":"160.11 "}},{"type":"Feature","id":51195,"geometry":null,"properties":{"OBJECTID":51195,"PermitNum":201608734,"IssuedDate":1462443840000,"StatusCurrent":"Final Inspection Made                                       ","ApplicationType":"Int/Ext Alteration","Description":"INTERIOR ALTERATIONS--NEW HVAC, PAINT, CABINETS, FLOORING","TotalCost":35000,"FinalCO":"P","FinalCODate":1468484520000,"CensusTract":"157.07 "}},{"type":"Feature","id":26353,"geometry":null,"properties":{"OBJECTID":26353,"PermitNum":201603465,"IssuedDate":1461926760000,"StatusCurrent":"Final Inspection Made                                       ","ApplicationType":"Int/Ext Alteration","Description":"E-plan.   Add new exit ramp , add demising, toilets, electrical, HVAC","TotalCost":125000,"FinalCO":"P","FinalCODate":1467380280000,"CensusTract":"108.00 "}},{"type":"Feature","id":10677,"geometry":null,"properties":{"OBJECTID":10677,"PermitNum":201602216,"IssuedDate":1458126060000,"StatusCurrent":"Final Inspection Made                                       ","ApplicationType":"Int/Ext Alteration","Description":"conversion of vacant tenant space-(previously an office depot) to a new Dollar Tree Store, new restrooms, modified electric & HVAC systems, finishes, ceilings, lighting power associated with landlord responsibilities per lease. Balance of work under a different permit to be applied for by tenant.","TotalCost":215000,"FinalCO":"P","FinalCODate":1462439040000,"CensusTract":"116.02 "}},{"type":"Feature","id":54715,"geometry":null,"properties":{"OBJECTID":54715,"PermitNum":201603160,"IssuedDate":1455119940000,"StatusCurrent":"Final Inspection Made                                       ","ApplicationType":"Int/Ext Alteration","Description":"Interior alterations:  cabinets & tops, carpet & tile, painting, elec. fixtures & gfi's, new shower unit, plumbing fixtures, heat pump       contact:  Johnny   272-9703","TotalCost":16000,"FinalCO":"Y","FinalCODate":1512722520000,"CensusTract":"157.06 "}},{"type":"Feature","id":20092,"geometry":null,"properties":{"OBJECTID":20092,"PermitNum":201601920,"IssuedDate":1453732980000,"StatusCurrent":"Final Inspection Made                                       ","ApplicationType":"Int/Ext Alteration","Description":"ALTERATIONS - INTERIOR WORK ONLY. PAINT EXISTING WALLS, ENCLOSE DOORWAY, INSTALL DOOR, PARTITION OFF HVAC UNIT, PARTITION OFF UPSTAIRS INTO DOWNSTAIRS.","TotalCost":1500,"FinalCO":"P","FinalCODate":1477476600000,"CensusTract":"108.00 "}},{"type":"Feature","id":11202,"geometry":null,"properties":{"OBJECTID":11202,"PermitNum":201600862,"IssuedDate":1452516600000,"StatusCurrent":"Final Inspection Made                                       ","ApplicationType":"Int/Ext Alteration","Description":"INTERIOR ALTERATIONS--(6 UNITS)\r\nHVAC & WATERHEATER UPGRADES","TotalCost":47370,"FinalCO":"P","FinalCODate":1467275400000,"CensusTract":"114.00 "}},{"type":"Feature","id":11187,"geometry":null,"properties":{"OBJECTID":11187,"PermitNum":201600860,"IssuedDate":1452516540000,"StatusCurrent":"Final Inspection Made                                       ","ApplicationType":"Int/Ext Alteration","Description":"INTERIOR ALTERATIONS--(6 UNITS)\r\nHVAC & WATERHEATER UPGRADES","TotalCost":47370,"FinalCO":"P","FinalCODate":1467275280000,"CensusTract":"114.00 "}},{"type":"Feature","id":11102,"geometry":null,"properties":{"OBJECTID":11102,"PermitNum":201600861,"IssuedDate":1452516540000,"StatusCurrent":"Final Inspection Made                                       ","ApplicationType":"Int/Ext Alteration","Description":"INTERIOR ALTERATIONS--(6 UNITS)\r\nHVAC & WATERHEATER UPGRADES","TotalCost":47370,"FinalCO":"P","FinalCODate":1467274680000,"CensusTract":"114.00 "}},{"type":"Feature","id":11234,"geometry":null,"properties":{"OBJECTID":11234,"PermitNum":201600859,"IssuedDate":1452516480000,"StatusCurrent":"Final Inspection Made                                       ","ApplicationType":"Int/Ext Alteration","Description":"INTERIOR ALTERATIONS--(6 UNITS)\r\nHVAC & WATERHEATER UPGRADES","TotalCost":47370,"FinalCO":"P","FinalCODate":1467274740000,"CensusTract":"114.00 "}},{"type":"Feature","id":11117,"geometry":null,"properties":{"OBJECTID":11117,"PermitNum":201600858,"IssuedDate":1452516480000,"StatusCurrent":"Final Inspection Made                                       ","ApplicationType":"Int/Ext Alteration","Description":"INTERIOR ALTERATIONS--(6 UNITS)\r\nHVAC & WATERHEATER UPGRADES","TotalCost":47370,"FinalCO":"P","FinalCODate":1467275460000,"CensusTract":"114.00 "}},{"type":"Feature","id":11189,"geometry":null,"properties":{"OBJECTID":11189,"PermitNum":201600856,"IssuedDate":1452516060000,"StatusCurrent":"Final Inspection Made                                       ","ApplicationType":"Int/Ext Alteration","Description":"INTERIOR ALTERATIONS--(6 UNITS)\r\nHVAC & WATERHEATER UPGRADES","TotalCost":47370,"FinalCO":"P","FinalCODate":1467274320000,"CensusTract":"114.00 "}},{"type":"Feature","id":11104,"geometry":null,"properties":{"OBJECTID":11104,"PermitNum":201600855,"IssuedDate":1452516000000,"StatusCurrent":"Final Inspection Made                                       ","ApplicationType":"Int/Ext Alteration","Description":"INTERIOR ALTERATIONS--(6 UNITS)\r\nHVAC & WATERHEATER UPGRADES","TotalCost":47370,"FinalCO":"P","FinalCODate":1467275760000,"CensusTract":"114.00 "}},{"type":"Feature","id":11376,"geometry":null,"properties":{"OBJECTID":11376,"PermitNum":201600854,"IssuedDate":1452515940000,"StatusCurrent":"Final Inspection Made                                       ","ApplicationType":"Int/Ext Alteration","Description":"INTERIOR ALTERATIONS--(6 UNITS)\r\nHVAC & WATERHEATER UPGRADES","TotalCost":47370,"FinalCO":"P","FinalCODate":1467275700000,"CensusTract":"114.00 "}},{"type":"Feature","id":11222,"geometry":null,"properties":{"OBJECTID":11222,"PermitNum":201600853,"IssuedDate":1452515820000,"StatusCurrent":"Final Inspection Made                                       ","ApplicationType":"Int/Ext Alteration","Description":"INTERIOR ALTERATIONS--(2 UNITS)\r\nHVAC & WATERHEATER UPGRADES","TotalCost":15790,"FinalCO":"P","FinalCODate":1467275520000,"CensusTract":"114.00 "}},{"type":"Feature","id":11063,"geometry":null,"properties":{"OBJECTID":11063,"PermitNum":201600852,"IssuedDate":1452515760000,"StatusCurrent":"Final Inspection Made                                       ","ApplicationType":"Int/Ext Alteration","Description":"INTERIOR ALTERATIONS--(2 UNITS)\r\nHVAC & WATERHEATER UPGRADES","TotalCost":15790,"FinalCO":"P","FinalCODate":1467275220000,"CensusTract":"114.00 "}},{"type":"Feature","id":11327,"geometry":null,"properties":{"OBJECTID":11327,"PermitNum":201600851,"IssuedDate":1452515700000,"StatusCurrent":"Final Inspection Made                                       ","ApplicationType":"Int/Ext Alteration","Description":"INTERIOR ALTERATIONS--(6 UNITS)\r\nHVAC & WATERHEATER UPGRADES","TotalCost":47370,"FinalCO":"P","FinalCODate":1467275640000,"CensusTract":"114.00 "}},{"type":"Feature","id":10994,"geometry":null,"properties":{"OBJECTID":10994,"PermitNum":201600850,"IssuedDate":1452515580000,"StatusCurrent":"Final Inspection Made                                       ","ApplicationType":"Int/Ext Alteration","Description":"INTERIOR ALTERATIONS--(6 UNITS)\r\nHVAC & WATERHEATER UPGRADES","TotalCost":47370,"FinalCO":"P","FinalCODate":1467275580000,"CensusTract":"114.00 "}},{"type":"Feature","id":10973,"geometry":null,"properties":{"OBJECTID":10973,"PermitNum":201600849,"IssuedDate":1452515520000,"StatusCurrent":"Final Inspection Made                                       ","ApplicationType":"Int/Ext Alteration","Description":"INTERIOR ALTERATIONS--(6 UNITS)\r\nHVAC & WATERHEATER UPGRADES","TotalCost":47370,"FinalCO":"P","FinalCODate":1467275760000,"CensusTract":"114.00 "}},{"type":"Feature","id":10984,"geometry":null,"properties":{"OBJECTID":10984,"PermitNum":201600847,"IssuedDate":1452515460000,"StatusCurrent":"Final Inspection Made                                       ","ApplicationType":"Int/Ext Alteration","Description":"INTERIOR ALTERATIONS--(2 UNITS)\r\nHVAC & WATERHEATER UPGRADES","TotalCost":15790,"FinalCO":"P","FinalCODate":1467274440000,"CensusTract":"114.00 "}},{"type":"Feature","id":11002,"geometry":null,"properties":{"OBJECTID":11002,"PermitNum":201600848,"IssuedDate":1452515460000,"StatusCurrent":"Final Inspection Made                                       ","ApplicationType":"Int/Ext Alteration","Description":"INTERIOR ALTERATIONS--(2 UNITS)\r\nHVAC & WATERHEATER UPGRADES","TotalCost":15790,"FinalCO":"P","FinalCODate":1467275520000,"CensusTract":"114.00 "}},{"type":"Feature","id":10987,"geometry":null,"properties":{"OBJECTID":10987,"PermitNum":201600846,"IssuedDate":1452515280000,"StatusCurrent":"Final Inspection Made                                       ","ApplicationType":"Int/Ext Alteration","Description":"INTERIOR ALTERATIONS--(2 UNITS)\r\nHVAC & WATERHEATER UPGRADES","TotalCost":15790,"FinalCO":"P","FinalCODate":1467275040000,"CensusTract":"114.00 "}},{"type":"Feature","id":11124,"geometry":null,"properties":{"OBJECTID":11124,"PermitNum":201600845,"IssuedDate":1452515280000,"StatusCurrent":"Final Inspection Made                                       ","ApplicationType":"Int/Ext Alteration","Description":"INTERIOR ALTERATIONS--(2 UNITS)\r\nHVAC & WATERHEATER UPGRADES","TotalCost":15790,"FinalCO":"P","FinalCODate":1467274620000,"CensusTract":"114.00 "}},{"type":"Feature","id":10916,"geometry":null,"properties":{"OBJECTID":10916,"PermitNum":201600843,"IssuedDate":1452515220000,"StatusCurrent":"Final Inspection Made                                       ","ApplicationType":"Int/Ext Alteration","Description":"INTERIOR ALTERATIONS--(2 UNITS)\r\nHVAC & WATERHEATER UPGRADES","TotalCost":15790,"FinalCO":"P","FinalCODate":1467275280000,"CensusTract":"114.00 "}},{"type":"Feature","id":10932,"geometry":null,"properties":{"OBJECTID":10932,"PermitNum":201600844,"IssuedDate":1452515220000,"StatusCurrent":"Final Inspection Made                                       ","ApplicationType":"Int/Ext Alteration","Description":"INTERIOR ALTERATIONS--(2 UNITS)\r\nHVAC & WATERHEATER UPGRADES","TotalCost":15790,"FinalCO":"P","FinalCODate":1467275820000,"CensusTract":"114.00 "}},{"type":"Feature","id":11052,"geometry":null,"properties":{"OBJECTID":11052,"PermitNum":201600842,"IssuedDate":1452515100000,"StatusCurrent":"Final Inspection Made                                       ","ApplicationType":"Int/Ext Alteration","Description":"INTERIOR ALTERATIONS--(6 UNITS)\r\nHVAC & WATERHEATER UPGRADES","TotalCost":47370,"FinalCO":"P","FinalCODate":1467275220000,"CensusTract":"114.00 "}},{"type":"Feature","id":11029,"geometry":null,"properties":{"OBJECTID":11029,"PermitNum":201600841,"IssuedDate":1452514920000,"StatusCurrent":"Final Inspection Made                                       ","ApplicationType":"Int/Ext Alteration","Description":"INTERIOR ALTERATIONS--(6 UNITS)\r\nHVAC & WATERHEATER UPGRADES","TotalCost":47370,"FinalCO":"P","FinalCODate":1467275640000,"CensusTract":"114.00 "}},{"type":"Feature","id":11033,"geometry":null,"properties":{"OBJECTID":11033,"PermitNum":201600838,"IssuedDate":1452514860000,"StatusCurrent":"Final Inspection Made                                       ","ApplicationType":"Int/Ext Alteration","Description":"INTERIOR ALTERATIONS--(6 UNITS)\r\nHVAC & WATERHEATER UPGRADES","TotalCost":47370,"FinalCO":"P","FinalCODate":1467112320000,"CensusTract":"114.00 "}},{"type":"Feature","id":11035,"geometry":null,"properties":{"OBJECTID":11035,"PermitNum":201600839,"IssuedDate":1452514860000,"StatusCurrent":"Final Inspection Made                                       ","ApplicationType":"Int/Ext Alteration","Description":"INTERIOR ALTERATIONS--(6 UNITS)\r\nHVAC & WATERHEATER UPGRADES","TotalCost":47370,"FinalCO":"P","FinalCODate":1467274380000,"CensusTract":"114.00 "}},{"type":"Feature","id":10956,"geometry":null,"properties":{"OBJECTID":10956,"PermitNum":201600837,"IssuedDate":1452514620000,"StatusCurrent":"Final Inspection Made                                       ","ApplicationType":"Int/Ext Alteration","Description":"INTERIOR ALTERATIONS--(2 UNITS)\r\nHVAC & WATERHEATER UPGRADES","TotalCost":15790,"FinalCO":"P","FinalCODate":1467112260000,"CensusTract":"114.00 "}},{"type":"Feature","id":10989,"geometry":null,"properties":{"OBJECTID":10989,"PermitNum":201600836,"IssuedDate":1452514560000,"StatusCurrent":"Final Inspection Made                                       ","ApplicationType":"Int/Ext Alteration","Description":"INTERIOR ALTERATIONS--(2 UNITS)\r\nHVAC & WATERHEATER UPGRADES","TotalCost":15790,"FinalCO":"P","FinalCODate":1467112200000,"CensusTract":"114.00 "}},{"type":"Feature","id":11039,"geometry":null,"properties":{"OBJECTID":11039,"PermitNum":201600835,"IssuedDate":1452514500000,"StatusCurrent":"Final Inspection Made                                       ","ApplicationType":"Int/Ext Alteration","Description":"INTERIOR ALTERATIONS--(2 UNITS)\r\nHVAC & WATERHEATER UPGRADES","TotalCost":15790,"FinalCO":"P","FinalCODate":1467112140000,"CensusTract":"114.00 "}},{"type":"Feature","id":11017,"geometry":null,"properties":{"OBJECTID":11017,"PermitNum":201600834,"IssuedDate":1452514440000,"StatusCurrent":"Final Inspection Made                                       ","ApplicationType":"Int/Ext Alteration","Description":"INTERIOR ALTERATIONS--(2 UNITS)\r\nHVAC & WATERHEATER UPGRADES","TotalCost":15790,"FinalCO":"P","FinalCODate":1467112140000,"CensusTract":"114.00 "}},{"type":"Feature","id":11025,"geometry":null,"properties":{"OBJECTID":11025,"PermitNum":201600831,"IssuedDate":1452513960000,"StatusCurrent":"Final Inspection Made                                       ","ApplicationType":"Int/Ext Alteration","Description":"INTERIOR ALTERATIONS--(2 UNITS)\r\nHVAC & WATERHEATER UPGRADES","TotalCost":15790,"FinalCO":"P","FinalCODate":1467112080000,"CensusTract":"114.00 "}},{"type":"Feature","id":11159,"geometry":null,"properties":{"OBJECTID":11159,"PermitNum":201600830,"IssuedDate":1452513900000,"StatusCurrent":"Final Inspection Made                                       ","ApplicationType":"Int/Ext Alteration","Description":"INTERIOR ALTERATIONS--(2 UNITS)\r\nHVAC & WATERHEATER UPGRADES","TotalCost":15790,"FinalCO":"P","FinalCODate":1467111420000,"CensusTract":"114.00 "}},{"type":"Feature","id":11092,"geometry":null,"properties":{"OBJECTID":11092,"PermitNum":201600829,"IssuedDate":1452513660000,"StatusCurrent":"Final Inspection Made                                       ","ApplicationType":"Int/Ext Alteration","Description":"INTERIOR ALTERATIONS--(2 UNITS)\r\nHVAC & WATERHEATER UPGRADES","TotalCost":15790,"FinalCO":"P","FinalCODate":1467111120000,"CensusTract":"114.00 "}},{"type":"Feature","id":11245,"geometry":null,"properties":{"OBJECTID":11245,"PermitNum":201600828,"IssuedDate":1452513600000,"StatusCurrent":"Final Inspection Made                                       ","ApplicationType":"Int/Ext Alteration","Description":"INTERIOR ALTERATIONS--(6 UNITS)\r\nHVAC & WATERHEATER UPGRADES","TotalCost":47370,"FinalCO":"P","FinalCODate":1467111060000,"CensusTract":"114.00 "}},{"type":"Feature","id":11252,"geometry":null,"properties":{"OBJECTID":11252,"PermitNum":201600827,"IssuedDate":1452513540000,"StatusCurrent":"Final Inspection Made                                       ","ApplicationType":"Int/Ext Alteration","Description":"INTERIOR ALTERATIONS--(6 UNITS)\r\nHVAC & WATERHEATER UPGRADES","TotalCost":47370,"FinalCO":"Y","FinalCODate":1512722220000,"CensusTract":"114.00 "}},{"type":"Feature","id":11440,"geometry":null,"properties":{"OBJECTID":11440,"PermitNum":201600826,"IssuedDate":1452513180000,"StatusCurrent":"Final Inspection Made                                       ","ApplicationType":"Int/Ext Alteration","Description":"INTERIOR ALTERATIONS--(6 UNITS)\r\nHVAC & WATERHEATER UPGRADES","TotalCost":47370,"FinalCO":"P","FinalCODate":1467111060000,"CensusTract":"114.00 "}},{"type":"Feature","id":11428,"geometry":null,"properties":{"OBJECTID":11428,"PermitNum":201600824,"IssuedDate":1452513120000,"StatusCurrent":"Final Inspection Made                                       ","ApplicationType":"Int/Ext Alteration","Description":"INTERIOR ALTERATIONS--(6 UNITS)\r\nHVAC & WATERHEATER UPGRADES","TotalCost":47370,"FinalCO":"P","FinalCODate":1467110940000,"CensusTract":"114.00 "}},{"type":"Feature","id":22103,"geometry":null,"properties":{"OBJECTID":22103,"PermitNum":201515686,"IssuedDate":1449231840000,"StatusCurrent":"Final Inspection Made                                       ","ApplicationType":"Int/Ext Alteration","Description":"HVAC Renovations","TotalCost":1729400,"FinalCO":null,"FinalCODate":null,"CensusTract":"107.01 "}},{"type":"Feature","id":42173,"geometry":null,"properties":{"OBJECTID":42173,"PermitNum":201518796,"IssuedDate":1447930800000,"StatusCurrent":"Final Inspection Made                                       ","ApplicationType":"Int/Ext Alteration","Description":"Int. Alt.  relocate laundry room, new plumbing, elec., hvac, adding vinyl siding, painting, new flooring, foundation repair       contact:    Johnny    272-9721","TotalCost":19400,"FinalCO":"Y","FinalCODate":1512637020000,"CensusTract":"125.03 "}},{"type":"Feature","id":19979,"geometry":null,"properties":{"OBJECTID":19979,"PermitNum":201516224,"IssuedDate":1446643500000,"StatusCurrent":"Final Inspection Made                                       ","ApplicationType":"Int/Ext Alteration","Description":"E-PLAN PROCESS HOT WATER BOILER INSTALLATION AND PIPING REVISIONS.","TotalCost":339000,"FinalCO":"P","FinalCODate":1454929740000,"CensusTract":"162.04 "}},{"type":"Feature","id":14104,"geometry":null,"properties":{"OBJECTID":14104,"PermitNum":201517468,"IssuedDate":1445510460000,"StatusCurrent":"Final Inspection Made                                       ","ApplicationType":"Int/Ext Alteration","Description":"E-plan.  Greensboro coliseum boiler room below grade improvements.","TotalCost":49000,"FinalCO":"P","FinalCODate":1470651480000,"CensusTract":"116.01 "}},{"type":"Feature","id":37327,"geometry":null,"properties":{"OBJECTID":37327,"PermitNum":201514598,"IssuedDate":1445436840000,"StatusCurrent":"Final Inspection Made                                       ","ApplicationType":"Int/Ext Alteration","Description":"new bathroom/ interior walls/ replacing HVAC unit/ electrical/ outlets","TotalCost":31700,"FinalCO":"P","FinalCODate":1449044220000,"CensusTract":"125.08 "}},{"type":"Feature","id":36563,"geometry":null,"properties":{"OBJECTID":36563,"PermitNum":201509836,"IssuedDate":1441903200000,"StatusCurrent":"Final Inspection Made                                       ","ApplicationType":"Int/Ext Alteration","Description":"E-PLAN. INTERIOR UPFIT, PER PLANS, PLUMBING, WALL REMOVAL, SHEETROCK, FLOORING, PAINT, ELECTRICAL AND HVAC.","TotalCost":26000,"FinalCO":"P","FinalCODate":1445244900000,"CensusTract":"102.00 "}},{"type":"Feature","id":21643,"geometry":null,"properties":{"OBJECTID":21643,"PermitNum":201512930,"IssuedDate":1441874280000,"StatusCurrent":"Final Inspection Made                                       ","ApplicationType":"Int/Ext Alteration","Description":"MODERNIZATION OF (2) ELEVATORS ADD HVAC UNIT TO ELEVATOR PENTHOUSE\r\n(GUILFORD COUNTY INDEPENDENCE CENTER)","TotalCost":318000,"FinalCO":null,"FinalCODate":null,"CensusTract":"108.00 "}},{"type":"Feature","id":10857,"geometry":null,"properties":{"OBJECTID":10857,"PermitNum":201514740,"IssuedDate":1441371060000,"StatusCurrent":"Final Inspection Made                                       ","ApplicationType":"Int/Ext Alteration","Description":"INTERIOR RENOVATIONS-HVAC SYSTEM INSTALLED, NEW COUNTERTOPS-KITCHEN/ BATHROOM\r\nCONTACT PERSON CHRIS COLLINS- 989-1469","TotalCost":19000,"FinalCO":"P","FinalCODate":1444206120000,"CensusTract":"165.03 "}},{"type":"Feature","id":30806,"geometry":null,"properties":{"OBJECTID":30806,"PermitNum":201509158,"IssuedDate":1434013980000,"StatusCurrent":"Final Inspection Made                                       ","ApplicationType":"Repair","Description":"REPLACEMENT OF SHINGLES, WINDOWS, DOOR, FLOORING, HVAC UNITS, PLUMBING & ELECTRICAL FIXTURES--FOR ADDRESS 807,819 CARRIELAND DR.\r\nBUILDING \"D\"--(TRINITY GARDENS APARTMENTS). SHELL REPAIRS ONLY UNDER THIS WORK; INTERIOR WORK IS DESCRIBED AS TRADE AND COSMETIC ONLY - PULL TRADE PMT'S AS REQ'D; NO BLDG PMT ISSUED FOR INDIVIDUAL UNITS AT THIS TIME - REQ'D ONLY IF BLDG WORK OCCURS IN A UNIT;","TotalCost":272280,"FinalCO":"P","FinalCODate":1449735300000,"CensusTract":"127.06 "}},{"type":"Feature","id":30409,"geometry":null,"properties":{"OBJECTID":30409,"PermitNum":201509074,"IssuedDate":1434013980000,"StatusCurrent":"Final Inspection Made                                       ","ApplicationType":"Repair","Description":"REPLACEMENT OF SHINGLES, WINDOWS, DOOR, FLOORING, HVAC UNITS, PLUMBING & ELECTRICAL FIXTURES--FOR ADDRESS 809 CARRIELAND DR.\r\nBUILDING \"COMMUNITY BUILDING\"--(TRINITY GARDENS APARTMENTS).\r\nTRINITY GARDENS APARTMENT; SHELL REPAIRS ONLY UNDER THIS WORK; INTERIOR WORK IS DESCRIBED AS TRADE AND COSMETIC ONLY - PULL TRADE PMT'S AS REQ'D; NO BLDG PMT ISSUED FOR INDIVIDUAL UNITS AT THIS TIME - REQ'D ONLY IF BLDG WORK OCCURS IN A UNIT;","TotalCost":102569,"FinalCO":"Y","FinalCODate":1512569040000,"CensusTract":"127.06 "}},{"type":"Feature","id":30340,"geometry":null,"properties":{"OBJECTID":30340,"PermitNum":201509073,"IssuedDate":1434013920000,"StatusCurrent":"Final Inspection Made                                       ","ApplicationType":"Repair","Description":"REPLACEMENT OF SHINGLES, WINDOWS, DOOR, FLOORING, HVAC UNITS, PLUMBING & ELECTRICAL FIXTURES--FOR ADDRESS 807,819 CARRIELAND DR.\r\nBUILDING \"D\"--(TRINITY GARDENS APARTMENTS). SHELL REPAIRS ONLY UNDER THIS WORK; INTERIOR WORK IS DESCRIBED AS TRADE AND COSMETIC ONLY - PULL TRADE PMT'S AS REQ'D; NO BLDG PMT ISSUED FOR INDIVIDUAL UNITS AT THIS TIME - REQ'D ONLY IF BLDG WORK OCCURS IN A UNIT;","TotalCost":272280,"FinalCO":"P","FinalCODate":1447773780000,"CensusTract":"127.06 "}},{"type":"Feature","id":31274,"geometry":null,"properties":{"OBJECTID":31274,"PermitNum":201509164,"IssuedDate":1434013860000,"StatusCurrent":"Final Inspection Made                                       ","ApplicationType":"Repair","Description":"REPLACEMENT OF SHINGLES, WINDOWS, DOOR, FLOORING, HVAC UNITS, PLUMBING & ELECTRICAL FIXTURES--FOR ADDRESS 815 CARRIELAND DR AND 2216,2219 TILLMAN AVE. BUILDING \"C\"--(TRINITY GARDENS APARTMENTS). SHELL REPAIRS ONLY UNDER THIS WORK; INTERIOR WORK IS DESCRIBED AS TRADE AND COSMETIC ONLY - PULL TRADE PMT'S AS REQ'D; NO BLDG PMT ISSUED FOR INDIVIDUAL UNITS AT THIS TIME - REQ'D ONLY IF BLDG WORK OCCURS IN A UNIT;","TotalCost":305234,"FinalCO":"P","FinalCODate":1462287840000,"CensusTract":"127.06 "}},{"type":"Feature","id":30726,"geometry":null,"properties":{"OBJECTID":30726,"PermitNum":201509165,"IssuedDate":1434013860000,"StatusCurrent":"Final Inspection Made                                       ","ApplicationType":"Repair","Description":"REPLACEMENT OF SHINGLES, WINDOWS, DOOR, FLOORING, HVAC UNITS, PLUMBING & ELECTRICAL FIXTURES--FOR ADDRESS 815 CARRIELAND DR AND 2216,2219 TILLMAN AVE.\r\nBUILDING \"C\"--(TRINITY GARDENS APARTMENTS). SHELL REPAIRS ONLY UNDER THIS WORK; INTERIOR WORK IS DESCRIBED AS TRADE AND COSMETIC ONLY - PULL TRADE PMT'S AS REQ'D; NO BLDG PMT ISSUED FOR INDIVIDUAL UNITS AT THIS TIME - REQ'D ONLY IF BLDG WORK OCCURS IN A UNIT;","TotalCost":305234,"FinalCO":"P","FinalCODate":1479369780000,"CensusTract":"127.06 "}},{"type":"Feature","id":30529,"geometry":null,"properties":{"OBJECTID":30529,"PermitNum":201509072,"IssuedDate":1434013800000,"StatusCurrent":"Final Inspection Made                                       ","ApplicationType":"Repair","Description":"REPLACEMENT OF SHINGLES, WINDOWS, DOOR, FLOORING, HVAC UNITS, PLUMBING & ELECTRICAL FIXTURES--FOR ADDRESS 815 CARRIELAND DR. AND  2216, 2219 TILLMAN AVE.\r\nBUILDING \"C\"--(TRINITY GARDENS APARTMENTS). SHELL REPAIRS ONLY UNDER THIS WORK; INTERIOR WORK IS DESCRIBED AS TRADE AND COSMETIC ONLY - PULL TRADE PMT'S AS REQ'D; NO BLDG PMT ISSUED FOR INDIVIDUAL UNITS AT THIS TIME - REQ'D ONLY IF BLDG WORK OCCURS IN A UNIT;","TotalCost":305234,"FinalCO":"P","FinalCODate":1447773780000,"CensusTract":"127.06 "}},{"type":"Feature","id":30218,"geometry":null,"properties":{"OBJECTID":30218,"PermitNum":201509163,"IssuedDate":1434013740000,"StatusCurrent":"Final Inspection Made                                       ","ApplicationType":"Repair","Description":"REPLACEMENT OF SHINGLES, WINDOWS, DOOR, FLOORING, HVAC UNITS, PLUMBING & ELECTRICAL FIXTURES--FOR ADDRESS 803,811,821,827, CARRIELAND DR AND 2217,2223 TILLMAN AVE.\r\nBUILDING \"B\"--(TRINITY GARDENS APARTMENTS). SHELL REPAIRS ONLY UNDER THIS WORK; INTERIOR WORK IS DESCRIBED AS TRADE AND COSMETIC ONLY - PULL TRADE PMT'S AS REQ'D; NO BLDG PMT ISSUED FOR INDIVIDUAL UNITS AT THIS TIME - REQ'D ONLY IF BLDG WORK OCCURS IN A UNIT;","TotalCost":187802,"FinalCO":"P","FinalCODate":1480668840000,"CensusTract":"127.06 "}},{"type":"Feature","id":30628,"geometry":null,"properties":{"OBJECTID":30628,"PermitNum":201509162,"IssuedDate":1434013740000,"StatusCurrent":"Final Inspection Made                                       ","ApplicationType":"Repair","Description":"REPLACEMENT OF SHINGLES, WINDOWS, DOOR, FLOORING, HVAC UNITS, PLUMBING & ELECTRICAL FIXTURES--FOR ADDRESS 803,811,821,827, CARRIELAND DR AND 2217,2223 TILLMAN AVE.\r\nBUILDING \"B\"--(TRINITY GARDENS APARTMENTS). SHELL REPAIRS ONLY UNDER THIS WORK; INTERIOR WORK IS DESCRIBED AS TRADE AND COSMETIC ONLY - PULL TRADE PMT'S AS REQ'D; NO BLDG PMT ISSUED FOR INDIVIDUAL UNITS AT THIS TIME - REQ'D ONLY IF BLDG WORK OCCURS IN A UNIT;","TotalCost":187802,"FinalCO":"P","FinalCODate":1475582340000,"CensusTract":"127.06 "}},{"type":"Feature","id":31076,"geometry":null,"properties":{"OBJECTID":31076,"PermitNum":201509161,"IssuedDate":1434013680000,"StatusCurrent":"Final Inspection Made                                       ","ApplicationType":"Repair","Description":"REPLACEMENT OF SHINGLES, WINDOWS, DOOR, FLOORING, HVAC UNITS, PLUMBING & ELECTRICAL FIXTURES--FOR ADDRESS 803,811,821,827, CARRIELAND DR. 2217,2223 TILLMAN AVE.\r\nBUILDING \"B\"--(TRINITY GARDENS APARTMENTS). SHELL REPAIRS ONLY UNDER THIS WORK; INTERIOR WORK IS DESCRIBED AS TRADE AND COSMETIC ONLY - PULL TRADE PMT'S AS REQ'D; NO BLDG PMT ISSUED FOR INDIVIDUAL UNITS AT THIS TIME - REQ'D ONLY IF BLDG WORK OCCURS IN A UNIT;","TotalCost":187802,"FinalCO":"P","FinalCODate":1458231840000,"CensusTract":"127.06 "}},{"type":"Feature","id":30889,"geometry":null,"properties":{"OBJECTID":30889,"PermitNum":201509160,"IssuedDate":1434013620000,"StatusCurrent":"Final Inspection Made                                       ","ApplicationType":"Repair","Description":"REPLACEMENT OF SHINGLES, WINDOWS, DOOR, FLOORING, HVAC UNITS, PLUMBING & ELECTRICAL FIXTURES--FOR ADDRESS 803,811,821,827, CARRIELAND DR. 2217,2223 TILLMAN AVE. BUILDING \"B\"--(TRINITY GARDENS APARTMENTS). SHELL REPAIRS ONLY UNDER THIS WORK; INTERIOR WORK IS DESCRIBED AS TRADE AND COSMETIC ONLY - PULL TRADE PMT'S AS REQ'D; NO BLDG PMT ISSUED FOR INDIVIDUAL UNITS AT THIS TIME - REQ'D ONLY IF BLDG WORK OCCURS IN A UNIT;","TotalCost":187802,"FinalCO":"P","FinalCODate":1471447560000,"CensusTract":"127.06 "}},{"type":"Feature","id":30562,"geometry":null,"properties":{"OBJECTID":30562,"PermitNum":201509159,"IssuedDate":1434013500000,"StatusCurrent":"Final Inspection Made                                       ","ApplicationType":"Repair","Description":"REPLACEMENT OF SHINGLES, WINDOWS, DOOR, FLOORING, HVAC UNITS, PLUMBING & ELECTRICAL FIXTURES--FOR ADDRESS 803,811,821,827, CARRIELAND DR. 2217,2223 TILLMAN AVE.\r\nBUILDING \"B\"--(TRINITY GARDENS APARTMENTS). SHELL REPAIRS ONLY UNDER THIS WORK; INTERIOR WORK IS DESCRIBED AS TRADE AND COSMETIC ONLY - PULL TRADE PMT'S AS REQ'D; NO BLDG PMT ISSUED FOR INDIVIDUAL UNITS AT THIS TIME - REQ'D ONLY IF BLDG WORK OCCURS IN A UNIT;","TotalCost":187802,"FinalCO":"P","FinalCODate":1471447500000,"CensusTract":"127.06 "}},{"type":"Feature","id":30038,"geometry":null,"properties":{"OBJECTID":30038,"PermitNum":201509070,"IssuedDate":1434013380000,"StatusCurrent":"Final Inspection Made                                       ","ApplicationType":"Repair","Description":"REPLACEMENT OF SHINGLES, WINDOWS, DOOR, FLOORING, HVAC UNITS, PLUMBING & ELECTRICAL FIXTURES--FOR ADDRESS 803,811,821,827, CARRIELAND DR AND 2217,2223 TILLMAN AVE.\r\nBUILDING \"B\"--(TRINITY GARDENS APARTMENTS). SHELL REPAIRS ONLY UNDER THIS WORK; INTERIOR WORK IS DESCRIBED AS TRADE AND COSMETIC ONLY - PULL TRADE PMT'S AS REQ'D; NO BLDG PMT ISSUED FOR INDIVIDUAL UNITS AT THIS TIME - REQ'D ONLY IF BLDG WORK OCCURS IN A UNIT;","TotalCost":187802,"FinalCO":"P","FinalCODate":1483956300000,"CensusTract":"127.06 "}},{"type":"Feature","id":29847,"geometry":null,"properties":{"OBJECTID":29847,"PermitNum":201509180,"IssuedDate":1434013260000,"StatusCurrent":"Final Inspection Made                                       ","ApplicationType":"Repair","Description":"REPLACEMENT OF SHINGLES, WINDOWS, DOOR, FLOORING, HVAC UNITS, PLUMBING & ELECTRICAL FIXTURES--FOR ADDRESS 801,805,817,823,825,829, CARRIELAND DR. AND\r\n2210,2215,2221,2225,2227 TILLMAN AVE.\r\nBUILDING \"A\". TRINITY GARDENS APARTMENT; SHELL REPAIRS ONLY UNDER THIS WORK; INTERIOR WORK IS DESCRIBED AS TRADE AND COSMETIC ONLY - PULL TRADE PMT'S AS REQ'D; NO BLDG PMT ISSUED FOR INDIVIDUAL UNITS AT THIS TIME - REQ'D ONLY IF BLDG WORK OCCURS IN A UNIT;","TotalCost":305234,"FinalCO":"Y","FinalCODate":1487241120000,"CensusTract":"127.06 "}},{"type":"Feature","id":30408,"geometry":null,"properties":{"OBJECTID":30408,"PermitNum":201509178,"IssuedDate":1434013200000,"StatusCurrent":"Final Inspection Made                                       ","ApplicationType":"Repair","Description":"REPLACEMENT OF SHINGLES, WINDOWS, DOOR, FLOORING, HVAC UNITS, PLUMBING & ELECTRICAL FIXTURES--FOR ADDRESS 801,805,817,823,825,829, CARRIELAND DR. AND\r\n2210,2215,2221,2225,2227 TILLMAN AVE.\r\nBUILDING \"A\". TRINITY GARDENS APARTMENT; SHELL REPAIRS ONLY UNDER THIS WORK; INTERIOR WORK IS DESCRIBED AS TRADE AND COSMETIC ONLY - PULL TRADE PMT'S AS REQ'D; NO BLDG PMT ISSUED FOR INDIVIDUAL UNITS AT THIS TIME - REQ'D ONLY IF BLDG WORK OCCURS IN A UNIT;","TotalCost":305234,"FinalCO":"P","FinalCODate":1481216160000,"CensusTract":"127.06 "}},{"type":"Feature","id":30043,"geometry":null,"properties":{"OBJECTID":30043,"PermitNum":201509179,"IssuedDate":1434013200000,"StatusCurrent":"Final Inspection Made                                       ","ApplicationType":"Repair","Description":"REPLACEMENT OF SHINGLES, WINDOWS, DOOR, FLOORING, HVAC UNITS, PLUMBING & ELECTRICAL FIXTURES--FOR ADDRESS 801,805,817,823,825,829, CARRIELAND DR. AND\r\n2210,2215,2221,2225,2227 TILLMAN AVE.\r\nBUILDING \"A\". TRINITY GARDENS APARTMENT; SHELL REPAIRS ONLY UNDER THIS WORK; INTERIOR WORK IS DESCRIBED AS TRADE AND COSMETIC ONLY - PULL TRADE PMT'S AS REQ'D; NO BLDG PMT ISSUED FOR INDIVIDUAL UNITS AT THIS TIME - REQ'D ONLY IF BLDG WORK OCCURS IN A UNIT;","TotalCost":305234,"FinalCO":"P","FinalCODate":1485251700000,"CensusTract":"127.06 "}},{"type":"Feature","id":30794,"geometry":null,"properties":{"OBJECTID":30794,"PermitNum":201509176,"IssuedDate":1434013140000,"StatusCurrent":"Final Inspection Made                                       ","ApplicationType":"Repair","Description":"REPLACEMENT OF SHINGLES, WINDOWS, DOOR, FLOORING, HVAC UNITS, PLUMBING & ELECTRICAL FIXTURES--FOR ADDRESS 801,805,817,823,825,829, CARRIELAND DR. AND\r\n2210,2215,2221,2225,2227 TILLMAN AVE.\r\nBUILDING \"A\". TRINITY GARDENS APARTMENT; SHELL REPAIRS ONLY UNDER THIS WORK; INTERIOR WORK IS DESCRIBED AS TRADE AND COSMETIC ONLY - PULL TRADE PMT'S AS REQ'D; NO BLDG PMT ISSUED FOR INDIVIDUAL UNITS AT THIS TIME - REQ'D ONLY IF BLDG WORK OCCURS IN A UNIT;","TotalCost":305234,"FinalCO":"P","FinalCODate":1478766780000,"CensusTract":"127.06 "}},{"type":"Feature","id":31440,"geometry":null,"properties":{"OBJECTID":31440,"PermitNum":201509175,"IssuedDate":1434013080000,"StatusCurrent":"Final Inspection Made                                       ","ApplicationType":"Repair","Description":"REPLACEMENT OF SHINGLES, WINDOWS, DOOR, FLOORING, HVAC UNITS, PLUMBING & ELECTRICAL FIXTURES--FOR ADDRESS 801,805,817,823,825,829, CARRIELAND DR. AND\r\n2210,2215,2221,2225,2227 TILLMAN AVE.\r\nBUILDING \"A\". TRINITY GARDENS APARTMENT; SHELL REPAIRS ONLY UNDER THIS WORK; INTERIOR WORK IS DESCRIBED AS TRADE AND COSMETIC ONLY - PULL TRADE PMT'S AS REQ'D; NO BLDG PMT ISSUED FOR INDIVIDUAL UNITS AT THIS TIME - REQ'D ONLY IF BLDG WORK OCCURS IN A UNIT;","TotalCost":305234,"FinalCO":"Y","FinalCODate":1512568980000,"CensusTract":"127.06 "}},{"type":"Feature","id":31092,"geometry":null,"properties":{"OBJECTID":31092,"PermitNum":201509173,"IssuedDate":1434013020000,"StatusCurrent":"Final Inspection Made                                       ","ApplicationType":"Repair","Description":"REPLACEMENT OF SHINGLES, WINDOWS, DOOR, FLOORING, HVAC UNITS, PLUMBING & ELECTRICAL FIXTURES--FOR ADDRESS 801,805,817,823,825,829, CARRIELAND DR. AND\r\n2210,2215,2221,2225,2227 TILLMAN AVE.\r\nBUILDING \"A\". TRINITY GARDENS APARTMENT; SHELL REPAIRS ONLY UNDER THIS WORK; INTERIOR WORK IS DESCRIBED AS TRADE AND COSMETIC ONLY - PULL TRADE PMT'S AS REQ'D; NO BLDG PMT ISSUED FOR INDIVIDUAL UNITS AT THIS TIME - REQ'D ONLY IF BLDG WORK OCCURS IN A UNIT;","TotalCost":305234,"FinalCO":"Y","FinalCODate":1512569040000,"CensusTract":"127.06 "}},{"type":"Feature","id":31120,"geometry":null,"properties":{"OBJECTID":31120,"PermitNum":201509174,"IssuedDate":1434013020000,"StatusCurrent":"Final Inspection Made                                       ","ApplicationType":"Repair","Description":"REPLACEMENT OF SHINGLES, WINDOWS, DOOR, FLOORING, HVAC UNITS, PLUMBING & ELECTRICAL FIXTURES--FOR ADDRESS 801,805,817,823,825,829, CARRIELAND DR. AND\r\n2210,2215,2221,2225,2227 TILLMAN AVE.\r\nBUILDING \"A\". TRINITY GARDENS APARTMENT; SHELL REPAIRS ONLY UNDER THIS WORK; INTERIOR WORK IS DESCRIBED AS TRADE AND COSMETIC ONLY - PULL TRADE PMT'S AS REQ'D; NO BLDG PMT ISSUED FOR INDIVIDUAL UNITS AT THIS TIME - REQ'D ONLY IF BLDG WORK OCCURS IN A UNIT;","TotalCost":305234,"FinalCO":"P","FinalCODate":1458231780000,"CensusTract":"127.06 "}},{"type":"Feature","id":30942,"geometry":null,"properties":{"OBJECTID":30942,"PermitNum":201509170,"IssuedDate":1434012960000,"StatusCurrent":"Final Inspection Made                                       ","ApplicationType":"Repair","Description":"REPLACEMENT OF SHINGLES, WINDOWS, DOOR, FLOORING, HVAC UNITS, PLUMBING & ELECTRICAL FIXTURES--FOR ADDRESS 801,805,817,823,825,829, CARRIELAND DR. AND\r\n2210,2215,2221,2225,2227 TILLMAN AVE.\r\nBUILDING \"A\". TRINITY GARDENS APARTMENT; SHELL REPAIRS ONLY UNDER THIS WORK; INTERIOR WORK IS DESCRIBED AS TRADE AND COSMETIC ONLY - PULL TRADE PMT'S AS REQ'D; NO BLDG PMT ISSUED FOR INDIVIDUAL UNITS AT THIS TIME - REQ'D ONLY IF BLDG WORK OCCURS IN A UNIT;","TotalCost":305234,"FinalCO":"P","FinalCODate":1470674040000,"CensusTract":"127.06 "}},{"type":"Feature","id":30221,"geometry":null,"properties":{"OBJECTID":30221,"PermitNum":201509168,"IssuedDate":1434012900000,"StatusCurrent":"Final Inspection Made                                       ","ApplicationType":"Repair","Description":"REPLACEMENT OF SHINGLES, WINDOWS, DOOR, FLOORING, HVAC UNITS, PLUMBING & ELECTRICAL FIXTURES--FOR ADDRESS 801,805,817,823,825,829, CARRIELAND DR. AND\r\n2210,2215,2221,2225,2227 TILLMAN AVE.\r\nBUILDING \"A\". TRINITY GARDENS APARTMENT; SHELL REPAIRS ONLY UNDER THIS WORK; INTERIOR WORK IS DESCRIBED AS TRADE AND COSMETIC ONLY - PULL TRADE PMT'S AS REQ'D; NO BLDG PMT ISSUED FOR INDIVIDUAL UNITS AT THIS TIME - REQ'D ONLY IF BLDG WORK OCCURS IN A UNIT;","TotalCost":305234,"FinalCO":"Y","FinalCODate":1489146540000,"CensusTract":"127.06 "}},{"type":"Feature","id":30679,"geometry":null,"properties":{"OBJECTID":30679,"PermitNum":201509169,"IssuedDate":1434012900000,"StatusCurrent":"Final Inspection Made                                       ","ApplicationType":"Repair","Description":"REPLACEMENT OF SHINGLES, WINDOWS, DOOR, FLOORING, HVAC UNITS, PLUMBING & ELECTRICAL FIXTURES--FOR ADDRESS 801,805,817,823,825,829, CARRIELAND DR. AND\r\n2210,2215,2221,2225,2227 TILLMAN AVE.\r\nBUILDING \"A\". TRINITY GARDENS APARTMENT; SHELL REPAIRS ONLY UNDER THIS WORK; INTERIOR WORK IS DESCRIBED AS TRADE AND COSMETIC ONLY - PULL TRADE PMT'S AS REQ'D; NO BLDG PMT ISSUED FOR INDIVIDUAL UNITS AT THIS TIME - REQ'D ONLY IF BLDG WORK OCCURS IN A UNIT;","TotalCost":305234,"FinalCO":"P","FinalCODate":1472199000000,"CensusTract":"127.06 "}},{"type":"Feature","id":29890,"geometry":null,"properties":{"OBJECTID":29890,"PermitNum":201509069,"IssuedDate":1434012840000,"StatusCurrent":"Final Inspection Made                                       ","ApplicationType":"Repair","Description":"REPLACEMENT OF SHINGLES, WINDOWS, DOOR, FLOORING, HVAC UNITS, PLUMBING & ELECTRICAL FIXTURES--FOR ADDRESS 801,805,817,823,825,829, CARRIELAND DR. AND\r\n2210,2215,2221,2225,2227 TILLMAN AVE.\r\nBUILDING \"A\". TRINITY GARDENS APARTMENT; SHELL REPAIRS ONLY UNDER THIS WORK; INTERIOR WORK IS DESCRIBED AS TRADE AND COSMETIC ONLY - PULL TRADE PMT'S AS REQ'D; NO BLDG PMT ISSUED FOR INDIVIDUAL UNITS AT THIS TIME - REQ'D ONLY IF BLDG WORK OCCURS IN A UNIT;","TotalCost":305234,"FinalCO":"Y","FinalCODate":1488538680000,"CensusTract":"127.06 "}},{"type":"Feature","id":13204,"geometry":null,"properties":{"OBJECTID":13204,"PermitNum":201507261,"IssuedDate":1432643700000,"StatusCurrent":"Final Inspection Made                                       ","ApplicationType":"Int/Ext Alteration","Description":"INTERIOR ALTERATIONS--CHANGE OUT WINDOWS-UPGRADE 200 AMP SERVICE, NEW HVAC UNIT/ EXTERIOR-NEW SIDING.","TotalCost":12000,"FinalCO":null,"FinalCODate":null,"CensusTract":"126.01 "}},{"type":"Feature","id":16226,"geometry":null,"properties":{"OBJECTID":16226,"PermitNum":201508072,"IssuedDate":1432285320000,"StatusCurrent":"Final Inspection Made                                       ","ApplicationType":"Int/Ext Alteration","Description":"Interior upfit/remodel. drywall, paint, hvac, elec., plmb    contact:  Keith   336-288-3865","TotalCost":102000,"FinalCO":"P","FinalCODate":1439471100000,"CensusTract":"115.00 "}},{"type":"Feature","id":23027,"geometry":null,"properties":{"OBJECTID":23027,"PermitNum":201504373,"IssuedDate":1431601020000,"StatusCurrent":"Final Inspection Made                                       ","ApplicationType":"Int/Ext Alteration","Description":"E-plan.   Install walls, rework HVAC, add receptacles and switches.  NOREGON","TotalCost":10500,"FinalCO":"P","FinalCODate":1455196380000,"CensusTract":"164.05 "}},{"type":"Feature","id":4168,"geometry":null,"properties":{"OBJECTID":4168,"PermitNum":201506337,"IssuedDate":1430236380000,"StatusCurrent":"Final Inspection Made                                       ","ApplicationType":"Repair","Description":"repairs to foyer, crawlspace and HVAC system from lighting strike","TotalCost":18007,"FinalCO":null,"FinalCODate":null,"CensusTract":"165.06 "}},{"type":"Feature","id":17344,"geometry":null,"properties":{"OBJECTID":17344,"PermitNum":201500468,"IssuedDate":1429098720000,"StatusCurrent":"Final Inspection Made                                       ","ApplicationType":"Int/Ext Alteration","Description":"E-PLAN*** ADMINISTRATIVE REVIEW*** CHANGE OF USE FROM B TO A-3 NEW 2HR WALL UPGRADE, NEW HVAC UNIT SPRING","TotalCost":10000,"FinalCO":"P","FinalCODate":1436970060000,"CensusTract":"126.01 "}},{"type":"Feature","id":19244,"geometry":null,"properties":{"OBJECTID":19244,"PermitNum":201505349,"IssuedDate":1428934860000,"StatusCurrent":"Final Inspection Made                                       ","ApplicationType":"Int/Ext Alteration","Description":"Interior Alterations/renovations;  renovation of kitchen & bathroom,  HVAC, plumbing & electrical update,  demo of old materials; no alterations of walls.    Contact:  Maureen Mallon     420-4205","TotalCost":23740,"FinalCO":"P","FinalCODate":1437410340000,"CensusTract":"106.01 "}},{"type":"Feature","id":23180,"geometry":null,"properties":{"OBJECTID":23180,"PermitNum":201500993,"IssuedDate":1422975300000,"StatusCurrent":"Final Inspection Made                                       ","ApplicationType":"Int/Ext Alteration","Description":"E-PLAN INSTALL NEW WALLS, REWORK ELECTRICAL, BATHROOMS, NEW HVAC UNITS (2)- NEW HORIZON","TotalCost":85500,"FinalCO":"P","FinalCODate":1455196560000,"CensusTract":"164.05 "}},{"type":"Feature","id":5215,"geometry":null,"properties":{"OBJECTID":5215,"PermitNum":201413310,"IssuedDate":1414150380000,"StatusCurrent":"Final Inspection Made                                       ","ApplicationType":"Int/Ext Alteration","Description":"E-PLAN UPLIFT EXISTING OFFICE SPACE. REUSE ELECTRICAL HVAC AND PLUMBING-- S & S OFFICES.","TotalCost":72000,"FinalCO":"P","FinalCODate":1420452060000,"CensusTract":"128.04 "}},{"type":"Feature","id":31146,"geometry":null,"properties":{"OBJECTID":31146,"PermitNum":201415540,"IssuedDate":1412263740000,"StatusCurrent":"Final Inspection Made                                       ","ApplicationType":"Int/Ext Alteration","Description":"Interior alterations: kitchen, bath, HVAC renovation     Contact:  John  314-2222","TotalCost":17000,"FinalCO":"P","FinalCODate":1417423860000,"CensusTract":"104.01 "}},{"type":"Feature","id":18389,"geometry":null,"properties":{"OBJECTID":18389,"PermitNum":201413030,"IssuedDate":1408958040000,"StatusCurrent":"Final Inspection Made                                       ","ApplicationType":"Int/Ext Alteration","Description":"Interior Kitchen and HVAC Renovation     contact:  Bob   253-6147","TotalCost":29950,"FinalCO":null,"FinalCODate":null,"CensusTract":"106.01 "}},{"type":"Feature","id":31358,"geometry":null,"properties":{"OBJECTID":31358,"PermitNum":201411395,"IssuedDate":1408957800000,"StatusCurrent":"Final Inspection Made                                       ","ApplicationType":"Int/Ext Alteration","Description":"E-PLAN. MOSES CONE UNIT 3700 RENOVATIONS INTERIOR FINISHES, HVAC REPLACEMENT, ELECTRICAL UPGRADES.","TotalCost":1200000,"FinalCO":"P","FinalCODate":1420040520000,"CensusTract":"102.00 "}},{"type":"Feature","id":39086,"geometry":null,"properties":{"OBJECTID":39086,"PermitNum":201409628,"IssuedDate":1404292500000,"StatusCurrent":"Final Inspection Made                                       ","ApplicationType":"Int/Ext Alteration","Description":"E-PLAN INTERIOR METAL STUD AND  DRYWALL (WALL) CONSTRUCTION FOR AN OFFICE ISOLATION AREA. WORK INCLUDES MINOR ELECTRICAL, HVAC.","TotalCost":73000,"FinalCO":"P","FinalCODate":1405509840000,"CensusTract":"154.02 "}},{"type":"Feature","id":14327,"geometry":null,"properties":{"OBJECTID":14327,"PermitNum":201409346,"IssuedDate":1403264640000,"StatusCurrent":"Final Inspection Made                                       ","ApplicationType":"Repair","Description":"FIRE DAMAGE JOB--DRYWALL, HVAC","TotalCost":21000,"FinalCO":"P","FinalCODate":1413552180000,"CensusTract":"164.05 "}},{"type":"Feature","id":35819,"geometry":null,"properties":{"OBJECTID":35819,"PermitNum":201406055,"IssuedDate":1400493960000,"StatusCurrent":"Final Inspection Made                                       ","ApplicationType":"Int/Ext Alteration","Description":"E.Plan Existing break-room & public bathrooms: 5700 Total SF / 2300 SF to be demoed. P,M & E to be design built is not acceptable. Sent email for new plans.*****3/31/2014 - JR ADVISED APPLICANT BY PHONE - SUBMIT PLUMBING DIAGRAM, CONNECTIONS TO EXISTING, PIPE AND FITTING SIZES; SHOW BATH FAN LOC, DUCT SIZE, TERMINATION; SHOW HVAC EQUIP LOC, SIZE, UNIT SPEC, INSTALL DETAILS, SUPPLY AND RETURN DUCT LOC & SIZE, VENT RATE CALC; SHOW SERVICE PANEL & METER LOCATION/DESIGNATION*****","TotalCost":250000,"FinalCO":"P","FinalCODate":1410273540000,"CensusTract":"102.00 "}},{"type":"Feature","id":19341,"geometry":null,"properties":{"OBJECTID":19341,"PermitNum":201404371,"IssuedDate":1395754440000,"StatusCurrent":"Final Inspection Made                                       ","ApplicationType":"Miscellaneous","Description":"ABC Inspection  \"McGee Street Boiler Room\"     Contact:   336-338-1793","TotalCost":1000,"FinalCO":"P","FinalCODate":1396014600000,"CensusTract":"108.00 "}},{"type":"Feature","id":17509,"geometry":null,"properties":{"OBJECTID":17509,"PermitNum":201400473,"IssuedDate":1395329460000,"StatusCurrent":"Final Inspection Made                                       ","ApplicationType":"Int/Ext Alteration","Description":"E-PLAN ADMINISTRATIVE REVIEW. CHANGE OF USE FROM \"M\" TO \"B\" , ALTERATION OF TENANT SPACE, NEW ELECTRICAL, PLUMBING, BREAKROOM, OFFICE AND CONFERENCE ROOM. NEW HVAC TO MEET NEEDS OF NEW TENANT.","TotalCost":69000,"FinalCO":"P","FinalCODate":1404396000000,"CensusTract":"108.00 "}},{"type":"Feature","id":20592,"geometry":null,"properties":{"OBJECTID":20592,"PermitNum":201403482,"IssuedDate":1394712360000,"StatusCurrent":"Final Inspection Made                                       ","ApplicationType":"Int/Ext Alteration","Description":"INTERIOR ALTERATIONS- KITCHEN/ BATH-REHAB- REPLACE WINDOWS/ LIGHT FIXURES AND HVAC UPGRADES.","TotalCost":14274,"FinalCO":"P","FinalCODate":1401876540000,"CensusTract":"111.01 "}},{"type":"Feature","id":20612,"geometry":null,"properties":{"OBJECTID":20612,"PermitNum":201403481,"IssuedDate":1394712300000,"StatusCurrent":"Final Inspection Made                                       ","ApplicationType":"Int/Ext Alteration","Description":"INTERIOR ALTERATIONS- KITCHEN/ BATH-REHAB- REPLACE WINDOWS/ LIGHT FIXURES AND HVAC UPGRADES.","TotalCost":14274,"FinalCO":"P","FinalCODate":1403866200000,"CensusTract":"111.01 "}},{"type":"Feature","id":20625,"geometry":null,"properties":{"OBJECTID":20625,"PermitNum":201403480,"IssuedDate":1394712300000,"StatusCurrent":"Final Inspection Made                                       ","ApplicationType":"Int/Ext Alteration","Description":"INTERIOR ALTERATIONS- KITCHEN/ BATH-REHAB- REPLACE WINDOWS/ LIGHT FIXURES AND HVAC UPGRADES.","TotalCost":14274,"FinalCO":"P","FinalCODate":1409224380000,"CensusTract":"111.01 "}},{"type":"Feature","id":20628,"geometry":null,"properties":{"OBJECTID":20628,"PermitNum":201403479,"IssuedDate":1394712300000,"StatusCurrent":"Final Inspection Made                                       ","ApplicationType":"Int/Ext Alteration","Description":"INTERIOR ALTERATIONS- KITCHEN/ BATH-REHAB- REPLACE WINDOWS/ LIGHT FIXURES AND HVAC UPGRADES.","TotalCost":14274,"FinalCO":"P","FinalCODate":1409224200000,"CensusTract":"111.01 "}},{"type":"Feature","id":20637,"geometry":null,"properties":{"OBJECTID":20637,"PermitNum":201403478,"IssuedDate":1394712300000,"StatusCurrent":"Final Inspection Made                                       ","ApplicationType":"Int/Ext Alteration","Description":"INTERIOR ALTERATIONS- KITCHEN/ BATH-REHAB- REPLACE WINDOWS/ LIGHT FIXURES AND HVAC UPGRADES.","TotalCost":14274,"FinalCO":"P","FinalCODate":1412086020000,"CensusTract":"111.01 "}},{"type":"Feature","id":20338,"geometry":null,"properties":{"OBJECTID":20338,"PermitNum":201403476,"IssuedDate":1394712240000,"StatusCurrent":"Final Inspection Made                                       ","ApplicationType":"Int/Ext Alteration","Description":"INTERIOR ALTERATIONS- KITCHEN/ BATH-REHAB- REPLACE WINDOWS/ LIGHT FIXURES AND HVAC UPGRADES.","TotalCost":14274,"FinalCO":"P","FinalCODate":1415895300000,"CensusTract":"111.01 "}},{"type":"Feature","id":20360,"geometry":null,"properties":{"OBJECTID":20360,"PermitNum":201403475,"IssuedDate":1394712240000,"StatusCurrent":"Final Inspection Made                                       ","ApplicationType":"Int/Ext Alteration","Description":"INTERIOR ALTERATIONS- KITCHEN/ BATH-REHAB- REPLACE WINDOWS/ LIGHT FIXURES AND HVAC UPGRADES.","TotalCost":14274,"FinalCO":"P","FinalCODate":1415895240000,"CensusTract":"111.01 "}},{"type":"Feature","id":20380,"geometry":null,"properties":{"OBJECTID":20380,"PermitNum":201403474,"IssuedDate":1394712240000,"StatusCurrent":"Final Inspection Made                                       ","ApplicationType":"Int/Ext Alteration","Description":"INTERIOR ALTERATIONS- KITCHEN/ BATH-REHAB- REPLACE WINDOWS/ LIGHT FIXURES AND HVAC UPGRADES.","TotalCost":14274,"FinalCO":"P","FinalCODate":1425385620000,"CensusTract":"111.01 "}},{"type":"Feature","id":20401,"geometry":null,"properties":{"OBJECTID":20401,"PermitNum":201403473,"IssuedDate":1394712180000,"StatusCurrent":"Final Inspection Made                                       ","ApplicationType":"Int/Ext Alteration","Description":"INTERIOR ALTERATIONS- KITCHEN/ BATH-REHAB- REPLACE WINDOWS/ LIGHT FIXURES AND HVAC UPGRADES.","TotalCost":14274,"FinalCO":"P","FinalCODate":1425385680000,"CensusTract":"111.01 "}},{"type":"Feature","id":20440,"geometry":null,"properties":{"OBJECTID":20440,"PermitNum":201403472,"IssuedDate":1394712180000,"StatusCurrent":"Final Inspection Made                                       ","ApplicationType":"Int/Ext Alteration","Description":"INTERIOR ALTERATIONS- KITCHEN/ BATH-REHAB- REPLACE WINDOWS/ LIGHT FIXURES AND HVAC UPGRADES.","TotalCost":14274,"FinalCO":"P","FinalCODate":1445435340000,"CensusTract":"111.01 "}},{"type":"Feature","id":20471,"geometry":null,"properties":{"OBJECTID":20471,"PermitNum":201403471,"IssuedDate":1394712120000,"StatusCurrent":"Final Inspection Made                                       ","ApplicationType":"Int/Ext Alteration","Description":"INTERIOR ALTERATIONS- KITCHEN/ BATH-REHAB- REPLACE WINDOWS/ LIGHT FIXURES AND HVAC UPGRADES.","TotalCost":14274,"FinalCO":"P","FinalCODate":1445336220000,"CensusTract":"111.01 "}},{"type":"Feature","id":20488,"geometry":null,"properties":{"OBJECTID":20488,"PermitNum":201403470,"IssuedDate":1394712120000,"StatusCurrent":"Final Inspection Made                                       ","ApplicationType":"Int/Ext Alteration","Description":"INTERIOR ALTERATIONS- KITCHEN/ BATH-REHAB- REPLACE WINDOWS/ LIGHT FIXURES AND HVAC UPGRADES.","TotalCost":14274,"FinalCO":"P","FinalCODate":1436454660000,"CensusTract":"111.01 "}},{"type":"Feature","id":20520,"geometry":null,"properties":{"OBJECTID":20520,"PermitNum":201403469,"IssuedDate":1394712120000,"StatusCurrent":"Final Inspection Made                                       ","ApplicationType":"Int/Ext Alteration","Description":"INTERIOR ALTERATIONS- KITCHEN/ BATH-REHAB- REPLACE WINDOWS/ LIGHT FIXURES AND HVAC UPGRADES.","TotalCost":14274,"FinalCO":"P","FinalCODate":1436454660000,"CensusTract":"111.01 "}},{"type":"Feature","id":50408,"geometry":null,"properties":{"OBJECTID":50408,"PermitNum":201401022,"IssuedDate":1393846800000,"StatusCurrent":"Final Inspection Made                                       ","ApplicationType":"Int/Ext Alteration","Description":"E-PLAN. OFFICE RENOVATION WITH RELOCATED WALLS, REWORK CEILING, NEW LIGHTING AND ELECTRICAL, PLUMBING FOR NEW SINK AND MINOR RE-WORK OF HVAC DUCTWORK.","TotalCost":54000,"FinalCO":"P","FinalCODate":1405069260000,"CensusTract":"157.03 "}},{"type":"Feature","id":32334,"geometry":null,"properties":{"OBJECTID":32334,"PermitNum":201402606,"IssuedDate":1393408740000,"StatusCurrent":"Final Inspection Made                                       ","ApplicationType":"Int/Ext Alteration","Description":"PHASE II--FOR STERILIZATION SUITE ADDITIONAL RENOVATION FOR CONE HEALTH. CONE HEALTH DAY SURGERY--(ORIGINAL PERMIT -201309440)-PHASE 2 PERMIT: DEMO WALLS @ EXIST PREP PACK & EXIST. DECONTAM TO CREATE 1 LARGE ROOM. REMOVE FLOOR & CEILING PROVIDE NEW LIGHTING & HVAC GRILLS. ALL NEW FINISHES. PME TO PULL ADDITIONAL PERMITS.","TotalCost":1000,"FinalCO":"P","FinalCODate":1395748380000,"CensusTract":"102    "}},{"type":"Feature","id":21148,"geometry":null,"properties":{"OBJECTID":21148,"PermitNum":201402367,"IssuedDate":1392906900000,"StatusCurrent":"Final Inspection Made                                       ","ApplicationType":"Int/Ext Alteration","Description":"Int Alt:   HVAC Repair      Contact: Andy    215-0732","TotalCost":6000,"FinalCO":"P","FinalCODate":1394119020000,"CensusTract":"125.04 "}},{"type":"Feature","id":35562,"geometry":null,"properties":{"OBJECTID":35562,"PermitNum":201318753,"IssuedDate":1390557120000,"StatusCurrent":"Final Inspection Made                                       ","ApplicationType":"Int/Ext Alteration","Description":"e-plan. addition of (2) walls, lay- in ceiling, HVAC, lighting, sprinklers and recepts- ( quad)","TotalCost":37950,"FinalCO":"P","FinalCODate":1395827820000,"CensusTract":"162.01 "}},{"type":"Feature","id":20748,"geometry":null,"properties":{"OBJECTID":20748,"PermitNum":201318476,"IssuedDate":1387454460000,"StatusCurrent":"Final Inspection Made                                       ","ApplicationType":"Int/Ext Alteration","Description":"CONTACT PERSON--MICHAEL CORRIHER-207-2587\r\nADD NEW PROCESS CHILLER--AIR HANDLER--(AMERITOX)","TotalCost":60500,"FinalCO":"P","FinalCODate":1409046660000,"CensusTract":"164.05 "}},{"type":"Feature","id":40216,"geometry":null,"properties":{"OBJECTID":40216,"PermitNum":201317580,"IssuedDate":1386254880000,"StatusCurrent":"Final Inspection Made                                       ","ApplicationType":"Int/Ext Alteration","Description":"E-PLAN. INTERIOR RENOVATION. WORK TO INCLUDE ADDING INTERIOR DOORS, FINISHES, PLUMBING HVAC AND ELECTRICAL.    TCI FORM ON FILE","TotalCost":86500,"FinalCO":"P","FinalCODate":1389714360000,"CensusTract":"154.02 "}},{"type":"Feature","id":22890,"geometry":null,"properties":{"OBJECTID":22890,"PermitNum":201317353,"IssuedDate":1383644760000,"StatusCurrent":"Final Inspection Made                                       ","ApplicationType":"Int/Ext Alteration","Description":"REQUIRES ADMIN, SITE REVIEW, MAKE EXPEDITED & HIGH PRIORITY.  Uses plan 2013-1615.  HVAC Upgrades.","TotalCost":792000,"FinalCO":null,"FinalCODate":null,"CensusTract":"160.11 "}},{"type":"Feature","id":6994,"geometry":null,"properties":{"OBJECTID":6994,"PermitNum":201314657,"IssuedDate":1382440800000,"StatusCurrent":"Final Inspection Made                                       ","ApplicationType":"Int/Ext Alteration","Description":"E-plan.  Minor interior work.  Cutting exterior wall for new drive-in dock door.  New Bridge Crane.  Hy-FAB area for fabrication & assembly of HVAC & pump equipment.","TotalCost":382000,"FinalCO":"P","FinalCODate":1400241000000,"CensusTract":"128.04 "}},{"type":"Feature","id":39650,"geometry":null,"properties":{"OBJECTID":39650,"PermitNum":201315605,"IssuedDate":1380893640000,"StatusCurrent":"Final Inspection Made                                       ","ApplicationType":"Int/Ext Alteration","Description":"INTERIOR UPFIT--FOR APARTMENT--PAINT/ DOORS NEW HVAC","TotalCost":20000,"FinalCO":"P","FinalCODate":1384272480000,"CensusTract":"102.00 "}},{"type":"Feature","id":19537,"geometry":null,"properties":{"OBJECTID":19537,"PermitNum":201312026,"IssuedDate":1379433120000,"StatusCurrent":"Final Inspection Made                                       ","ApplicationType":"Int/Ext Alteration","Description":"E-Plan **** Administrative **** CHANGE OF USE ***** Wanda Hovander OK'ed. A Bar to Business Existing building upfit with new drywall office partitions and a mock up of a partial student housing apartment for sales office purposes. Existing restrooms ans HVAC system to remain","TotalCost":87740,"FinalCO":"P","FinalCODate":1422450180000,"CensusTract":"107.02 "}},{"type":"Feature","id":9036,"geometry":null,"properties":{"OBJECTID":9036,"PermitNum":201310493,"IssuedDate":1373558460000,"StatusCurrent":"Final Inspection Made                                       ","ApplicationType":"Int/Ext Alteration","Description":"INTERIOR ALTERATIONS-REPLACE PLUMBING, INSTALL HVAC, LIGHTS/ NEW ROOF","TotalCost":10300,"FinalCO":null,"FinalCODate":null,"CensusTract":"126.17 "}},{"type":"Feature","id":20253,"geometry":null,"properties":{"OBJECTID":20253,"PermitNum":201310491,"IssuedDate":1373558280000,"StatusCurrent":"Final Inspection Made                                       ","ApplicationType":"Int/Ext Alteration","Description":"ALTERATIONS--INSTALL KITCHEN CABINETS/ HVAC/ REPLACE PLUMBING/ INTERIOR ALTERATIONS, SIDING","TotalCost":6200,"FinalCO":"P","FinalCODate":1384447860000,"CensusTract":"160.11 "}},{"type":"Feature","id":39417,"geometry":null,"properties":{"OBJECTID":39417,"PermitNum":201310337,"IssuedDate":1373447940000,"StatusCurrent":"Final Inspection Made                                       ","ApplicationType":"Repair","Description":"REPAIR - WINDOWS, HVAC, PAINT & INSULATION","TotalCost":47655,"FinalCO":null,"FinalCODate":null,"CensusTract":"102.00 "}},{"type":"Feature","id":27110,"geometry":null,"properties":{"OBJECTID":27110,"PermitNum":201309745,"IssuedDate":1372179240000,"StatusCurrent":"Final Inspection Made                                       ","ApplicationType":"Int/Ext Alteration","Description":"ALTERATIONS--REMOVE & REPLACE ROOFING, REPLACE WINDOWS, INSTALL LIGHTING  FIXTURES, INSTALL KITCHEN, HVAC INSTALL WATER HEATER","TotalCost":6200,"FinalCO":"P","FinalCODate":1379590860000,"CensusTract":"125.05 "}},{"type":"Feature","id":4989,"geometry":null,"properties":{"OBJECTID":4989,"PermitNum":201309747,"IssuedDate":1372179060000,"StatusCurrent":"Final Inspection Made                                       ","ApplicationType":"Int/Ext Alteration","Description":"REMOVE & REPLACE ROOFING, INSTALL PANEL. FIXTURES, INSTALL D/W, SINK FAUCET/ BATH FIXTURES, INSTALL DROP GIRDER IN CRAWL  UNDER LIVING AREA, INSTALL NEW HVAC.","TotalCost":6100,"FinalCO":"P","FinalCODate":1377263460000,"CensusTract":"126.09 "}},{"type":"Feature","id":39170,"geometry":null,"properties":{"OBJECTID":39170,"PermitNum":201309746,"IssuedDate":1372178880000,"StatusCurrent":"Final Inspection Made                                       ","ApplicationType":"Int/Ext Alteration","Description":"INTERIOR ALTERATIONS--RE-ROOF, 8 REPLACEMENT WINDOWS/ PAINT, INSTALL KITCHEN CABINETS, INSTALL BATH FIXTURES, INSTALL KITCHEN SINK, FAUCET, LIGHT FIXTURES, INSTALL NEW HVAC","TotalCost":7600,"FinalCO":"P","FinalCODate":1383581940000,"CensusTract":"104.03 "}},{"type":"Feature","id":6057,"geometry":null,"properties":{"OBJECTID":6057,"PermitNum":201309627,"IssuedDate":1372091940000,"StatusCurrent":"Final Inspection Made                                       ","ApplicationType":"Int/Ext Alteration","Description":"INTERIOR ALTERATIONS--REPLACE HVAC SYSTEM/ REPLACE LIGHT FIXTURES/ INSTALL DISHWASHERS/ FAUCETS/ DROP GIRDER","TotalCost":4125,"FinalCO":null,"FinalCODate":null,"CensusTract":"126.09 "}},{"type":"Feature","id":8013,"geometry":null,"properties":{"OBJECTID":8013,"PermitNum":201306262,"IssuedDate":1369750320000,"StatusCurrent":"Final Inspection Made                                       ","ApplicationType":"Int/Ext Alteration","Description":"E-PLAN. INTERIOR REMODEL TO INCLUDE PAINT, CARPET, WALL BOXES (FOR EYE WEAR) MINOR ELECTRICAL AND PLUMBING, SOME HVAC WORK AND MAKING BATHROOMS ADA COMPLIANT.","TotalCost":337500,"FinalCO":"P","FinalCODate":1374681840000,"CensusTract":"126.08 "}},{"type":"Feature","id":23628,"geometry":null,"properties":{"OBJECTID":23628,"PermitNum":201304342,"IssuedDate":1366283400000,"StatusCurrent":"Final Inspection Made                                       ","ApplicationType":"Int/Ext Alteration","Description":"Renovation demo walls;  , new walls & finishes, elec., hvac    \"ADT\"","TotalCost":48000,"FinalCO":"P","FinalCODate":1368117060000,"CensusTract":"164.05 "}},{"type":"Feature","id":27950,"geometry":null,"properties":{"OBJECTID":27950,"PermitNum":201303604,"IssuedDate":1365518700000,"StatusCurrent":"Final Inspection Made                                       ","ApplicationType":"Int/Ext Alteration","Description":"E-PLAN. ADMIN. REVIEW REQUIRED. RENOVATION OF EXISTING OFFICE AND LAB SPACES ON MULTIPLE FLOORS. NEW EXTERIOR CHILLER. 4 PHASED PERMITS TO BE ISSUED. (3RD FLOOR, MAIN 2ND FLOOR, ZONE 22, TRAINING ROOM) TOTAL FEES COLLECTED ON \"3RD FLOOR\" PERMIT.","TotalCost":1800000,"FinalCO":"P","FinalCODate":1374162420000,"CensusTract":"162.01 "}},{"type":"Feature","id":27953,"geometry":null,"properties":{"OBJECTID":27953,"PermitNum":201304797,"IssuedDate":1365518220000,"StatusCurrent":"Final Inspection Made                                       ","ApplicationType":"Int/Ext Alteration","Description":"E-PLAN. ADMIN. REVIEW REQUIRED. RENOVATION OF EXISTING OFFICE AND LAB SPACES ON MULTIPLE FLOORS. NEW EXTERIOR CHILLER. 4 PHASED PERMITS TO BE ISSUED. (3RD FLOOR, MAIN 2ND FLOOR, ZONE 22, TRAINING ROOM) TOTAL FEES COLLECTED ON \"3RD FLOOR\" PERMIT.   TRAININ","TotalCost":1000,"FinalCO":"P","FinalCODate":1381135140000,"CensusTract":"162.01 "}},{"type":"Feature","id":27952,"geometry":null,"properties":{"OBJECTID":27952,"PermitNum":201304796,"IssuedDate":1365518160000,"StatusCurrent":"Final Inspection Made                                       ","ApplicationType":"Int/Ext Alteration","Description":"E-PLAN. ADMIN. REVIEW REQUIRED. RENOVATION OF EXISTING OFFICE AND LAB SPACES ON MULTIPLE FLOORS. NEW EXTERIOR CHILLER. 4 PHASED PERMITS TO BE ISSUED. (3RD FLOOR, MAIN 2ND FLOOR, ZONE 22, TRAINING ROOM) TOTAL FEES COLLECTED ON \"3RD FLOOR\" PERMIT.   ZONE 22","TotalCost":1000,"FinalCO":"P","FinalCODate":1377864240000,"CensusTract":"162.01 "}},{"type":"Feature","id":27951,"geometry":null,"properties":{"OBJECTID":27951,"PermitNum":201304794,"IssuedDate":1365518040000,"StatusCurrent":"Final Inspection Made                                       ","ApplicationType":"Int/Ext Alteration","Description":"E-PLAN. ADMIN. REVIEW REQUIRED. RENOVATION OF EXISTING OFFICE AND LAB SPACES ON MULTIPLE FLOORS. NEW EXTERIOR CHILLER. 4 PHASED PERMITS TO BE ISSUED. (3RD FLOOR, MAIN 2ND FLOOR, ZONE 22, TRAINING ROOM) TOTAL FEES COLLECTED ON \"3RD FLOOR\" PERMIT.  MAIN SEC","TotalCost":1000,"FinalCO":"P","FinalCODate":1381139040000,"CensusTract":"162.01 "}},{"type":"Feature","id":12822,"geometry":null,"properties":{"OBJECTID":12822,"PermitNum":201302470,"IssuedDate":1364815980000,"StatusCurrent":"Final Inspection Made                                       ","ApplicationType":"Reroof","Description":"NEW ROOFTOP HVAC UNIT @ EXISTING JARED JEWELRY WITH SOME STRUCTURAL ROOF ADJUSTMENTS. JARED JEWELRY.","TotalCost":25000,"FinalCO":null,"FinalCODate":null,"CensusTract":"165.03 "}},{"type":"Feature","id":16629,"geometry":null,"properties":{"OBJECTID":16629,"PermitNum":201302627,"IssuedDate":1361980740000,"StatusCurrent":"Final Inspection Made                                       ","ApplicationType":"Int/Ext Alteration","Description":"SHEETROCK REPAIR--REPLACE WINDOWS/ DOORS--NEW HVAC/ NEW WATER LINE\r\nCONTACT PERSON-- 757-244-1399-( UNITS A-F)","TotalCost":57134,"FinalCO":"P","FinalCODate":1417447560000,"CensusTract":"112.00 "}},{"type":"Feature","id":16633,"geometry":null,"properties":{"OBJECTID":16633,"PermitNum":201302628,"IssuedDate":1361980740000,"StatusCurrent":"Final Inspection Made                                       ","ApplicationType":"Int/Ext Alteration","Description":"SHEETROCK REPAIR--REPLACE WINDOWS/ DOORS--NEW HVAC/ NEW WATER LINE\r\nCONTACT PERSON-- 757-244-1399-( UNITS A-F)","TotalCost":57134,"FinalCO":"P","FinalCODate":1417447620000,"CensusTract":"112.00 "}},{"type":"Feature","id":16643,"geometry":null,"properties":{"OBJECTID":16643,"PermitNum":201302626,"IssuedDate":1361980680000,"StatusCurrent":"Final Inspection Made                                       ","ApplicationType":"Int/Ext Alteration","Description":"SHEETROCK REPAIR--REPLACE WINDOWS/ DOORS--NEW HVAC/ NEW WATER LINE\r\nCONTACT PERSON-- 757-244-1399-( UNITS A-F)","TotalCost":57134,"FinalCO":null,"FinalCODate":null,"CensusTract":"112.00 "}},{"type":"Feature","id":16660,"geometry":null,"properties":{"OBJECTID":16660,"PermitNum":201302625,"IssuedDate":1361980680000,"StatusCurrent":"Final Inspection Made                                       ","ApplicationType":"Int/Ext Alteration","Description":"SHEETROCK REPAIR--REPLACE WINDOWS/ DOORS--NEW HVAC/ NEW WATER LINE\r\nCONTACT PERSON-- 757-244-1399-( UNITS A-F)","TotalCost":57134,"FinalCO":"P","FinalCODate":1410511860000,"CensusTract":"112.00 "}},{"type":"Feature","id":16676,"geometry":null,"properties":{"OBJECTID":16676,"PermitNum":201302624,"IssuedDate":1361980620000,"StatusCurrent":"Final Inspection Made                                       ","ApplicationType":"Int/Ext Alteration","Description":"SHEETROCK REPAIR--REPLACE WINDOWS/ DOORS--NEW HVAC/ NEW WATER LINE\r\nCONTACT PERSON-- 757-244-1399-( UNITS A-F)","TotalCost":57134,"FinalCO":"P","FinalCODate":1412941380000,"CensusTract":"112.00 "}},{"type":"Feature","id":26510,"geometry":null,"properties":{"OBJECTID":26510,"PermitNum":201300716,"IssuedDate":1360139160000,"StatusCurrent":"Final Inspection Made                                       ","ApplicationType":"Int/Ext Alteration","Description":"Install acoustial ceiling, light , HVAC, sprinkle change as needed Convatec.\r\nPilot Lab Acoustial Ceiling","TotalCost":150658,"FinalCO":"P","FinalCODate":1444319640000,"CensusTract":"160.11 "}},{"type":"Feature","id":16685,"geometry":null,"properties":{"OBJECTID":16685,"PermitNum":201301152,"IssuedDate":1359476940000,"StatusCurrent":"Final Inspection Made                                       ","ApplicationType":"Int/Ext Alteration","Description":"SHEETROCK REPAIR--REPLACE WINDOWS/ DOORS--NEW HVAC/ NEW WATER LINE\r\nCONTACT PERSON-- 757-244-1399-( UNITS A-F)","TotalCost":57134,"FinalCO":"P","FinalCODate":1409309760000,"CensusTract":"112.00 "}},{"type":"Feature","id":27387,"geometry":null,"properties":{"OBJECTID":27387,"PermitNum":201301116,"IssuedDate":1359458700000,"StatusCurrent":"Final Inspection Made                                       ","ApplicationType":"Int/Ext Alteration","Description":"Interior kitchen remodel; replace HVAC,  re-insulate crawl space","TotalCost":38000,"FinalCO":null,"FinalCODate":null,"CensusTract":"127.07 "}},{"type":"Feature","id":21625,"geometry":null,"properties":{"OBJECTID":21625,"PermitNum":201217667,"IssuedDate":1354723740000,"StatusCurrent":"Final Inspection Made                                       ","ApplicationType":"Int/Ext Alteration","Description":"interior demo work only--drywall demolition, HVAC demo, electrical demo--office with warehouse storage","TotalCost":32786,"FinalCO":null,"FinalCODate":null,"CensusTract":"164.05 "}},{"type":"Feature","id":8321,"geometry":null,"properties":{"OBJECTID":8321,"PermitNum":201217081,"IssuedDate":1353333660000,"StatusCurrent":"Final Inspection Made                                       ","ApplicationType":"Int/Ext Alteration","Description":"PHASING PERMIT FOR 5 STORY HOTEL RENOVATION. 1A-G 1/2 OF 1ST FLOOR, ROOMS 130-154. SHERATON HOTEL. CONDITIONALLY APPROVED ONLY! HVAC WORK AND SHAFT WORK IS NOT TO BE STARTED UNTIL THERE IS AN APPROVED PLAN FOR THOSE ITEMS. A SECOND APPROVED PLAN WILL BE PROVIDED FOR THOSE ITEMS.","TotalCost":1000,"FinalCO":"P","FinalCODate":1370247060000,"CensusTract":"126.10 "}},{"type":"Feature","id":8322,"geometry":null,"properties":{"OBJECTID":8322,"PermitNum":201217080,"IssuedDate":1353333600000,"StatusCurrent":"Final Inspection Made                                       ","ApplicationType":"Int/Ext Alteration","Description":"PHASING PERMIT FOR 5 STORY HOTEL RENOVATION. 1H-N 2/2 OF 1ST FLOOR, ROOMS 108-128. SHERATON HOTEL. CONDITIONALLY APPROVED ONLY! HVAC WORK AND SHAFT WORK IS NOT TO BE STARTED UNTIL THERE IS AN APPROVED PLAN FOR THOSE ITEMS. A SECOND APPROVED PLAN WILL BE PROVIDED FOR THOSE ITEMS.","TotalCost":1000,"FinalCO":"P","FinalCODate":1376399940000,"CensusTract":"126.10 "}},{"type":"Feature","id":8320,"geometry":null,"properties":{"OBJECTID":8320,"PermitNum":201217079,"IssuedDate":1353333480000,"StatusCurrent":"Final Inspection Made                                       ","ApplicationType":"Int/Ext Alteration","Description":"PHASING PERMIT FOR 5 STORY HOTEL RENOVATION. 2H-N 2/2 OF 2ND FLOOR, ROOMS 200-228. SHERATON HOTEL. CONDITIONALLY APPROVED ONLY! HVAC WORK AND SHAFT WORK IS NOT TO BE STARTED UNTIL THERE IS AN APPROVED PLAN FOR THOSE ITEMS. A SECOND APPROVED PLAN WILL BE PROVIDED FOR THOSE ITEMS.","TotalCost":1000,"FinalCO":"P","FinalCODate":1368028440000,"CensusTract":"126.10 "}},{"type":"Feature","id":8323,"geometry":null,"properties":{"OBJECTID":8323,"PermitNum":201217078,"IssuedDate":1353333420000,"StatusCurrent":"Final Inspection Made                                       ","ApplicationType":"Int/Ext Alteration","Description":"PHASING PERMIT FOR 5 STORY HOTEL RENOVATION. 3H-N 2/2 OF 3RD FLOOR, ROOMS 300-328. SHERATON HOTEL. CONDITIONALLY APPROVED ONLY! HVAC WORK AND SHAFT WORK IS NOT TO BE STARTED UNTIL THERE IS AN APPROVED PLAN FOR THOSE ITEMS. A SECOND APPROVED PLAN WILL BE PROVIDED FOR THOSE ITEMS.","TotalCost":1000,"FinalCO":"P","FinalCODate":1369746120000,"CensusTract":"126.10 "}},{"type":"Feature","id":8325,"geometry":null,"properties":{"OBJECTID":8325,"PermitNum":201217077,"IssuedDate":1353333300000,"StatusCurrent":"Final Inspection Made                                       ","ApplicationType":"Int/Ext Alteration","Description":"PHASING PERMIT FOR 5 STORY HOTEL RENOVATION. 4H-N 2/2 OF 4TH FLOOR, ROOMS 400-428. SHERATON HOTEL. CONDITIONALLY APPROVED ONLY! HVAC WORK AND SHAFT WORK IS NOT TO BE STARTED UNTIL THERE IS AN APPROVED PLAN FOR THOSE ITEMS. A SECOND APPROVED PLAN WILL BE PROVIDED FOR THOSE ITEMS.","TotalCost":1000,"FinalCO":"P","FinalCODate":1365526140000,"CensusTract":"126.10 "}},{"type":"Feature","id":8319,"geometry":null,"properties":{"OBJECTID":8319,"PermitNum":201217076,"IssuedDate":1353333240000,"StatusCurrent":"Final Inspection Made                                       ","ApplicationType":"Int/Ext Alteration","Description":"PHASING PERMIT FOR 5 STORY HOTEL RENOVATION. 5H-N 2/2 OF 5TH FLOOR, ROOMS 500-528. SHERATON HOTEL. CONDITIONALLY APPROVED ONLY! HVAC WORK AND SHAFT WORK IS NOT TO BE STARTED UNTIL THERE IS AN APPROVED PLAN FOR THOSE ITEMS. A SECOND APPROVED PLAN WILL BE PROVIDED FOR THOSE ITEMS.","TotalCost":1000,"FinalCO":"P","FinalCODate":1363080720000,"CensusTract":"126.10 "}},{"type":"Feature","id":8324,"geometry":null,"properties":{"OBJECTID":8324,"PermitNum":201217074,"IssuedDate":1353333120000,"StatusCurrent":"Final Inspection Made                                       ","ApplicationType":"Int/Ext Alteration","Description":"PHASING PERMIT FOR 5 STORY HOTEL RENOVATION. 2A-G 1/2 OF 2ND FLOOR, ROOMS 229-254. SHERATON HOTEL. CONDITIONALLY APPROVED ONLY! HVAC WORK AND SHAFT WORK IS NOT TO BE STARTED UNTIL THERE IS AN APPROVED PLAN FOR THOSE ITEMS. A SECOND APPROVED PLAN WILL BE PROVIDED FOR THOSE ITEMS.","TotalCost":1000,"FinalCO":"P","FinalCODate":1362387120000,"CensusTract":"126.10 "}},{"type":"Feature","id":8326,"geometry":null,"properties":{"OBJECTID":8326,"PermitNum":201217073,"IssuedDate":1353333060000,"StatusCurrent":"Final Inspection Made                                       ","ApplicationType":"Int/Ext Alteration","Description":"PHASING PERMIT FOR 5 STORY HOTEL RENOVATION. 3A-G 1/2 OF 3RD FLOOR, ROOMS 329-354. SHERATON HOTEL. CONDITIONALLY APPROVED ONLY! HVAC WORK AND SHAFT WORK IS NOT TO BE STARTED UNTIL THERE IS AN APPROVED PLAN FOR THOSE ITEMS. A SECOND APPROVED PLAN WILL BE PROVIDED FOR THOSE ITEMS.","TotalCost":1000,"FinalCO":"P","FinalCODate":1362387180000,"CensusTract":"126.10 "}},{"type":"Feature","id":8327,"geometry":null,"properties":{"OBJECTID":8327,"PermitNum":201217072,"IssuedDate":1353333000000,"StatusCurrent":"Final Inspection Made                                       ","ApplicationType":"Int/Ext Alteration","Description":"PHASING PERMIT FOR 5 STORY HOTEL RENOVATION. 4A-G 1/2 OF 4TH FLOOR, ROOMS 429-454. SHERATON HOTEL. CONDITIONALLY APPROVED ONLY! HVAC WORK AND SHAFT WORK IS NOT TO BE STARTED UNTIL THERE IS AN APPROVED PLAN FOR THOSE ITEMS. A SECOND APPROVED PLAN WILL BE PROVIDED FOR THOSE ITEMS.","TotalCost":1000,"FinalCO":"P","FinalCODate":1361353800000,"CensusTract":"126.10 "}},{"type":"Feature","id":8318,"geometry":null,"properties":{"OBJECTID":8318,"PermitNum":201217070,"IssuedDate":1353332820000,"StatusCurrent":"Final Inspection Made                                       ","ApplicationType":"Int/Ext Alteration","Description":"PHASING PERMIT FOR 5 STORY HOTEL RENOVATION. 5A-G 1/2 OF 5TH FLOOR, ROOMS 529-554. SHERATON HOTEL. CONDITIONALLY APPROVED ONLY! HVAC WORK AND SHAFT WORK IS NOT TO BE STARTED UNTIL THERE IS AN APPROVED PLAN FOR THOSE ITEMS. A SECOND APPROVED PLAN WILL BE PROVIDED FOR THOSE ITEMS.","TotalCost":1000,"FinalCO":"P","FinalCODate":1359993900000,"CensusTract":"126.10 "}},{"type":"Feature","id":8317,"geometry":null,"properties":{"OBJECTID":8317,"PermitNum":201217014,"IssuedDate":1353079020000,"StatusCurrent":"Final Inspection Made                                       ","ApplicationType":"Int/Ext Alteration","Description":"E-plan.  Renovations in low rise hotel.  This permit covers overall multiple floor project.  Additional permits will be req'd for phasing purposes.  Plan#2012-1626.  CONDITIONALLY APPROVED!!! HVAC and shaft work is not to be started until there is an apprv'd plan for those items.  Revisions are req'd to be provided for those items.  Please submit plans to BI for final apprv'l to prevent delay of const. due to noted items.  Conditionally issued at owners/contractor's risk and cost.","TotalCost":714120,"FinalCO":"P","FinalCODate":1376399880000,"CensusTract":"126.10 "}},{"type":"Feature","id":12935,"geometry":null,"properties":{"OBJECTID":12935,"PermitNum":201213509,"IssuedDate":1349795880000,"StatusCurrent":"Final Inspection Made                                       ","ApplicationType":"Initial Up-Fit","Description":"UPFIT OF UNFINISHED SPACE, HVAC, ELECTRICAL, CEILING GRID. JSNN STUDENT AREA UPFIT. PLAN 2012-1355.","TotalCost":51374,"FinalCO":null,"FinalCODate":null,"CensusTract":"128.03 "}},{"type":"Feature","id":56003,"geometry":null,"properties":{"OBJECTID":56003,"PermitNum":201211834,"IssuedDate":1345475400000,"StatusCurrent":"Final Inspection Made                                       ","ApplicationType":"Int/Ext Alteration","Description":"Int.  Alt.    Water damage, hvac, insulation, & some framing","TotalCost":40000,"FinalCO":"P","FinalCODate":1356606480000,"CensusTract":"157.06 "}},{"type":"Feature","id":29516,"geometry":null,"properties":{"OBJECTID":29516,"PermitNum":201208045,"IssuedDate":1341483480000,"StatusCurrent":"Final Inspection Made                                       ","ApplicationType":"Int/Ext Alteration","Description":"HVAC MODIFICATIONS","TotalCost":148000,"FinalCO":"P","FinalCODate":1360931880000,"CensusTract":"105.00 "}},{"type":"Feature","id":29517,"geometry":null,"properties":{"OBJECTID":29517,"PermitNum":201208352,"IssuedDate":1340991900000,"StatusCurrent":"Final Inspection Made                                       ","ApplicationType":"Int/Ext Alteration","Description":"HVAC UPGRADE. BROOKS GLOBAL ELEMENTARY SCHOOL.","TotalCost":856400,"FinalCO":"P","FinalCODate":1422632400000,"CensusTract":"105.00 "}},{"type":"Feature","id":27750,"geometry":null,"properties":{"OBJECTID":27750,"PermitNum":201208375,"IssuedDate":1340364540000,"StatusCurrent":"Final Inspection Made                                       ","ApplicationType":"New Construction","Description":"6 x 4' Guardhouse with through wall HVAC system.   \"North Elam Medical Plaza\"","TotalCost":9300,"FinalCO":null,"FinalCODate":null,"CensusTract":"105.00 "}},{"type":"Feature","id":29704,"geometry":null,"properties":{"OBJECTID":29704,"PermitNum":201207731,"IssuedDate":1340117160000,"StatusCurrent":"Final Inspection Made                                       ","ApplicationType":"Int/Ext Alteration","Description":"HVAC REPLACEMENT ONLY--WENDOVER MEDICAL SUITE -B","TotalCost":70000,"FinalCO":"P","FinalCODate":1342024980000,"CensusTract":"104.01 "}},{"type":"Feature","id":29665,"geometry":null,"properties":{"OBJECTID":29665,"PermitNum":201207729,"IssuedDate":1340117100000,"StatusCurrent":"Final Inspection Made                                       ","ApplicationType":"Int/Ext Alteration","Description":"HVAC REPLACEMENT ONLY--WENDOVER MEDICAL SUITE -B","TotalCost":70000,"FinalCO":"P","FinalCODate":1343222400000,"CensusTract":"104.01 "}},{"type":"Feature","id":29676,"geometry":null,"properties":{"OBJECTID":29676,"PermitNum":201207730,"IssuedDate":1340117100000,"StatusCurrent":"Final Inspection Made                                       ","ApplicationType":"Int/Ext Alteration","Description":"HVAC REPLACEMENT ONLY--WENDOVER MEDICAL SUITE -B","TotalCost":70000,"FinalCO":null,"FinalCODate":null,"CensusTract":"104.01 "}},{"type":"Feature","id":11581,"geometry":null,"properties":{"OBJECTID":11581,"PermitNum":201206324,"IssuedDate":1338802080000,"StatusCurrent":"Final Inspection Made                                       ","ApplicationType":"Int/Ext Alteration","Description":"INTERIOR UPFIT OF NEW FINISHES, HVAC, PLUMBING AND ELECTRICAL IMPROVEMENTS FOR NEW OFFICES.   \" GSA SUITE 149 \"","TotalCost":87552,"FinalCO":"P","FinalCODate":1340989740000,"CensusTract":"126.07 "}},{"type":"Feature","id":52459,"geometry":null,"properties":{"OBJECTID":52459,"PermitNum":201203510,"IssuedDate":1337957820000,"StatusCurrent":"Final Inspection Made                                       ","ApplicationType":"Addition","Description":"ADDITION TO PROEHLIFIC PARK, ADDITION 9000 SQFT. MEZZANINE ADDITION & UPFIT ON BOTH FLOORS, NEW LOCKER ROOMS, NEW OFFICES, RESTROOMS, ADDED ELECT. CAPACITY, HVAC AND FITNESS CENTER AREAS--(SPORTS COMPLEX)","TotalCost":916000,"FinalCO":"P","FinalCODate":1354883040000,"CensusTract":"160.06 "}},{"type":"Feature","id":28811,"geometry":null,"properties":{"OBJECTID":28811,"PermitNum":201205443,"IssuedDate":1335787740000,"StatusCurrent":"Final Inspection Made                                       ","ApplicationType":"Int/Ext Alteration","Description":"INSTALL NEW APPLE  PROTOTYPICAL FIXTURES AT SIMILAR LOCATION IN THE SALON AREA,\r\nMISC. WORK FOR HVAC DUCT WORK--APPLE STORE.\r\nADDING ELECTRICAL OUTLETS AT FLOOR BOXES AND ADDING A SECURITY SCREEN.","TotalCost":260000,"FinalCO":"P","FinalCODate":1350903180000,"CensusTract":"125.09 "}},{"type":"Feature","id":24776,"geometry":null,"properties":{"OBJECTID":24776,"PermitNum":201203565,"IssuedDate":1335348600000,"StatusCurrent":"Final Inspection Made                                       ","ApplicationType":"Int/Ext Alteration","Description":"INTERIOR WALLS & HVAC       PHASE 2 --  EDUCATIONAL ROOM","TotalCost":14900,"FinalCO":"P","FinalCODate":1342024980000,"CensusTract":"108.00 "}},{"type":"Feature","id":26931,"geometry":null,"properties":{"OBJECTID":26931,"PermitNum":201204935,"IssuedDate":1334135700000,"StatusCurrent":"Final Inspection Made                                       ","ApplicationType":"Int/Ext Alteration","Description":"PHASE 2- ADMIN, WAITING ROOM, 4 OFFICES, 6 EXAM ROOMS, 3 TOILETS, 2 STORAGE ROOMS AND 1 NURSE STATION. COMPLETE PERMIT REQUIRED  BMEP-(DEMO, NEW WALLS & ELECTRICAL, RELOCATE HVAC & SPRINKLER AS REQ.)","TotalCost":1000,"FinalCO":"P","FinalCODate":1336118760000,"CensusTract":"105    "}},{"type":"Feature","id":7404,"geometry":null,"properties":{"OBJECTID":7404,"PermitNum":201203265,"IssuedDate":1334052180000,"StatusCurrent":"Final Inspection Made                                       ","ApplicationType":"Miscellaneous","Description":"INSTALL ROOF TOP -HVAC UNITS","TotalCost":35000,"FinalCO":null,"FinalCODate":null,"CensusTract":"113.00 "}},{"type":"Feature","id":8497,"geometry":null,"properties":{"OBJECTID":8497,"PermitNum":201200552,"IssuedDate":1326901560000,"StatusCurrent":"Final Inspection Made                                       ","ApplicationType":"Int/Ext Alteration","Description":"Replace over head doors with storefront with safety glazing; install suspended ceiling in office area; add door at existing opening to mech room.  No change of occupancy.  Mechanical permit required for HVAC.  Electrical permit req'd for add'l lighting/sw (RESUBMITTED REVISED PLANS FOR CHANGE OF USE TO INTERNET CAFE [GROUP A-3] ON 3/23/2012)(BELOW 50 OCCUPANTS = BUSINESS OCCUPANCY","TotalCost":12500,"FinalCO":"P","FinalCODate":1334574900000,"CensusTract":"128.05 "}},{"type":"Feature","id":27547,"geometry":null,"properties":{"OBJECTID":27547,"PermitNum":201118631,"IssuedDate":1326098820000,"StatusCurrent":"Final Inspection Made                                       ","ApplicationType":"Int/Ext Alteration","Description":"REPLACE CHILLER WITH NEW CHILLER. WESLEY LONG HOSPITAL.","TotalCost":985000,"FinalCO":null,"FinalCODate":null,"CensusTract":"105.00 "}},{"type":"Feature","id":2764,"geometry":null,"properties":{"OBJECTID":2764,"PermitNum":201118860,"IssuedDate":1323703140000,"StatusCurrent":"Final Inspection Made                                       ","ApplicationType":"Int/Ext Alteration","Description":"HVAC & ELEC UPGRADE. FRAZIER ELEMENTARY SCHOOL.","TotalCost":900104,"FinalCO":"P","FinalCODate":1345133820000,"CensusTract":"126.12 "}},{"type":"Feature","id":25072,"geometry":null,"properties":{"OBJECTID":25072,"PermitNum":201118841,"IssuedDate":1323690660000,"StatusCurrent":"Final Inspection Made                                       ","ApplicationType":"Int/Ext Alteration","Description":"ALTERATIONS , PAINTING, NEW HVAC, RE-ROOF, VINYL SIDING, WINDOWS/ REPLACE APPLICANCES","TotalCost":45000,"FinalCO":"P","FinalCODate":1334670000000,"CensusTract":"105.00 "}},{"type":"Feature","id":21357,"geometry":null,"properties":{"OBJECTID":21357,"PermitNum":201118422,"IssuedDate":1322839020000,"StatusCurrent":"Final Inspection Made                                       ","ApplicationType":"Int/Ext Alteration","Description":"DEMO/ WAREHOUSE OFFICES & FINISH REMOVE STRIP LIGHTS REMOVE HVAC EXHAUST/ FANS NOT WORKING-GENERAL CLEAN-UP OF WALLS.","TotalCost":38000,"FinalCO":null,"FinalCODate":null,"CensusTract":"164.03 "}},{"type":"Feature","id":6672,"geometry":null,"properties":{"OBJECTID":6672,"PermitNum":201116202,"IssuedDate":1320323580000,"StatusCurrent":"Final Inspection Made                                       ","ApplicationType":"Int/Ext Alteration","Description":"INSTALLATION OF SUPPLEMENTAL COOLING SYSTEM & ASSOCIATED WORK. SMITH HIGH SCHOOL. BLDG A HVAC.","TotalCost":258000,"FinalCO":null,"FinalCODate":null,"CensusTract":"126.09 "}},{"type":"Feature","id":26985,"geometry":null,"properties":{"OBJECTID":26985,"PermitNum":201116564,"IssuedDate":1319449320000,"StatusCurrent":"Final Inspection Made                                       ","ApplicationType":"Int/Ext Alteration","Description":"DEMO & RENOVATION FOR MEDICAL LAB. LEBAUER HEALTH. BASEMENT PATHOLOGY LAB.  Includes exterior 5x5' concrete pad for a HVAC condenser.","TotalCost":57000,"FinalCO":"P","FinalCODate":1321016940000,"CensusTract":"105.00 "}},{"type":"Feature","id":23104,"geometry":null,"properties":{"OBJECTID":23104,"PermitNum":201114851,"IssuedDate":1317988140000,"StatusCurrent":"Final Inspection Made                                       ","ApplicationType":"Int/Ext Alteration","Description":"DEMO, NEW WALLS, ELECT hvac REPLACEMENT/ CREATES NEW ASSEMBLY AREA\r\nPIEDMONT TRIAD APT. ASSOC","TotalCost":46000,"FinalCO":"P","FinalCODate":1320077820000,"CensusTract":"164.03 "}},{"type":"Feature","id":39198,"geometry":null,"properties":{"OBJECTID":39198,"PermitNum":201114840,"IssuedDate":1317652200000,"StatusCurrent":"Final Inspection Made                                       ","ApplicationType":"Int/Ext Alteration","Description":"UP-FIT FOR A CUSTOMER LOBBY, NO ADDITION OF SQUARE FOOTAGE APPLIES, ALL WORK UNDER EXISTING ROOF, NEW STORE FRONT, HVAC, LIGHTS & ADA BATHROOM. JIFFY LUBE.","TotalCost":54633,"FinalCO":"P","FinalCODate":1321261200000,"CensusTract":"125.08 "}},{"type":"Feature","id":8747,"geometry":null,"properties":{"OBJECTID":8747,"PermitNum":201113233,"IssuedDate":1314114960000,"StatusCurrent":"Final Inspection Made                                       ","ApplicationType":"Int/Ext Alteration","Description":"INTERIOR ALTERATIONS -- REPLACE HVAC, PLMB, ELEC;   1 DOOR     CONTACT:   MIKE BENAVANTE      656-3583","TotalCost":6100,"FinalCO":"P","FinalCODate":1317821040000,"CensusTract":"126.04 "}},{"type":"Feature","id":11780,"geometry":null,"properties":{"OBJECTID":11780,"PermitNum":201108329,"IssuedDate":1313600460000,"StatusCurrent":"Final Inspection Made                                       ","ApplicationType":"Int/Ext Alteration","Description":"Hunter elementary --  HVAC Replacement / up grade","TotalCost":632373,"FinalCO":"P","FinalCODate":1328284080000,"CensusTract":"116.02 "}},{"type":"Feature","id":25420,"geometry":null,"properties":{"OBJECTID":25420,"PermitNum":201111669,"IssuedDate":1313411640000,"StatusCurrent":"Final Inspection Made                                       ","ApplicationType":"Int/Ext Alteration","Description":"OFFICE RENOVATIONS-HVAC TO BE DONE UNDER OWNER PERMIT & RESPONIBILITY PER D.H. GRIFFIN- (MSC TOOLS)","TotalCost":61800,"FinalCO":"P","FinalCODate":1317735360000,"CensusTract":"162.02 "}},{"type":"Feature","id":38282,"geometry":null,"properties":{"OBJECTID":38282,"PermitNum":201112689,"IssuedDate":1313075880000,"StatusCurrent":"Final Inspection Made                                       ","ApplicationType":"Int/Ext Alteration","Description":"UPDATE ELECTRICAL, PLUMBING, HVAC;  MINOR FRAMING    CONTACT:   SCOTT PEMBERTON    480-529-0737","TotalCost":7000,"FinalCO":"P","FinalCODate":1387368060000,"CensusTract":"125.06 "}},{"type":"Feature","id":57720,"geometry":null,"properties":{"OBJECTID":57720,"PermitNum":201111774,"IssuedDate":1313072820000,"StatusCurrent":"Final Inspection Made                                       ","ApplicationType":"Addition","Description":"PERMIT TO COMPLETE BUILDING-PLANS OK'D BY ALL BI REVIEWERS FOR COMPLETION. PROCTOR & GAMBLE CHILLER ADDITION\r\nUses plan #2011-288.","TotalCost":1000,"FinalCO":null,"FinalCODate":null,"CensusTract":"155.00 "}},{"type":"Feature","id":16617,"geometry":null,"properties":{"OBJECTID":16617,"PermitNum":201110028,"IssuedDate":1310729460000,"StatusCurrent":"Final Inspection Made                                       ","ApplicationType":"Int/Ext Alteration","Description":"Change of use.  B-Retail  with added toilet room..    HVAC      \"Bookstore\"","TotalCost":21000,"FinalCO":"P","FinalCODate":1320942360000,"CensusTract":"106.02 "}},{"type":"Feature","id":8141,"geometry":null,"properties":{"OBJECTID":8141,"PermitNum":201109148,"IssuedDate":1308747660000,"StatusCurrent":"Final Inspection Made                                       ","ApplicationType":"Int/Ext Alteration","Description":"HVAC/ASSOCIATED MISC WORK. ALDERMAN ELEMENTARY SCHOOL HVAC RENOVATION.","TotalCost":624928,"FinalCO":"P","FinalCODate":1324374540000,"CensusTract":"126.17 "}},{"type":"Feature","id":16175,"geometry":null,"properties":{"OBJECTID":16175,"PermitNum":201107858,"IssuedDate":1306940580000,"StatusCurrent":"Final Inspection Made                                       ","ApplicationType":"Repair to Standard","Description":"Apartment building -- Window and door replacements; hvac replacement;  field review required    Contact: Jeff Nall   707-9727","TotalCost":324000,"FinalCO":"P","FinalCODate":1320760140000,"CensusTract":"112.00 "}},{"type":"Feature","id":57718,"geometry":null,"properties":{"OBJECTID":57718,"PermitNum":201102502,"IssuedDate":1302279420000,"StatusCurrent":"Final Inspection Made                                       ","ApplicationType":"Addition","Description":"New Chiller Building    Contact:  336-708-2289   \"Proctor & Gamble\"","TotalCost":121134,"FinalCO":null,"FinalCODate":null,"CensusTract":"155.00 "}},{"type":"Feature","id":22318,"geometry":null,"properties":{"OBJECTID":22318,"PermitNum":201104776,"IssuedDate":1302278880000,"StatusCurrent":"Final Inspection Made                                       ","ApplicationType":"Int/Ext Alteration","Description":"ALTERATION OF TENANT SPACE, NEW TOILET ROOMS, NEW HVAC, PLUMBING, ELEC & FINISH. PHOTOBIZ.  OWNER/OCCUPANT WILL PERFORM WORK.  PHASE I ONLY AS NOTED ON PLANS.  SUBMIT REVISED PLANS FOR PHASE II WORK IN FUTURE./ CONTACT PERSON- 681-1924 JERRY/ OWNER 209-5678","TotalCost":84000,"FinalCO":"P","FinalCODate":1308235620000,"CensusTract":"107.01 "}},{"type":"Feature","id":41159,"geometry":null,"properties":{"OBJECTID":41159,"PermitNum":201102893,"IssuedDate":1299850920000,"StatusCurrent":"Final Inspection Made                                       ","ApplicationType":"Int/Ext Alteration","Description":"MINI-SPLIT HVAC SYSTEM. ADDING A BREAK SINK.","TotalCost":18500,"FinalCO":null,"FinalCODate":null,"CensusTract":"162.01 "}},{"type":"Feature","id":22957,"geometry":null,"properties":{"OBJECTID":22957,"PermitNum":201101139,"IssuedDate":1297685160000,"StatusCurrent":"Final Inspection Made                                       ","ApplicationType":"Int/Ext Alteration","Description":"WALL CONSTRUCTION FOR NEW ROOM LAYOUT, BREAKROOM, OPEN OFFICE AREA, MISC PLUMBING/ELEC/HVAC. ORASI SOFTWARE.","TotalCost":105000,"FinalCO":"P","FinalCODate":1300353120000,"CensusTract":"164.03 "}},{"type":"Feature","id":28627,"geometry":null,"properties":{"OBJECTID":28627,"PermitNum":201015184,"IssuedDate":1297676220000,"StatusCurrent":"Final Inspection Made                                       ","ApplicationType":"Int/Ext Alteration","Description":"LOBBY WALL CONSTRUCTION FOR ROOM RECONFIGURATION MISC. ELECT-HVAC WORK.-RBC CENTURA BANK. FRIENDLY CENTER","TotalCost":50000,"FinalCO":"P","FinalCODate":1302268500000,"CensusTract":"125.09 "}},{"type":"Feature","id":27544,"geometry":null,"properties":{"OBJECTID":27544,"PermitNum":201015149,"IssuedDate":1295542380000,"StatusCurrent":"Final Inspection Made                                       ","ApplicationType":"Int/Ext Alteration","Description":"REPLACEMENT/ADDITION OF CHILLER\r\nWESLEY LONG HOSPITAL CHILLER","TotalCost":1144914,"FinalCO":"P","FinalCODate":1311587700000,"CensusTract":"105.00 "}},{"type":"Feature","id":35468,"geometry":null,"properties":{"OBJECTID":35468,"PermitNum":201100566,"IssuedDate":1295003640000,"StatusCurrent":"Final Inspection Made                                       ","ApplicationType":"Int/Ext Alteration","Description":"Interior alterations; repair kitchen electrical, HVAC, plumbing\r\n  contact:  Molly Miller    337-5490","TotalCost":40000,"FinalCO":"P","FinalCODate":1303231500000,"CensusTract":"104.04 "}},{"type":"Feature","id":19483,"geometry":null,"properties":{"OBJECTID":19483,"PermitNum":202408572,"IssuedDate":null,"StatusCurrent":"Active                                                      ","ApplicationType":"Initial Up-Fit","Description":"HVAC work to add hookah to existing restaurant","TotalCost":15000,"FinalCO":null,"FinalCODate":null,"CensusTract":"107.02 "}},{"type":"Feature","id":21332,"geometry":null,"properties":{"OBJECTID":21332,"PermitNum":202615162,"IssuedDate":null,"StatusCurrent":"Active                                                      ","ApplicationType":"Int/Ext Alteration","Description":"Demolition and construction of office space, HVAC, and Electrical components.  Upfit warehouse to pharmacy distribution space.","TotalCost":8467888,"FinalCO":null,"FinalCODate":null,"CensusTract":"164.05 "}},{"type":"Feature","id":6749,"geometry":null,"properties":{"OBJECTID":6749,"PermitNum":202414464,"IssuedDate":null,"StatusCurrent":"Active                                                      ","ApplicationType":"Int/Ext Alteration","Description":"Change of Use; Parking lot to be reworked to allow for charging station and HVAC units and post to be moved to accommodate for ADA parking. The permit for the EV charging station use 4116-EV BERNAU AVE address.","TotalCost":28000,"FinalCO":null,"FinalCODate":null,"CensusTract":"126.17 "}},{"type":"Feature","id":8638,"geometry":null,"properties":{"OBJECTID":8638,"PermitNum":202612817,"IssuedDate":null,"StatusCurrent":"Active                                                      ","ApplicationType":"Int/Ext Alteration","Description":"Scope includes new HVAC system, electrical, new plumbing for restrooms, LVP flooring, wall framing, paint and ACT ceiling.","TotalCost":119208,"FinalCO":null,"FinalCODate":null,"CensusTract":"126.04 "}},{"type":"Feature","id":8360,"geometry":null,"properties":{"OBJECTID":8360,"PermitNum":202615358,"IssuedDate":null,"StatusCurrent":"Active                                                      ","ApplicationType":"Int/Ext Alteration","Description":"RENOVATION OF AN EXISTING +/- 4,600 SF INDOOR POOL, EXISTING RESTROOMS, EXTERIOR POOL PATIO WITHIN AN EXISTING HOTEL (R-1). WORK SHALL INCLUDE UPDATING EXTERIOR GLAZING, NEW CEILINGS,  REPLACING EXISTING BATHROOM FIXTURES WITH UPDATED FINISHES, UPDATES TO FLOORING AND FINISHES, UPDATES TO OUTDOOR POOL SLAB AND ASSOCIATED ELECTRICAL, PLUMBING, AND HVAC WORK.","TotalCost":863255,"FinalCO":null,"FinalCODate":null,"CensusTract":"126.10 "}},{"type":"Feature","id":48887,"geometry":null,"properties":{"OBJECTID":48887,"PermitNum":202608338,"IssuedDate":null,"StatusCurrent":"Active                                                      ","ApplicationType":"Int/Ext Alteration","Description":"Enclose existing porch to sunroom. No footprint change. Add framing, windows, electrical and HVAC.","TotalCost":12500,"FinalCO":null,"FinalCODate":null,"CensusTract":"160.09 "}},{"type":"Feature","id":25310,"geometry":null,"properties":{"OBJECTID":25310,"PermitNum":202404672,"IssuedDate":null,"StatusCurrent":"Active                                                      ","ApplicationType":"Int/Ext Alteration","Description":"\t\r\nReplace the HVAC system for the front offices.","TotalCost":5000000,"FinalCO":null,"FinalCODate":null,"CensusTract":"127.07 "}},{"type":"Feature","id":59339,"geometry":null,"properties":{"OBJECTID":59339,"PermitNum":202608109,"IssuedDate":null,"StatusCurrent":"Active                                                      ","ApplicationType":"Int/Ext Alteration","Description":"Add interior non-loadbearing partitions to create two additional offices. Framing, drywall, electrical, and hvac.","TotalCost":30000,"FinalCO":null,"FinalCODate":null,"CensusTract":"156.02 "}}]}