{"type":"FeatureCollection","features":[{"type":"Feature","id":57643,"geometry":null,"properties":{"OBJECTID":57643,"PermitNum":202614292,"IssuedDate":1787129220000,"StatusCurrent":"Issued                                                      ","ApplicationType":"Int/Ext Alterations","Description":"Roof-mounted solar panel via DOI opt 2 & (2) Tesla Powerwall 3. Same-day utility reconnect inspection is needed before final.","TotalCost":63922,"FinalCO":null,"FinalCODate":null,"CensusTract":"151.00 "}},{"type":"Feature","id":24639,"geometry":null,"properties":{"OBJECTID":24639,"PermitNum":202614294,"IssuedDate":1787129040000,"StatusCurrent":"Issued                                                      ","ApplicationType":"Int/Ext Alterations","Description":"Roof-mounted solar via DOI opt 2 & (1) Tesla Powerwall 3. Same-day utility reconnect inspection is needed before final.","TotalCost":67942,"FinalCO":null,"FinalCODate":null,"CensusTract":"105.00 "}},{"type":"Feature","id":57959,"geometry":null,"properties":{"OBJECTID":57959,"PermitNum":202613828,"IssuedDate":1786360020000,"StatusCurrent":"Issued                                                      ","ApplicationType":"Int/Ext Alterations","Description":"Installation of solar panels flat on a residential roof","TotalCost":19784,"FinalCO":null,"FinalCODate":null,"CensusTract":"151.00 "}},{"type":"Feature","id":43850,"geometry":null,"properties":{"OBJECTID":43850,"PermitNum":202613151,"IssuedDate":1785398400000,"StatusCurrent":"Issued                                                      ","ApplicationType":"Int/Ext Alterations","Description":"Installation of solar panels flat on a residential roof","TotalCost":18171,"FinalCO":null,"FinalCODate":null,"CensusTract":"125.10 "}},{"type":"Feature","id":55468,"geometry":null,"properties":{"OBJECTID":55468,"PermitNum":202613975,"IssuedDate":1785169800000,"StatusCurrent":"Issued                                                      ","ApplicationType":"Int/Ext Alterations","Description":"Like for like changeout of solar panels for roof replacement","TotalCost":10229,"FinalCO":null,"FinalCODate":null,"CensusTract":"155.00 "}},{"type":"Feature","id":5802,"geometry":null,"properties":{"OBJECTID":5802,"PermitNum":202612475,"IssuedDate":1784718660000,"StatusCurrent":"Issued                                                      ","ApplicationType":"Int/Ext Alterations","Description":"\t\r\nResidential Installation of 2 Roof Mounted PV Modules and battery to an Existing Solar System","TotalCost":20000,"FinalCO":null,"FinalCODate":null,"CensusTract":"126.10 "}},{"type":"Feature","id":13014,"geometry":null,"properties":{"OBJECTID":13014,"PermitNum":202612545,"IssuedDate":1784718120000,"StatusCurrent":"Issued                                                      ","ApplicationType":"Int/Ext Alterations","Description":"installation of roof mounted solar panels (16 panels) and 1 Generac battery","TotalCost":38556,"FinalCO":null,"FinalCODate":null,"CensusTract":"115.00 "}},{"type":"Feature","id":28079,"geometry":null,"properties":{"OBJECTID":28079,"PermitNum":202612075,"IssuedDate":1784106480000,"StatusCurrent":"Issued                                                      ","ApplicationType":"Int/Ext Alterations","Description":"\t\r\nroof-mounted solar panel array via DOI opt 2 and installation of (1) Tesla Powerwall 3. Same Day ...","TotalCost":31024,"FinalCO":null,"FinalCODate":null,"CensusTract":"108.00 "}},{"type":"Feature","id":17997,"geometry":null,"properties":{"OBJECTID":17997,"PermitNum":202611079,"IssuedDate":1783348080000,"StatusCurrent":"Final Inspection Made                                       ","ApplicationType":"Int/Ext Alterations","Description":"roof-mounted solar panel array via DOI opt 2 & installation of (2) Tesla Powerwall 3 & same-day utility reconnect","TotalCost":48853,"FinalCO":"Y","FinalCODate":1787238420000,"CensusTract":"106.02 "}},{"type":"Feature","id":23446,"geometry":null,"properties":{"OBJECTID":23446,"PermitNum":202610757,"IssuedDate":1783327380000,"StatusCurrent":"Final Inspection Made                                       ","ApplicationType":"Int/Ext Alterations","Description":"\t\r\n38 roof-mounted solar panels and 1 Tesla energy storage system.","TotalCost":39262,"FinalCO":null,"FinalCODate":null,"CensusTract":"105.00 "}},{"type":"Feature","id":55758,"geometry":null,"properties":{"OBJECTID":55758,"PermitNum":202610005,"IssuedDate":1781520540000,"StatusCurrent":"Final Inspection Made                                       ","ApplicationType":"Int/Ext Alterations","Description":"Installation of roof-mounted solar panel DOI opt 2 & (1) Tesla Powerwall 3. Same-day utility reconnect","TotalCost":33182,"FinalCO":"Y","FinalCODate":1785935220000,"CensusTract":"155.00 "}},{"type":"Feature","id":46328,"geometry":null,"properties":{"OBJECTID":46328,"PermitNum":202609898,"IssuedDate":1781103480000,"StatusCurrent":"Issued                                                      ","ApplicationType":"Int/Ext Alterations","Description":"Installation of roof mounted solar panels (26 panels) and 1 Tesla Powerwall","TotalCost":44906,"FinalCO":null,"FinalCODate":null,"CensusTract":"160.09 "}},{"type":"Feature","id":25331,"geometry":null,"properties":{"OBJECTID":25331,"PermitNum":202610759,"IssuedDate":1780997100000,"StatusCurrent":"Issued                                                      ","ApplicationType":"Int/Ext Alterations","Description":"Roof Mounted Solar Electric System, 34kW, Grid tied DUke Energy, no battery storage.\r\nTakeover permit for permit number 202522317","TotalCost":0,"FinalCO":null,"FinalCODate":null,"CensusTract":"162.04 "}},{"type":"Feature","id":47127,"geometry":null,"properties":{"OBJECTID":47127,"PermitNum":202608268,"IssuedDate":1779789060000,"StatusCurrent":"Final Inspection Made                                       ","ApplicationType":"Int/Ext Alterations","Description":"Solar Installation of 11.440 KW Residential Roof-Mounted PV System and 1 TPW3 battery.\r\n(Service Side Work: Power Drop Required)\r\n\r\nTCI on File 06/12/2026","TotalCost":34700,"FinalCO":null,"FinalCODate":null,"CensusTract":"160.09 "}},{"type":"Feature","id":41907,"geometry":null,"properties":{"OBJECTID":41907,"PermitNum":202608357,"IssuedDate":1779788940000,"StatusCurrent":"Final Inspection Made                                       ","ApplicationType":"Int/Ext Alterations","Description":"Residential Roof Top Solar Installation\r\n\r\nTCI on File 06/12/2026","TotalCost":32650,"FinalCO":null,"FinalCODate":null,"CensusTract":"125.10 "}},{"type":"Feature","id":32605,"geometry":null,"properties":{"OBJECTID":32605,"PermitNum":202608092,"IssuedDate":1778487420000,"StatusCurrent":"Final Inspection Made                                       ","ApplicationType":"Int/Ext Alterations","Description":"roof-mounted solar panel array DOI 2, installation of (1) Tesla Powerwall 3. A same-day utility reconnect inspection is needed","TotalCost":46641,"FinalCO":null,"FinalCODate":null,"CensusTract":"125.09 "}},{"type":"Feature","id":33730,"geometry":null,"properties":{"OBJECTID":33730,"PermitNum":202607690,"IssuedDate":1778229120000,"StatusCurrent":"Final Inspection Made                                       ","ApplicationType":"Int/Ext Alterations","Description":"\t\r\nroof-mounted solar panel array via DOI 2, installation of (1) Tesla Powerwall 3. Same-day utility...","TotalCost":26726,"FinalCO":null,"FinalCODate":null,"CensusTract":"125.08 "}},{"type":"Feature","id":41473,"geometry":null,"properties":{"OBJECTID":41473,"PermitNum":202607817,"IssuedDate":1778079960000,"StatusCurrent":"Final Inspection Made                                       ","ApplicationType":"Int/Ext Alterations","Description":"\t\r\nInstallation of 17 solar panels flat on a residential rooftop.","TotalCost":18000,"FinalCO":null,"FinalCODate":null,"CensusTract":"127.04 "}},{"type":"Feature","id":26049,"geometry":null,"properties":{"OBJECTID":26049,"PermitNum":202606561,"IssuedDate":1777278240000,"StatusCurrent":"Final Inspection Made                                       ","ApplicationType":"Int/Ext Alterations","Description":"Solar Installation of 12.600 KW Residential Roof-Mounted PV System and One Tesla Power Wall Battery Backup\r\n(Power Drop Required)","TotalCost":31400,"FinalCO":null,"FinalCODate":null,"CensusTract":"125.05 "}},{"type":"Feature","id":12467,"geometry":null,"properties":{"OBJECTID":12467,"PermitNum":202607083,"IssuedDate":1777028640000,"StatusCurrent":"Final Inspection Made                                       ","ApplicationType":"Int/Ext Alterations","Description":"Installation of 14 rooftop solar panels","TotalCost":11900,"FinalCO":null,"FinalCODate":null,"CensusTract":"115.00 "}},{"type":"Feature","id":30907,"geometry":null,"properties":{"OBJECTID":30907,"PermitNum":202606559,"IssuedDate":1776941100000,"StatusCurrent":"Final Inspection Made                                       ","ApplicationType":"Int/Ext Alterations","Description":"Solar System Addition of 3.600 KW Residential Roof-Mounted PV System and 1 Franklin aPower2 Battery Backup (Power Drop Required)\r\n\r\nTCI on FILE 04/23/2026 Noemi","TotalCost":26800,"FinalCO":"Y","FinalCODate":1780401360000,"CensusTract":"125.09 "}},{"type":"Feature","id":40301,"geometry":null,"properties":{"OBJECTID":40301,"PermitNum":202605925,"IssuedDate":1776067860000,"StatusCurrent":"Final Inspection Made                                       ","ApplicationType":"Int/Ext Alterations","Description":"Installation of a roof-mounted solar panel and installation of (2) Tesla Powerwall 3.","TotalCost":58663,"FinalCO":"Y","FinalCODate":1781282520000,"CensusTract":"162.01 "}},{"type":"Feature","id":31975,"geometry":null,"properties":{"OBJECTID":31975,"PermitNum":202604732,"IssuedDate":1774599360000,"StatusCurrent":"Final Inspection Made                                       ","ApplicationType":"Int/Ext Alterations","Description":"installation of roof mounted solar (16 panels) and a battery","TotalCost":31332,"FinalCO":null,"FinalCODate":null,"CensusTract":"125.11 "}},{"type":"Feature","id":23747,"geometry":null,"properties":{"OBJECTID":23747,"PermitNum":202601638,"IssuedDate":1774357320000,"StatusCurrent":"Final Inspection Made                                       ","ApplicationType":"Int/Ext Alterations","Description":"Installation of 191.84 kW roof top solar","TotalCost":393514,"FinalCO":"Y","FinalCODate":1782206460000,"CensusTract":"127.07 "}},{"type":"Feature","id":35730,"geometry":null,"properties":{"OBJECTID":35730,"PermitNum":202604605,"IssuedDate":1773746340000,"StatusCurrent":"Final Inspection Made                                       ","ApplicationType":"Int/Ext Alterations","Description":"Residential solar","TotalCost":49530,"FinalCO":"Y","FinalCODate":1780583400000,"CensusTract":"125.11 "}},{"type":"Feature","id":35444,"geometry":null,"properties":{"OBJECTID":35444,"PermitNum":202603125,"IssuedDate":1773142500000,"StatusCurrent":"Final Inspection Made                                       ","ApplicationType":"Int/Ext Alterations","Description":"Rooftop solar with 2 energy storage batteries","TotalCost":40035,"FinalCO":"Y","FinalCODate":1779195060000,"CensusTract":"161.01 "}},{"type":"Feature","id":34731,"geometry":null,"properties":{"OBJECTID":34731,"PermitNum":202603404,"IssuedDate":1772526120000,"StatusCurrent":"Final Inspection Made                                       ","ApplicationType":"Int/Ext Alterations","Description":"\t\r\nInstallation of solar panels flat on a residential roof","TotalCost":29545,"FinalCO":null,"FinalCODate":null,"CensusTract":"127.05 "}},{"type":"Feature","id":5848,"geometry":null,"properties":{"OBJECTID":5848,"PermitNum":202520230,"IssuedDate":1771319880000,"StatusCurrent":"Issued                                                      ","ApplicationType":"Int/Ext Alterations","Description":"Removal and reinstallation work on solar roof mounted system","TotalCost":4432,"FinalCO":null,"FinalCODate":null,"CensusTract":"126.10 "}},{"type":"Feature","id":56493,"geometry":null,"properties":{"OBJECTID":56493,"PermitNum":202601580,"IssuedDate":1770654720000,"StatusCurrent":"Final Inspection Made                                       ","ApplicationType":"Int/Ext Alterations","Description":"Solar Installation of 16.200 KW Residential Roof-Mounted PV System and 1 TPW3.\r\n(Service Side Work: Power Drop Required)","TotalCost":34700,"FinalCO":"Y","FinalCODate":1776419100000,"CensusTract":"157.04 "}},{"type":"Feature","id":4211,"geometry":null,"properties":{"OBJECTID":4211,"PermitNum":202601790,"IssuedDate":1770223560000,"StatusCurrent":"Issued                                                      ","ApplicationType":"Int/Ext Alterations","Description":"18 roof mounted solar photovoltaic modules on existing residence with 1 10kwh SolarEdge energy bank.","TotalCost":59849,"FinalCO":null,"FinalCODate":null,"CensusTract":"126.21 "}},{"type":"Feature","id":58058,"geometry":null,"properties":{"OBJECTID":58058,"PermitNum":202600954,"IssuedDate":1768495740000,"StatusCurrent":"Final Inspection Made                                       ","ApplicationType":"Int/Ext Alterations","Description":"residential solar","TotalCost":0,"FinalCO":"Y","FinalCODate":1771238880000,"CensusTract":"151.00 "}},{"type":"Feature","id":50306,"geometry":null,"properties":{"OBJECTID":50306,"PermitNum":202600887,"IssuedDate":1768484580000,"StatusCurrent":"Final Inspection Made                                       ","ApplicationType":"Int/Ext Alterations","Description":"solar","TotalCost":0,"FinalCO":null,"FinalCODate":null,"CensusTract":"154.02 "}},{"type":"Feature","id":17574,"geometry":null,"properties":{"OBJECTID":17574,"PermitNum":202523345,"IssuedDate":1767775380000,"StatusCurrent":"Issued                                                      ","ApplicationType":"Int/Ext Alterations","Description":"REMOVAL AND REINSTALLATION OF ROOFTOP MOUNTED PHOTOVOLTAIC SOLAR SYSTEM","TotalCost":4078,"FinalCO":null,"FinalCODate":null,"CensusTract":"153.02 "}},{"type":"Feature","id":46798,"geometry":null,"properties":{"OBJECTID":46798,"PermitNum":202523656,"IssuedDate":1767702240000,"StatusCurrent":"Final Inspection Made                                       ","ApplicationType":"Int/Ext Alterations","Description":"Solar Installation of 11.440 KW Resi Roof-Mount PV System and 1 TPW3 Battery Backup.","TotalCost":31900,"FinalCO":"Y","FinalCODate":1774452420000,"CensusTract":"154.02 "}},{"type":"Feature","id":56213,"geometry":null,"properties":{"OBJECTID":56213,"PermitNum":202523695,"IssuedDate":1767701640000,"StatusCurrent":"Final Inspection Made                                       ","ApplicationType":"Int/Ext Alterations","Description":"30 roof mounted solar panels equipped with a Tesla battery backup system.","TotalCost":44306,"FinalCO":"Y","FinalCODate":1774955880000,"CensusTract":"157.04 "}},{"type":"Feature","id":20542,"geometry":null,"properties":{"OBJECTID":20542,"PermitNum":202523103,"IssuedDate":1767626220000,"StatusCurrent":"Final Inspection Made                                       ","ApplicationType":"Int/Ext Alterations","Description":"Solar Installation of 6.900 KW Residential Roof-Mount PV System and 1 TPW3 Battery Backup Service Side Work: Power Drop Required","TotalCost":29900,"FinalCO":null,"FinalCODate":null,"CensusTract":"107.02 "}},{"type":"Feature","id":12920,"geometry":null,"properties":{"OBJECTID":12920,"PermitNum":202516211,"IssuedDate":1766475060000,"StatusCurrent":"Final Inspection Made                                       ","ApplicationType":"Int/Ext Alterations","Description":"We are installing 12 solar panels atop the clients roof via a mounted racking system.\r\nNew total construction cost is $10,000","TotalCost":18300,"FinalCO":"Y","FinalCODate":1772030040000,"CensusTract":"116.01 "}},{"type":"Feature","id":31938,"geometry":null,"properties":{"OBJECTID":31938,"PermitNum":202522677,"IssuedDate":1765895160000,"StatusCurrent":"Final Inspection Made                                       ","ApplicationType":"Int/Ext Alterations","Description":"installation of roof mounted solar panels (37 panels) and 2 Franklin batteries","TotalCost":81372,"FinalCO":null,"FinalCODate":null,"CensusTract":"125.09 "}},{"type":"Feature","id":48025,"geometry":null,"properties":{"OBJECTID":48025,"PermitNum":202522608,"IssuedDate":1765446360000,"StatusCurrent":"Final Inspection Made                                       ","ApplicationType":"Int/Ext Alterations","Description":"Installing pv solar panels on the roof","TotalCost":29012,"FinalCO":"Y","FinalCODate":1769521980000,"CensusTract":"157.07 "}},{"type":"Feature","id":42169,"geometry":null,"properties":{"OBJECTID":42169,"PermitNum":202522554,"IssuedDate":1765443540000,"StatusCurrent":"Issued                                                      ","ApplicationType":"Int/Ext Alterations","Description":"Solar Installation of 20.915 KW Residential Roof-Mounted PV System and 1 TPW3\r\n(Service Side Work: Power Drop Required)","TotalCost":43800,"FinalCO":null,"FinalCODate":null,"CensusTract":"125.03 "}},{"type":"Feature","id":57702,"geometry":null,"properties":{"OBJECTID":57702,"PermitNum":202521844,"IssuedDate":1764864000000,"StatusCurrent":"Final Inspection Made                                       ","ApplicationType":"Int/Ext Alterations","Description":"installation of roof mounted solar panels (23 panels) and 1 Enphase battery","TotalCost":47341,"FinalCO":"Y","FinalCODate":1781614860000,"CensusTract":"151.00 "}},{"type":"Feature","id":29199,"geometry":null,"properties":{"OBJECTID":29199,"PermitNum":202521395,"IssuedDate":1763733300000,"StatusCurrent":"Final Inspection Made                                       ","ApplicationType":"Int/Ext Alterations","Description":"Upgrading the roof mounted solar system. New Enphase equipment will be installed.","TotalCost":5240,"FinalCO":"Y","FinalCODate":1778150040000,"CensusTract":"125.05 "}},{"type":"Feature","id":46733,"geometry":null,"properties":{"OBJECTID":46733,"PermitNum":202521397,"IssuedDate":1763632500000,"StatusCurrent":"Final Inspection Made                                       ","ApplicationType":"Int/Ext Alterations","Description":"Solar Installation of 11.125 KW Resi Roof-Mounted PV System and 1 TPW3 Battery Backup\r\n(Service Side Work: Power Drop Required)","TotalCost":32500,"FinalCO":null,"FinalCODate":null,"CensusTract":"119.05 "}},{"type":"Feature","id":6411,"geometry":null,"properties":{"OBJECTID":6411,"PermitNum":202521326,"IssuedDate":1763556000000,"StatusCurrent":"Issued                                                      ","ApplicationType":"Int/Ext Alterations","Description":"\t\r\nInstallation of solar panels flat on a residential roof","TotalCost":18370,"FinalCO":null,"FinalCODate":null,"CensusTract":"128.05 "}},{"type":"Feature","id":31081,"geometry":null,"properties":{"OBJECTID":31081,"PermitNum":202520236,"IssuedDate":1762424520000,"StatusCurrent":"Issued                                                      ","ApplicationType":"Int/Ext Alterations","Description":"Removal and reinstallation work on solar roof mounted system","TotalCost":3073,"FinalCO":null,"FinalCODate":null,"CensusTract":"104.01 "}},{"type":"Feature","id":56703,"geometry":null,"properties":{"OBJECTID":56703,"PermitNum":202520227,"IssuedDate":1762352760000,"StatusCurrent":"Final Inspection Made                                       ","ApplicationType":"Int/Ext Alterations","Description":"Installation of solar panels flat on a residential roof","TotalCost":25000,"FinalCO":"Y","FinalCODate":1765545600000,"CensusTract":"155.00 "}},{"type":"Feature","id":12786,"geometry":null,"properties":{"OBJECTID":12786,"PermitNum":202514652,"IssuedDate":1762343820000,"StatusCurrent":"Final Inspection Made                                       ","ApplicationType":"Int/Ext Alterations","Description":"Roof-mounted installation of 168 solar panels on a gas station store and canopy, including trench.","TotalCost":148680,"FinalCO":"Y","FinalCODate":1773313980000,"CensusTract":"172.00 "}},{"type":"Feature","id":197,"geometry":null,"properties":{"OBJECTID":197,"PermitNum":202518497,"IssuedDate":1762256460000,"StatusCurrent":"Final Inspection Made                                       ","ApplicationType":"Int/Ext Alterations","Description":"\t\r\nResidential Roof-Integrated PV Installation / System Size: 5.612KW @ (122) Solar Shingles","TotalCost":13500,"FinalCO":"Y","FinalCODate":1776247620000,"CensusTract":"165.02 "}},{"type":"Feature","id":17052,"geometry":null,"properties":{"OBJECTID":17052,"PermitNum":202519561,"IssuedDate":1761820560000,"StatusCurrent":"Final Inspection Made                                       ","ApplicationType":"Int/Ext Alterations","Description":"Installation of roof mounted PV Array via DOI/OPT 2 and installation of (1) Tesla Powerwall 3. Also, a same day utility reconnect inspection is needed for service work before finals.","TotalCost":40378,"FinalCO":null,"FinalCODate":null,"CensusTract":"106.02 "}},{"type":"Feature","id":24907,"geometry":null,"properties":{"OBJECTID":24907,"PermitNum":202519320,"IssuedDate":1761571560000,"StatusCurrent":"Issued                                                      ","ApplicationType":"Int/Ext Alterations","Description":"Installing solar panels to roof with battery storage","TotalCost":47158,"FinalCO":null,"FinalCODate":null,"CensusTract":"161.02 "}},{"type":"Feature","id":47641,"geometry":null,"properties":{"OBJECTID":47641,"PermitNum":202519342,"IssuedDate":1761571260000,"StatusCurrent":"Final Inspection Made                                       ","ApplicationType":"Int/Ext Alterations","Description":"\t\r\ninstallation of 26 residential solar panels","TotalCost":35000,"FinalCO":"Y","FinalCODate":1779276960000,"CensusTract":"160.08 "}},{"type":"Feature","id":41479,"geometry":null,"properties":{"OBJECTID":41479,"PermitNum":202519332,"IssuedDate":1761296760000,"StatusCurrent":"Issued                                                      ","ApplicationType":"Int/Ext Alterations","Description":"Installation of 11 rooftop solar panels","TotalCost":27400,"FinalCO":null,"FinalCODate":null,"CensusTract":"127.04 "}},{"type":"Feature","id":41041,"geometry":null,"properties":{"OBJECTID":41041,"PermitNum":202519302,"IssuedDate":1761233520000,"StatusCurrent":"Issued                                                      ","ApplicationType":"Int/Ext Alterations","Description":"12 Solar Panels will be mounted on the roof and wired to a Hybrid Solar Inverter.","TotalCost":18000,"FinalCO":null,"FinalCODate":null,"CensusTract":"125.08 "}},{"type":"Feature","id":3335,"geometry":null,"properties":{"OBJECTID":3335,"PermitNum":202516033,"IssuedDate":1761232680000,"StatusCurrent":"Final Inspection Made                                       ","ApplicationType":"Int/Ext Alterations","Description":"Installation of solar panels flat on a residential rooftop.","TotalCost":19522,"FinalCO":"Y","FinalCODate":1761302700000,"CensusTract":"126.11 "}},{"type":"Feature","id":33254,"geometry":null,"properties":{"OBJECTID":33254,"PermitNum":202519014,"IssuedDate":1761211740000,"StatusCurrent":"Final Inspection Made                                       ","ApplicationType":"Int/Ext Alterations","Description":"residential rooftop solar installation of 49 435W panels with Tesla PW3 battery","TotalCost":40568,"FinalCO":"Y","FinalCODate":1765990440000,"CensusTract":"125.11 "}},{"type":"Feature","id":35637,"geometry":null,"properties":{"OBJECTID":35637,"PermitNum":202518896,"IssuedDate":1761036060000,"StatusCurrent":"Final Inspection Made                                       ","ApplicationType":"Int/Ext Alterations","Description":"\t\r\ninstallation of roof mounted solar (33 panels) and a battery","TotalCost":49491,"FinalCO":"Y","FinalCODate":1764152460000,"CensusTract":"125.11 "}},{"type":"Feature","id":37704,"geometry":null,"properties":{"OBJECTID":37704,"PermitNum":202518482,"IssuedDate":1760707260000,"StatusCurrent":"Issued                                                      ","ApplicationType":"Int/Ext Alterations","Description":"\t\r\ninstallation of 20 solar panels on rooftop","TotalCost":26000,"FinalCO":null,"FinalCODate":null,"CensusTract":"127.05 "}},{"type":"Feature","id":15359,"geometry":null,"properties":{"OBJECTID":15359,"PermitNum":202517548,"IssuedDate":1759324140000,"StatusCurrent":"Issued                                                      ","ApplicationType":"Int/Ext Alterations","Description":"install roof mounted solar pv system","TotalCost":14000,"FinalCO":null,"FinalCODate":null,"CensusTract":"112.02 "}},{"type":"Feature","id":22657,"geometry":null,"properties":{"OBJECTID":22657,"PermitNum":202517553,"IssuedDate":1759321200000,"StatusCurrent":"Final Inspection Made                                       ","ApplicationType":"Int/Ext Alterations","Description":"Installation of roof-mounted PV Array via DOI/OPT 2 and installation of (1) Tesla Powerwall 3","TotalCost":26962,"FinalCO":null,"FinalCODate":null,"CensusTract":"105.00 "}},{"type":"Feature","id":49407,"geometry":null,"properties":{"OBJECTID":49407,"PermitNum":202503827,"IssuedDate":1759234560000,"StatusCurrent":"Final Inspection Made                                       ","ApplicationType":"Int/Ext Alterations","Description":"11 roof mounted solar photovoltaic modules on existing residence.","TotalCost":34513,"FinalCO":null,"FinalCODate":null,"CensusTract":"119.04 "}},{"type":"Feature","id":13374,"geometry":null,"properties":{"OBJECTID":13374,"PermitNum":202504739,"IssuedDate":1759234440000,"StatusCurrent":"Issued                                                      ","ApplicationType":"Int/Ext Alterations","Description":"12 Roof Mounted Solar Photovoltaic Modules on existing residence.","TotalCost":40332,"FinalCO":null,"FinalCODate":null,"CensusTract":"111.02 "}},{"type":"Feature","id":7349,"geometry":null,"properties":{"OBJECTID":7349,"PermitNum":202507381,"IssuedDate":1759234020000,"StatusCurrent":"Issued                                                      ","ApplicationType":"Int/Ext Alterations","Description":"11 roof mounted solar photovoltaic modules on existing residence with battery back up.","TotalCost":51157,"FinalCO":null,"FinalCODate":null,"CensusTract":"126.17 "}},{"type":"Feature","id":50168,"geometry":null,"properties":{"OBJECTID":50168,"PermitNum":202517466,"IssuedDate":1759231440000,"StatusCurrent":"Issued                                                      ","ApplicationType":"Int/Ext Alterations","Description":"Installation of (16) residential solar panels on rooftop","TotalCost":20000,"FinalCO":null,"FinalCODate":null,"CensusTract":"119.05 "}},{"type":"Feature","id":37363,"geometry":null,"properties":{"OBJECTID":37363,"PermitNum":202517462,"IssuedDate":1759231320000,"StatusCurrent":"Final Inspection Made                                       ","ApplicationType":"Int/Ext Alterations","Description":"Installation of roof-mounted 11.61kW solar PV system","TotalCost":49989,"FinalCO":"Y","FinalCODate":1764930420000,"CensusTract":"125.11 "}},{"type":"Feature","id":46965,"geometry":null,"properties":{"OBJECTID":46965,"PermitNum":202517307,"IssuedDate":1758875940000,"StatusCurrent":"Final Inspection Made                                       ","ApplicationType":"Int/Ext Alterations","Description":"4.275kw Solar Shingle Installation/PV Shingles (75) GAF Energy Timberline Solar ES/Inverter (1) D...","TotalCost":10260,"FinalCO":"Y","FinalCODate":1774456440000,"CensusTract":"157.05 "}},{"type":"Feature","id":3233,"geometry":null,"properties":{"OBJECTID":3233,"PermitNum":202515031,"IssuedDate":1758183720000,"StatusCurrent":"Final Inspection Made                                       ","ApplicationType":"Int/Ext Alterations","Description":"7 Roof Mounted Photovoltaic Modules onto existing residence","TotalCost":24406,"FinalCO":"Y","FinalCODate":1767187560000,"CensusTract":"126.12 "}},{"type":"Feature","id":7547,"geometry":null,"properties":{"OBJECTID":7547,"PermitNum":202503829,"IssuedDate":1758102000000,"StatusCurrent":"Final Inspection Made                                       ","ApplicationType":"Int/Ext Alterations","Description":"26 roof mounted solar photovoltaic modules on existing residence.","TotalCost":47243,"FinalCO":"Y","FinalCODate":1758185760000,"CensusTract":"128.05 "}},{"type":"Feature","id":34503,"geometry":null,"properties":{"OBJECTID":34503,"PermitNum":202516641,"IssuedDate":1757951220000,"StatusCurrent":"Final Inspection Made                                       ","ApplicationType":"Int/Ext Alterations","Description":"Installation of solar panels flat on a residential roof","TotalCost":23992,"FinalCO":null,"FinalCODate":null,"CensusTract":"127.05 "}},{"type":"Feature","id":32805,"geometry":null,"properties":{"OBJECTID":32805,"PermitNum":202504762,"IssuedDate":1757601300000,"StatusCurrent":"Final Inspection Made                                       ","ApplicationType":"Int/Ext Alterations","Description":"\t\r\n12 roof mounted solar photovoltaic modules on existing residence.","TotalCost":44406,"FinalCO":"Y","FinalCODate":1757677020000,"CensusTract":"125.11 "}},{"type":"Feature","id":21136,"geometry":null,"properties":{"OBJECTID":21136,"PermitNum":202516452,"IssuedDate":1757597220000,"StatusCurrent":"Final Inspection Made                                       ","ApplicationType":"Int/Ext Alterations","Description":"Installing 27 roof mount solar panels w/ ESS.","TotalCost":46200,"FinalCO":null,"FinalCODate":null,"CensusTract":"106.02 "}},{"type":"Feature","id":9936,"geometry":null,"properties":{"OBJECTID":9936,"PermitNum":202515960,"IssuedDate":1757322000000,"StatusCurrent":"Final Inspection Made                                       ","ApplicationType":"Int/Ext Alterations","Description":"Installation of solar panels flat on a residential roof","TotalCost":28528,"FinalCO":"Y","FinalCODate":1759330800000,"CensusTract":"126.07 "}},{"type":"Feature","id":8601,"geometry":null,"properties":{"OBJECTID":8601,"PermitNum":202515827,"IssuedDate":1757087160000,"StatusCurrent":"Issued                                                      ","ApplicationType":"Int/Ext Alterations","Description":"Installation of (16) residential solar panels on rooftop","TotalCost":21000,"FinalCO":null,"FinalCODate":null,"CensusTract":"126.04 "}},{"type":"Feature","id":53879,"geometry":null,"properties":{"OBJECTID":53879,"PermitNum":202515870,"IssuedDate":1756898220000,"StatusCurrent":"Issued                                                      ","ApplicationType":"Int/Ext Alterations","Description":"Installation of solar panels flat on a residential rooftop.","TotalCost":19147,"FinalCO":null,"FinalCODate":null,"CensusTract":"155.00 "}},{"type":"Feature","id":45263,"geometry":null,"properties":{"OBJECTID":45263,"PermitNum":202422228,"IssuedDate":1756824240000,"StatusCurrent":"Final Inspection Made                                       ","ApplicationType":"Int/Ext Alterations","Description":"Installation of roof mounted solar panels array via DOI opt 2 and Install of (1) Tesla power wall 3.","TotalCost":31728,"FinalCO":null,"FinalCODate":null,"CensusTract":"127.03 "}},{"type":"Feature","id":3460,"geometry":null,"properties":{"OBJECTID":3460,"PermitNum":202515499,"IssuedDate":1756483320000,"StatusCurrent":"Final Inspection Made                                       ","ApplicationType":"Int/Ext Alterations","Description":"Installation of 12 solar panels on a residential rooftop","TotalCost":15104,"FinalCO":"Y","FinalCODate":1760712360000,"CensusTract":"126.12 "}},{"type":"Feature","id":45773,"geometry":null,"properties":{"OBJECTID":45773,"PermitNum":202515451,"IssuedDate":1756477440000,"StatusCurrent":"Final Inspection Made                                       ","ApplicationType":"Int/Ext Alterations","Description":"\t\r\nInstallation of a roof-mounted solar PV system","TotalCost":40400,"FinalCO":"Y","FinalCODate":1763545200000,"CensusTract":"127.03 "}},{"type":"Feature","id":24344,"geometry":null,"properties":{"OBJECTID":24344,"PermitNum":202515449,"IssuedDate":1756457520000,"StatusCurrent":"Final Inspection Made                                       ","ApplicationType":"Int/Ext Alterations","Description":"Installation of roof mounted solar (18 panels) and a Franklin aPower2 battery","TotalCost":34879,"FinalCO":null,"FinalCODate":null,"CensusTract":"105.00 "}},{"type":"Feature","id":7356,"geometry":null,"properties":{"OBJECTID":7356,"PermitNum":202515278,"IssuedDate":1756221960000,"StatusCurrent":"Issued                                                      ","ApplicationType":"Int/Ext Alterations","Description":"Residential rooftop PV Solar install - Installing 23 Canadian solar 390W modules with a SolarEdge 7.6kW inverter","TotalCost":28238,"FinalCO":null,"FinalCODate":null,"CensusTract":"128.05 "}},{"type":"Feature","id":55059,"geometry":null,"properties":{"OBJECTID":55059,"PermitNum":202514998,"IssuedDate":1756221660000,"StatusCurrent":"Final Inspection Made                                       ","ApplicationType":"Int/Ext Alterations","Description":"installation of solar on a residential roof","TotalCost":24905,"FinalCO":"Y","FinalCODate":1759240320000,"CensusTract":"157.06 "}},{"type":"Feature","id":27965,"geometry":null,"properties":{"OBJECTID":27965,"PermitNum":202515133,"IssuedDate":1756204620000,"StatusCurrent":"Final Inspection Made                                       ","ApplicationType":"Int/Ext Alterations","Description":"\t\r\nInstall rooftop solar with energy storage system.","TotalCost":26632,"FinalCO":"Y","FinalCODate":1759249440000,"CensusTract":"125.05 "}},{"type":"Feature","id":24889,"geometry":null,"properties":{"OBJECTID":24889,"PermitNum":202513131,"IssuedDate":1756113180000,"StatusCurrent":"Final Inspection Made                                       ","ApplicationType":"Int/Ext Alterations","Description":"installation of solar panels on a residential rooftop","TotalCost":12642,"FinalCO":null,"FinalCODate":null,"CensusTract":"161.02 "}},{"type":"Feature","id":13940,"geometry":null,"properties":{"OBJECTID":13940,"PermitNum":202514772,"IssuedDate":1755861360000,"StatusCurrent":"Final Inspection Made                                       ","ApplicationType":"Int/Ext Alterations","Description":"24 Roof Mounted Photovoltaic Modules onto existing residence","TotalCost":66500,"FinalCO":"Y","FinalCODate":1763730000000,"CensusTract":"113.00 "}},{"type":"Feature","id":2647,"geometry":null,"properties":{"OBJECTID":2647,"PermitNum":202514858,"IssuedDate":1755601980000,"StatusCurrent":"Final Inspection Made                                       ","ApplicationType":"Int/Ext Alterations","Description":"Installation of 16 solar panels flat on a residential rooftop","TotalCost":16000,"FinalCO":"Y","FinalCODate":1761303360000,"CensusTract":"128.04 "}},{"type":"Feature","id":40498,"geometry":null,"properties":{"OBJECTID":40498,"PermitNum":202514884,"IssuedDate":1755527160000,"StatusCurrent":"Final Inspection Made                                       ","ApplicationType":"Int/Ext Alterations","Description":"Installation of solar panels flat on a residential roof","TotalCost":17105,"FinalCO":null,"FinalCODate":null,"CensusTract":"102.00 "}},{"type":"Feature","id":55556,"geometry":null,"properties":{"OBJECTID":55556,"PermitNum":202514647,"IssuedDate":1755096360000,"StatusCurrent":"Final Inspection Made                                       ","ApplicationType":"Int/Ext Alterations","Description":"\t\r\nInstallation of roof mounted solar (20 panels) and a Tesla PW3 battery","TotalCost":43180,"FinalCO":null,"FinalCODate":null,"CensusTract":"160.05 "}},{"type":"Feature","id":54448,"geometry":null,"properties":{"OBJECTID":54448,"PermitNum":202514563,"IssuedDate":1755011700000,"StatusCurrent":"Final Inspection Made                                       ","ApplicationType":"Int/Ext Alterations","Description":"Installation of solar panels flat on a residential roof","TotalCost":15772,"FinalCO":"Y","FinalCODate":1758121560000,"CensusTract":"155.00 "}},{"type":"Feature","id":56871,"geometry":null,"properties":{"OBJECTID":56871,"PermitNum":202514310,"IssuedDate":1754989800000,"StatusCurrent":"Issued                                                      ","ApplicationType":"Int/Ext Alterations","Description":"Removal & Reinstall for 5.2 kW PV Solar Panel Installation on Roof - 16 panels","TotalCost":5340,"FinalCO":null,"FinalCODate":null,"CensusTract":"157.06 "}},{"type":"Feature","id":3088,"geometry":null,"properties":{"OBJECTID":3088,"PermitNum":202514200,"IssuedDate":1754925180000,"StatusCurrent":"Final Inspection Made                                       ","ApplicationType":"Int/Ext Alterations","Description":"Installation of 12 solar panels flat on a residential rooftop","TotalCost":14855,"FinalCO":"Y","FinalCODate":1759395300000,"CensusTract":"126.12 "}},{"type":"Feature","id":33126,"geometry":null,"properties":{"OBJECTID":33126,"PermitNum":202514202,"IssuedDate":1754914260000,"StatusCurrent":"Issued                                                      ","ApplicationType":"Int/Ext Alterations","Description":"Removal & Reinstall of Rooftop Solar Panels","TotalCost":7260,"FinalCO":null,"FinalCODate":null,"CensusTract":"125.09 "}},{"type":"Feature","id":27696,"geometry":null,"properties":{"OBJECTID":27696,"PermitNum":202514205,"IssuedDate":1754913000000,"StatusCurrent":"Final Inspection Made                                       ","ApplicationType":"Int/Ext Alterations","Description":"Installation of roof-mounted PV Array via DOI/OPT 2 and installation of (1) Tesla Powerwall 3.","TotalCost":25553,"FinalCO":"Y","FinalCODate":1760600460000,"CensusTract":"125.05 "}},{"type":"Feature","id":5101,"geometry":null,"properties":{"OBJECTID":5101,"PermitNum":202513718,"IssuedDate":1754475360000,"StatusCurrent":"Final Inspection Made                                       ","ApplicationType":"Int/Ext Alterations","Description":"\t\r\nInstallation of 13 solar panels flat on a residential rooftop","TotalCost":7310,"FinalCO":null,"FinalCODate":null,"CensusTract":"126.10 "}},{"type":"Feature","id":6480,"geometry":null,"properties":{"OBJECTID":6480,"PermitNum":202514204,"IssuedDate":1754474400000,"StatusCurrent":"Final Inspection Made                                       ","ApplicationType":"Int/Ext Alterations","Description":"Installation of 11 solar panels flat on a residential rooftop.","TotalCost":12850,"FinalCO":"Y","FinalCODate":1761303120000,"CensusTract":"126.10 "}},{"type":"Feature","id":47909,"geometry":null,"properties":{"OBJECTID":47909,"PermitNum":202514041,"IssuedDate":1754407620000,"StatusCurrent":"Final Inspection Made                                       ","ApplicationType":"Int/Ext Alterations","Description":"\t\r\nInstallation of 21 solar panels flat on a residential rooftop.","TotalCost":24359,"FinalCO":"Y","FinalCODate":1760446740000,"CensusTract":"119.05 "}},{"type":"Feature","id":10527,"geometry":null,"properties":{"OBJECTID":10527,"PermitNum":202513911,"IssuedDate":1753974000000,"StatusCurrent":"Final Inspection Made                                       ","ApplicationType":"Int/Ext Alterations","Description":"\t\r\nSolar Installation of 9.460 KW Residential Roof-Mounted PV System and 1 Franklin aPower2 Battery ..","TotalCost":36200,"FinalCO":null,"FinalCODate":null,"CensusTract":"126.07 "}},{"type":"Feature","id":18805,"geometry":null,"properties":{"OBJECTID":18805,"PermitNum":202505949,"IssuedDate":1753971240000,"StatusCurrent":"Final Inspection Made                                       ","ApplicationType":"Int/Ext Alterations","Description":"8 roof mounted solar photovoltaic modules on existing residence with battery back up.","TotalCost":34249,"FinalCO":"Y","FinalCODate":1755607500000,"CensusTract":"112.01 "}},{"type":"Feature","id":3348,"geometry":null,"properties":{"OBJECTID":3348,"PermitNum":202513729,"IssuedDate":1753949340000,"StatusCurrent":"Final Inspection Made                                       ","ApplicationType":"Int/Ext Alterations","Description":"New roof top solar layout. Panels above the rear porch will be moved to new roof planes.","TotalCost":3248,"FinalCO":"Y","FinalCODate":1766052540000,"CensusTract":"126.12 "}},{"type":"Feature","id":55300,"geometry":null,"properties":{"OBJECTID":55300,"PermitNum":202513698,"IssuedDate":1753890720000,"StatusCurrent":"Final Inspection Made                                       ","ApplicationType":"Int/Ext Alterations","Description":"\t\r\nUpgrading the current PV solar system to an Enphase PV system. 5.355kW","TotalCost":18488,"FinalCO":null,"FinalCODate":null,"CensusTract":"157.06 "}},{"type":"Feature","id":18097,"geometry":null,"properties":{"OBJECTID":18097,"PermitNum":202513490,"IssuedDate":1753690920000,"StatusCurrent":"Final Inspection Made                                       ","ApplicationType":"Int/Ext Alterations","Description":"Solar Installation of 8.645 KW Residential Roof-Mounted PV System and One Tesla Power Wall Battery Backup.","TotalCost":26900,"FinalCO":null,"FinalCODate":null,"CensusTract":"106.01 "}},{"type":"Feature","id":2176,"geometry":null,"properties":{"OBJECTID":2176,"PermitNum":202510952,"IssuedDate":1753171200000,"StatusCurrent":"Issued                                                      ","ApplicationType":"Int/Ext Alterations","Description":"REMOVAL & REINSTALLATION of 6.3 kW PV Solar Panel Installation on Roof - 21 panels","TotalCost":6540,"FinalCO":null,"FinalCODate":null,"CensusTract":"167.01 "}},{"type":"Feature","id":50712,"geometry":null,"properties":{"OBJECTID":50712,"PermitNum":202512434,"IssuedDate":1752161940000,"StatusCurrent":"Final Inspection Made                                       ","ApplicationType":"Int/Ext Alterations","Description":"Solar Installation of 8.190 KW Residential Roof-Mounted PV System and One Tesla Power Wall Battery Backup.","TotalCost":25300,"FinalCO":null,"FinalCODate":null,"CensusTract":"119.04 "}},{"type":"Feature","id":46877,"geometry":null,"properties":{"OBJECTID":46877,"PermitNum":202512225,"IssuedDate":1752143700000,"StatusCurrent":"Issued                                                      ","ApplicationType":"Int/Ext Alterations","Description":"REMOVAL & REINSTALL of Rooftop mounted solar array. 9.75kW system with 25 panels.","TotalCost":7500,"FinalCO":null,"FinalCODate":null,"CensusTract":"157.03 "}},{"type":"Feature","id":32276,"geometry":null,"properties":{"OBJECTID":32276,"PermitNum":202512433,"IssuedDate":1752143640000,"StatusCurrent":"Final Inspection Made                                       ","ApplicationType":"Int/Ext Alterations","Description":"Solar Installation of 7.735 KW Residential Roof-Mounted PV System and 1 Franklin aPower2 Battery Backup.","TotalCost":30900,"FinalCO":"Y","FinalCODate":1760344020000,"CensusTract":"153.01 "}},{"type":"Feature","id":47364,"geometry":null,"properties":{"OBJECTID":47364,"PermitNum":202511716,"IssuedDate":1751969520000,"StatusCurrent":"Final Inspection Made                                       ","ApplicationType":"Int/Ext Alterations","Description":"installing 26 roof mounted solar panels with battery backup","TotalCost":30000,"FinalCO":"Y","FinalCODate":1753777920000,"CensusTract":"154.02 "}},{"type":"Feature","id":5489,"geometry":null,"properties":{"OBJECTID":5489,"PermitNum":202511718,"IssuedDate":1751533260000,"StatusCurrent":"Issued                                                      ","ApplicationType":"Int/Ext Alterations","Description":"\t\r\nInstallation of 21 solar panels flat on a residential rooftop.","TotalCost":22001,"FinalCO":null,"FinalCODate":null,"CensusTract":"126.20 "}},{"type":"Feature","id":42059,"geometry":null,"properties":{"OBJECTID":42059,"PermitNum":202504186,"IssuedDate":1751447940000,"StatusCurrent":"Final Inspection Made                                       ","ApplicationType":"Int/Ext Alterations","Description":"9 Roof Mounted Solar Photovoltaic modules on existing residence","TotalCost":40970,"FinalCO":null,"FinalCODate":null,"CensusTract":"125.08 "}},{"type":"Feature","id":48567,"geometry":null,"properties":{"OBJECTID":48567,"PermitNum":202510000,"IssuedDate":1751298300000,"StatusCurrent":"Final Inspection Made                                       ","ApplicationType":"Int/Ext Alterations","Description":"Installation of roof mounted solar panels array via DOI opt 2 and Install of (2) Tesla power wall 3.","TotalCost":41242,"FinalCO":"Y","FinalCODate":1758027600000,"CensusTract":"157.03 "}},{"type":"Feature","id":46952,"geometry":null,"properties":{"OBJECTID":46952,"PermitNum":202510731,"IssuedDate":1750156080000,"StatusCurrent":"Issued                                                      ","ApplicationType":"Int/Ext Alterations","Description":"residential rooftop solar installation of 12 Hanwha 430W panels with iQ8H microinverters","TotalCost":20702,"FinalCO":null,"FinalCODate":null,"CensusTract":"154.02 "}},{"type":"Feature","id":4139,"geometry":null,"properties":{"OBJECTID":4139,"PermitNum":202510280,"IssuedDate":1750084140000,"StatusCurrent":"Final Inspection Made                                       ","ApplicationType":"Int/Ext Alterations","Description":"Installation of Roof Mounted Solar Panels with Tesla Powerwall 3 Energy Storage","TotalCost":29508,"FinalCO":null,"FinalCODate":null,"CensusTract":"165.06 "}},{"type":"Feature","id":49925,"geometry":null,"properties":{"OBJECTID":49925,"PermitNum":202509771,"IssuedDate":1749726180000,"StatusCurrent":"Final Inspection Made                                       ","ApplicationType":"Int/Ext Alterations","Description":"Installation of roof mounted solar panels array via DOI opt 2 and Install of (1) tesla power wall 3.","TotalCost":28856,"FinalCO":"Y","FinalCODate":1755098280000,"CensusTract":"160.09 "}},{"type":"Feature","id":44349,"geometry":null,"properties":{"OBJECTID":44349,"PermitNum":202509531,"IssuedDate":1749725340000,"StatusCurrent":"Final Inspection Made                                       ","ApplicationType":"Int/Ext Alterations","Description":"Residential Solar","TotalCost":48000,"FinalCO":"Y","FinalCODate":1760446800000,"CensusTract":"119.05 "}},{"type":"Feature","id":56519,"geometry":null,"properties":{"OBJECTID":56519,"PermitNum":202421711,"IssuedDate":1749640500000,"StatusCurrent":"Final Inspection Made                                       ","ApplicationType":"Int/Ext Alterations","Description":"\t\r\nRoof mounted solar installation with 1 unit of solar energy/battery storage","TotalCost":12000,"FinalCO":"Y","FinalCODate":1751282760000,"CensusTract":"157.04 "}},{"type":"Feature","id":57502,"geometry":null,"properties":{"OBJECTID":57502,"PermitNum":202421216,"IssuedDate":1749549660000,"StatusCurrent":"Final Inspection Made                                       ","ApplicationType":"Int/Ext Alterations","Description":"Installation of roof mounted solar panels (14 panels) and 1 Tesla Powerwall","TotalCost":44660,"FinalCO":"Y","FinalCODate":1753267200000,"CensusTract":"151.00 "}},{"type":"Feature","id":13054,"geometry":null,"properties":{"OBJECTID":13054,"PermitNum":202421544,"IssuedDate":1749549480000,"StatusCurrent":"Final Inspection Made                                       ","ApplicationType":"Int/Ext Alterations","Description":"\t\r\ninstallation of roof mounted solar panels (17 panels) and 1 Tesla Powerwall","TotalCost":34571,"FinalCO":"Y","FinalCODate":1749640620000,"CensusTract":"115.00 "}},{"type":"Feature","id":7294,"geometry":null,"properties":{"OBJECTID":7294,"PermitNum":202421552,"IssuedDate":1749549360000,"StatusCurrent":"Final Inspection Made                                       ","ApplicationType":"Int/Ext Alterations","Description":"\t\r\ninstallation of roof mounted solar panels (24 panels) and 1 Tesla Powerwall","TotalCost":50380,"FinalCO":"Y","FinalCODate":1749640620000,"CensusTract":"126.10 "}},{"type":"Feature","id":31855,"geometry":null,"properties":{"OBJECTID":31855,"PermitNum":202422380,"IssuedDate":1749549240000,"StatusCurrent":"Final Inspection Made                                       ","ApplicationType":"Int/Ext Alterations","Description":"installation of 23 roof mounted solar panels and 1 Tesla Powerwall 3 battery","TotalCost":37230,"FinalCO":"Y","FinalCODate":1749646800000,"CensusTract":"125.11 "}},{"type":"Feature","id":14256,"geometry":null,"properties":{"OBJECTID":14256,"PermitNum":202509129,"IssuedDate":1749217680000,"StatusCurrent":"Issued                                                      ","ApplicationType":"Int/Ext Alterations","Description":"Installation of 16 solar panels flat on a residential rooftop.","TotalCost":9794,"FinalCO":null,"FinalCODate":null,"CensusTract":"115.00 "}},{"type":"Feature","id":14186,"geometry":null,"properties":{"OBJECTID":14186,"PermitNum":202504686,"IssuedDate":1749134280000,"StatusCurrent":"Final Inspection Made                                       ","ApplicationType":"Int/Ext Alterations","Description":"PV solar install, Installing 9 solar panels","TotalCost":30000,"FinalCO":"Y","FinalCODate":1755525720000,"CensusTract":"115.00 "}},{"type":"Feature","id":47400,"geometry":null,"properties":{"OBJECTID":47400,"PermitNum":202506795,"IssuedDate":1748952300000,"StatusCurrent":"Issued                                                      ","ApplicationType":"Int/Ext Alterations","Description":"Removal & Reinstallation of residential rooftop mounted photovoltaic solar system.","TotalCost":7300,"FinalCO":null,"FinalCODate":null,"CensusTract":"154.02 "}},{"type":"Feature","id":36465,"geometry":null,"properties":{"OBJECTID":36465,"PermitNum":202505948,"IssuedDate":1748878980000,"StatusCurrent":"Issued                                                      ","ApplicationType":"Int/Ext Alterations","Description":"10 roof mounted solar photovoltaic modules on existing residence.","TotalCost":32132,"FinalCO":null,"FinalCODate":null,"CensusTract":"125.08 "}},{"type":"Feature","id":38144,"geometry":null,"properties":{"OBJECTID":38144,"PermitNum":202509186,"IssuedDate":1748603880000,"StatusCurrent":"Issued                                                      ","ApplicationType":"Int/Ext Alterations","Description":"14 roof mounted solar photovoltaic modules on existing residence.","TotalCost":34003,"FinalCO":null,"FinalCODate":null,"CensusTract":"127.05 "}},{"type":"Feature","id":44979,"geometry":null,"properties":{"OBJECTID":44979,"PermitNum":202508996,"IssuedDate":1748364180000,"StatusCurrent":"Issued                                                      ","ApplicationType":"Int/Ext Alterations","Description":"REMOVAL & REINSTALLATION of 8.4 kW PV Solar Panel Installation on Roof - 21 panels","TotalCost":6540,"FinalCO":null,"FinalCODate":null,"CensusTract":"127.03 "}},{"type":"Feature","id":4122,"geometry":null,"properties":{"OBJECTID":4122,"PermitNum":202508554,"IssuedDate":1747754460000,"StatusCurrent":"Issued                                                      ","ApplicationType":"Int/Ext Alterations","Description":"Removal and reinstallation of 5.6kW solar panels (14)","TotalCost":4860,"FinalCO":null,"FinalCODate":null,"CensusTract":"126.12 "}},{"type":"Feature","id":21272,"geometry":null,"properties":{"OBJECTID":21272,"PermitNum":202506842,"IssuedDate":1747748580000,"StatusCurrent":"Issued                                                      ","ApplicationType":"Int/Ext Alterations","Description":"installation of roof mounted solar panels (18 panels)","TotalCost":18963,"FinalCO":null,"FinalCODate":null,"CensusTract":"106.02 "}},{"type":"Feature","id":52600,"geometry":null,"properties":{"OBJECTID":52600,"PermitNum":202508352,"IssuedDate":1747743900000,"StatusCurrent":"Issued                                                      ","ApplicationType":"Int/Ext Alterations","Description":"residential rooftop solar installation: 13 REC 460W panels with Tesla Powerwall 3 battery","TotalCost":31701,"FinalCO":null,"FinalCODate":null,"CensusTract":"160.06 "}},{"type":"Feature","id":47223,"geometry":null,"properties":{"OBJECTID":47223,"PermitNum":202508480,"IssuedDate":1747664700000,"StatusCurrent":"Issued                                                      ","ApplicationType":"Int/Ext Alterations","Description":"Installation of (18) residential solar panels on rooftop","TotalCost":23000,"FinalCO":null,"FinalCODate":null,"CensusTract":"157.03 "}},{"type":"Feature","id":36874,"geometry":null,"properties":{"OBJECTID":36874,"PermitNum":202504168,"IssuedDate":1747128240000,"StatusCurrent":"Final Inspection Made                                       ","ApplicationType":"Int/Ext Alterations","Description":"16 Roof Mounted Solar Photovoltaic modules on existing residence","TotalCost":46355,"FinalCO":"Y","FinalCODate":1747237020000,"CensusTract":"125.08 "}},{"type":"Feature","id":3494,"geometry":null,"properties":{"OBJECTID":3494,"PermitNum":202508189,"IssuedDate":1747122960000,"StatusCurrent":"Final Inspection Made                                       ","ApplicationType":"Int/Ext Alterations","Description":"13 roof mounted solar photovoltaic modules on existing residence.","TotalCost":27315,"FinalCO":"Y","FinalCODate":1783688280000,"CensusTract":"128.04 "}},{"type":"Feature","id":34173,"geometry":null,"properties":{"OBJECTID":34173,"PermitNum":202507538,"IssuedDate":1747063020000,"StatusCurrent":"Issued                                                      ","ApplicationType":"Int/Ext Alterations","Description":"installation of roof mounted solar panels (12 panels) and 1 Franklin battery","TotalCost":27634,"FinalCO":null,"FinalCODate":null,"CensusTract":"125.08 "}},{"type":"Feature","id":7348,"geometry":null,"properties":{"OBJECTID":7348,"PermitNum":202505032,"IssuedDate":1746607380000,"StatusCurrent":"Final Inspection Made                                       ","ApplicationType":"Int/Ext Alterations","Description":"11 roof mounted solar photovoltaic Modules on existing residence with battery back up","TotalCost":51157,"FinalCO":null,"FinalCODate":null,"CensusTract":"126.17 "}},{"type":"Feature","id":28364,"geometry":null,"properties":{"OBJECTID":28364,"PermitNum":202507380,"IssuedDate":1746533820000,"StatusCurrent":"Final Inspection Made                                       ","ApplicationType":"Int/Ext Alterations","Description":"installation of roof mounted solar panels (40 panels) and 1 Tesla Powerwall","TotalCost":48300,"FinalCO":"Y","FinalCODate":1749648600000,"CensusTract":"125.05 "}},{"type":"Feature","id":56336,"geometry":null,"properties":{"OBJECTID":56336,"PermitNum":202507166,"IssuedDate":1746459480000,"StatusCurrent":"Final Inspection Made                                       ","ApplicationType":"Int/Ext Alterations","Description":"4 roof mounted solar photovoltaic modules on existing residence with battery back up.","TotalCost":21456,"FinalCO":"Y","FinalCODate":1765884120000,"CensusTract":"157.06 "}},{"type":"Feature","id":5179,"geometry":null,"properties":{"OBJECTID":5179,"PermitNum":202507015,"IssuedDate":1746436260000,"StatusCurrent":"Issued                                                      ","ApplicationType":"Int/Ext Alterations","Description":"Installing 15 roof mounted solar panels with battery backup","TotalCost":34354,"FinalCO":null,"FinalCODate":null,"CensusTract":"126.21 "}},{"type":"Feature","id":40872,"geometry":null,"properties":{"OBJECTID":40872,"PermitNum":202501482,"IssuedDate":1746200280000,"StatusCurrent":"Issued                                                      ","ApplicationType":"Int/Ext Alterations","Description":"Installation of 56.17kW Commercial solar system","TotalCost":56170,"FinalCO":null,"FinalCODate":null,"CensusTract":"102.00 "}},{"type":"Feature","id":51652,"geometry":null,"properties":{"OBJECTID":51652,"PermitNum":202507692,"IssuedDate":1746179520000,"StatusCurrent":"Final Inspection Made                                       ","ApplicationType":"Int/Ext Alterations","Description":"Ref permit number 202504688. cancelled because contractor entered the wrong cc number.\r\n10 roof mounted solar photovoltaic modules on existing residence.","TotalCost":29616,"FinalCO":"Y","FinalCODate":1772723460000,"CensusTract":"157.06 "}},{"type":"Feature","id":25958,"geometry":null,"properties":{"OBJECTID":25958,"PermitNum":202506878,"IssuedDate":1745930100000,"StatusCurrent":"Final Inspection Made                                       ","ApplicationType":"Int/Ext Alterations","Description":"Solar Installation of 8.170 KW Residential Roof-Mounted PV System and 2 Franklin aPower2 Battery Backups\r\n\r\nTCI ON FILE 05/13/2025","TotalCost":38500,"FinalCO":"Y","FinalCODate":1750685820000,"CensusTract":"161.03 "}},{"type":"Feature","id":32863,"geometry":null,"properties":{"OBJECTID":32863,"PermitNum":202506879,"IssuedDate":1745929080000,"StatusCurrent":"Final Inspection Made                                       ","ApplicationType":"Int/Ext Alterations","Description":"Solar Installation of 9.030 KW Residential Roof-Mounted PV System and 1 Franklin aPower2 Battery Backup\r\n\r\nTCI ON FILE 05/06/2025","TotalCost":32500,"FinalCO":null,"FinalCODate":null,"CensusTract":"125.09 "}},{"type":"Feature","id":39286,"geometry":null,"properties":{"OBJECTID":39286,"PermitNum":202506418,"IssuedDate":1745913840000,"StatusCurrent":"Final Inspection Made                                       ","ApplicationType":"Int/Ext Alterations","Description":"8 roof mounted solar photovoltaic modules on existing residence.","TotalCost":21234,"FinalCO":null,"FinalCODate":null,"CensusTract":"102.00 "}},{"type":"Feature","id":48609,"geometry":null,"properties":{"OBJECTID":48609,"PermitNum":202506626,"IssuedDate":1745584620000,"StatusCurrent":"Issued                                                      ","ApplicationType":"Int/Ext Alterations","Description":"Installation of (16) residential solar panels on rooftop","TotalCost":21000,"FinalCO":null,"FinalCODate":null,"CensusTract":"119.05 "}},{"type":"Feature","id":53456,"geometry":null,"properties":{"OBJECTID":53456,"PermitNum":202506622,"IssuedDate":1745583600000,"StatusCurrent":"Issued                                                      ","ApplicationType":"Int/Ext Alterations","Description":"Installation of (30) residential solar panels on rooftop","TotalCost":29000,"FinalCO":null,"FinalCODate":null,"CensusTract":"119.05 "}},{"type":"Feature","id":49102,"geometry":null,"properties":{"OBJECTID":49102,"PermitNum":202506233,"IssuedDate":1745397240000,"StatusCurrent":"Final Inspection Made                                       ","ApplicationType":"Int/Ext Alterations","Description":"21 roof mounted solar photovoltaic modules on existing residence with battery back up.","TotalCost":62155,"FinalCO":null,"FinalCODate":null,"CensusTract":"119.04 "}},{"type":"Feature","id":20563,"geometry":null,"properties":{"OBJECTID":20563,"PermitNum":202506326,"IssuedDate":1745396160000,"StatusCurrent":"Final Inspection Made                                       ","ApplicationType":"Int/Ext Alterations","Description":"10 roof mounted solar photovoltaic modules on existing residence with battery back up.","TotalCost":41226,"FinalCO":"Y","FinalCODate":1757510220000,"CensusTract":"128.03 "}},{"type":"Feature","id":35330,"geometry":null,"properties":{"OBJECTID":35330,"PermitNum":202505805,"IssuedDate":1745317800000,"StatusCurrent":"Issued                                                      ","ApplicationType":"Int/Ext Alterations","Description":"8 roof mounted solar photovoltaic modules on existing residence.","TotalCost":11236,"FinalCO":null,"FinalCODate":null,"CensusTract":"103.00 "}},{"type":"Feature","id":55837,"geometry":null,"properties":{"OBJECTID":55837,"PermitNum":202506157,"IssuedDate":1744890300000,"StatusCurrent":"Final Inspection Made                                       ","ApplicationType":"Int/Ext Alterations","Description":"Installing roof mounted, grid-tied solar.","TotalCost":17211,"FinalCO":null,"FinalCODate":null,"CensusTract":"155.00 "}},{"type":"Feature","id":26335,"geometry":null,"properties":{"OBJECTID":26335,"PermitNum":202505951,"IssuedDate":1744626780000,"StatusCurrent":"Final Inspection Made                                       ","ApplicationType":"Int/Ext Alterations","Description":"installation of roof mounted solar panels (19 panels) and 1 Tesla Powerwall","TotalCost":31791,"FinalCO":"Y","FinalCODate":1749715260000,"CensusTract":"125.05 "}},{"type":"Feature","id":58462,"geometry":null,"properties":{"OBJECTID":58462,"PermitNum":202505804,"IssuedDate":1744371900000,"StatusCurrent":"Final Inspection Made                                       ","ApplicationType":"Int/Ext Alterations","Description":"\t\r\n21 roof mounted solar photovoltaic modules on existing residence with battery back up","TotalCost":65017,"FinalCO":"Y","FinalCODate":1756820160000,"CensusTract":"151.00 "}},{"type":"Feature","id":10357,"geometry":null,"properties":{"OBJECTID":10357,"PermitNum":202505501,"IssuedDate":1744361460000,"StatusCurrent":"Final Inspection Made                                       ","ApplicationType":"Int/Ext Alterations","Description":"37 roof mounted solar photovoltaic modules on existing residence with battery back up","TotalCost":64250,"FinalCO":"Y","FinalCODate":1755783180000,"CensusTract":"126.17 "}},{"type":"Feature","id":19534,"geometry":null,"properties":{"OBJECTID":19534,"PermitNum":202504309,"IssuedDate":1744301280000,"StatusCurrent":"Final Inspection Made                                       ","ApplicationType":"Int/Ext Alterations","Description":"10 roof mounted solar photovoltaic modules with a battery back up","TotalCost":35378,"FinalCO":"Y","FinalCODate":1756979340000,"CensusTract":"112.01 "}},{"type":"Feature","id":55449,"geometry":null,"properties":{"OBJECTID":55449,"PermitNum":202504468,"IssuedDate":1744301220000,"StatusCurrent":"Final Inspection Made                                       ","ApplicationType":"Int/Ext Alterations","Description":"\t\r\n12 roof mounted solar photovoltaic modules on existing residence with battery back up","TotalCost":39840,"FinalCO":"Y","FinalCODate":1755676680000,"CensusTract":"157.07 "}},{"type":"Feature","id":33316,"geometry":null,"properties":{"OBJECTID":33316,"PermitNum":202504184,"IssuedDate":1744301040000,"StatusCurrent":"Final Inspection Made                                       ","ApplicationType":"Int/Ext Alterations","Description":"18 Roof Mounted Solar Photovoltaic modules on existing residence with a battery back up","TotalCost":87379,"FinalCO":"Y","FinalCODate":1757676720000,"CensusTract":"125.09 "}},{"type":"Feature","id":14748,"geometry":null,"properties":{"OBJECTID":14748,"PermitNum":202503821,"IssuedDate":1744203360000,"StatusCurrent":"Final Inspection Made                                       ","ApplicationType":"Int/Ext Alterations","Description":"18 Roof Mounted Solar Photovoltaic Modules on existing residence.","TotalCost":46914,"FinalCO":"Y","FinalCODate":1753887360000,"CensusTract":"112.02 "}},{"type":"Feature","id":50430,"geometry":null,"properties":{"OBJECTID":50430,"PermitNum":202504738,"IssuedDate":1744099920000,"StatusCurrent":"Final Inspection Made                                       ","ApplicationType":"Int/Ext Alterations","Description":"22 Roof Mounted solar photovoltaic Modules on existing residence.","TotalCost":60751,"FinalCO":null,"FinalCODate":null,"CensusTract":"119.05 "}},{"type":"Feature","id":46720,"geometry":null,"properties":{"OBJECTID":46720,"PermitNum":202505035,"IssuedDate":1744099860000,"StatusCurrent":"Final Inspection Made                                       ","ApplicationType":"Int/Ext Alterations","Description":"13 Roof Mounted Solar Photovoltaic Modules on existing residence.","TotalCost":43077,"FinalCO":"Y","FinalCODate":1754913360000,"CensusTract":"160.09 "}},{"type":"Feature","id":14717,"geometry":null,"properties":{"OBJECTID":14717,"PermitNum":202505490,"IssuedDate":1744041060000,"StatusCurrent":"Issued                                                      ","ApplicationType":"Int/Ext Alterations","Description":"5 roof mounted solar photovoltaic modules on existing residence.","TotalCost":10801,"FinalCO":null,"FinalCODate":null,"CensusTract":"115.00 "}},{"type":"Feature","id":30656,"geometry":null,"properties":{"OBJECTID":30656,"PermitNum":202504761,"IssuedDate":1743783540000,"StatusCurrent":"Final Inspection Made                                       ","ApplicationType":"Int/Ext Alterations","Description":"13 roof mounted solar photovoltaic modules on exiting residence with battery back up","TotalCost":70616,"FinalCO":"Y","FinalCODate":1756819380000,"CensusTract":"153.01 "}},{"type":"Feature","id":6705,"geometry":null,"properties":{"OBJECTID":6705,"PermitNum":202504680,"IssuedDate":1743778560000,"StatusCurrent":"Final Inspection Made                                       ","ApplicationType":"Int/Ext Alterations","Description":"16 Roof Mounted Solar Photovoltaic modules on existing residence with battery back up","TotalCost":48393,"FinalCO":"Y","FinalCODate":1755772800000,"CensusTract":"128.03 "}},{"type":"Feature","id":2789,"geometry":null,"properties":{"OBJECTID":2789,"PermitNum":202504862,"IssuedDate":1743776880000,"StatusCurrent":"Issued                                                      ","ApplicationType":"Int/Ext Alterations","Description":"11 roof mounted solar photovoltaic modules on existing residence with battery back up","TotalCost":29956,"FinalCO":null,"FinalCODate":null,"CensusTract":"126.12 "}},{"type":"Feature","id":5927,"geometry":null,"properties":{"OBJECTID":5927,"PermitNum":202504867,"IssuedDate":1743776760000,"StatusCurrent":"Final Inspection Made                                       ","ApplicationType":"Int/Ext Alterations","Description":"8 roof mounted solar photovoltaic modules on existing residence with battery back up","TotalCost":33630,"FinalCO":"Y","FinalCODate":1757949780000,"CensusTract":"128.05 "}},{"type":"Feature","id":46651,"geometry":null,"properties":{"OBJECTID":46651,"PermitNum":202504926,"IssuedDate":1743776640000,"StatusCurrent":"Final Inspection Made                                       ","ApplicationType":"Int/Ext Alterations","Description":"PV solar install","TotalCost":38000,"FinalCO":"Y","FinalCODate":1757951820000,"CensusTract":"125.10 "}},{"type":"Feature","id":14343,"geometry":null,"properties":{"OBJECTID":14343,"PermitNum":202505276,"IssuedDate":1743759000000,"StatusCurrent":"Issued                                                      ","ApplicationType":"Int/Ext Alterations","Description":"\t\r\nInstallation of (22) residential solar panels on rooftop","TotalCost":27000,"FinalCO":null,"FinalCODate":null,"CensusTract":"112.02 "}},{"type":"Feature","id":52129,"geometry":null,"properties":{"OBJECTID":52129,"PermitNum":202505036,"IssuedDate":1743755880000,"StatusCurrent":"Final Inspection Made                                       ","ApplicationType":"Int/Ext Alterations","Description":"1 10KWH SolarEdge Energy Bank","TotalCost":15148,"FinalCO":null,"FinalCODate":null,"CensusTract":"157.07 "}},{"type":"Feature","id":11638,"geometry":null,"properties":{"OBJECTID":11638,"PermitNum":202505113,"IssuedDate":1743514260000,"StatusCurrent":"Final Inspection Made                                       ","ApplicationType":"Int/Ext Alterations","Description":"\t\r\n7 Roof Mounted Solar Photovoltaic Modules on exiting residence.","TotalCost":22646,"FinalCO":"Y","FinalCODate":1747382100000,"CensusTract":"113.00 "}},{"type":"Feature","id":3155,"geometry":null,"properties":{"OBJECTID":3155,"PermitNum":202505040,"IssuedDate":1743514140000,"StatusCurrent":"Final Inspection Made                                       ","ApplicationType":"Int/Ext Alterations","Description":"Installation of (22) residential solar panels on rooftop","TotalCost":27000,"FinalCO":"Y","FinalCODate":1754560440000,"CensusTract":"126.12 "}},{"type":"Feature","id":3048,"geometry":null,"properties":{"OBJECTID":3048,"PermitNum":202505034,"IssuedDate":1743409560000,"StatusCurrent":"Final Inspection Made                                       ","ApplicationType":"Int/Ext Alterations","Description":"\t\r\n16 Roof mounted solar Photovoltaic modules on existing residence.","TotalCost":49358,"FinalCO":null,"FinalCODate":null,"CensusTract":"126.12 "}},{"type":"Feature","id":3164,"geometry":null,"properties":{"OBJECTID":3164,"PermitNum":202504906,"IssuedDate":1743178140000,"StatusCurrent":"Issued                                                      ","ApplicationType":"Int/Ext Alterations","Description":"Roof Mounted Solar Panels","TotalCost":42000,"FinalCO":null,"FinalCODate":null,"CensusTract":"128.04 "}},{"type":"Feature","id":10549,"geometry":null,"properties":{"OBJECTID":10549,"PermitNum":202505033,"IssuedDate":1743177540000,"StatusCurrent":"Final Inspection Made                                       ","ApplicationType":"Int/Ext Alterations","Description":"\t\r\n14 roof mounted solar photovoltaic modules on existing residence with battery back up","TotalCost":52316,"FinalCO":null,"FinalCODate":null,"CensusTract":"114.00 "}},{"type":"Feature","id":9579,"geometry":null,"properties":{"OBJECTID":9579,"PermitNum":202504981,"IssuedDate":1743169500000,"StatusCurrent":"Final Inspection Made                                       ","ApplicationType":"Int/Ext Alterations","Description":"\t\r\n19 roof mounted solar photovoltaic modules on existing residence.","TotalCost":57947,"FinalCO":"Y","FinalCODate":1757515920000,"CensusTract":"114.00 "}},{"type":"Feature","id":46650,"geometry":null,"properties":{"OBJECTID":46650,"PermitNum":202504894,"IssuedDate":1743169320000,"StatusCurrent":"Issued                                                      ","ApplicationType":"Int/Ext Alterations","Description":"\t\r\nPV solar install to roof","TotalCost":38000,"FinalCO":null,"FinalCODate":null,"CensusTract":"125.10 "}},{"type":"Feature","id":14738,"geometry":null,"properties":{"OBJECTID":14738,"PermitNum":202504307,"IssuedDate":1743158580000,"StatusCurrent":"Final Inspection Made                                       ","ApplicationType":"Int/Ext Alterations","Description":"14 Roof Mounted solar photovoltaic modules on existing residence.","TotalCost":31709,"FinalCO":"Y","FinalCODate":1756475220000,"CensusTract":"128.03 "}},{"type":"Feature","id":32144,"geometry":null,"properties":{"OBJECTID":32144,"PermitNum":202503922,"IssuedDate":1743157860000,"StatusCurrent":"Final Inspection Made                                       ","ApplicationType":"Int/Ext Alterations","Description":"17 Roof Mounted Solar Photovoltaic modules on existing residence.","TotalCost":33673,"FinalCO":null,"FinalCODate":null,"CensusTract":"127.06 "}},{"type":"Feature","id":9178,"geometry":null,"properties":{"OBJECTID":9178,"PermitNum":202503897,"IssuedDate":1743156900000,"StatusCurrent":"Final Inspection Made                                       ","ApplicationType":"Int/Ext Alterations","Description":"9 Roof Mounted Solar Photovoltaic modules on existing residence with battery back up","TotalCost":46665,"FinalCO":"Y","FinalCODate":1755697440000,"CensusTract":"126.17 "}},{"type":"Feature","id":35828,"geometry":null,"properties":{"OBJECTID":35828,"PermitNum":202503818,"IssuedDate":1742289540000,"StatusCurrent":"Issued                                                      ","ApplicationType":"Int/Ext Alterations","Description":"22 Roof Mounted solar Photovoltaic modules on existing residence","TotalCost":53835,"FinalCO":null,"FinalCODate":null,"CensusTract":"127.05 "}},{"type":"Feature","id":5215,"geometry":null,"properties":{"OBJECTID":5215,"PermitNum":202503722,"IssuedDate":1741866180000,"StatusCurrent":"Final Inspection Made                                       ","ApplicationType":"Int/Ext Alterations","Description":"INSTALLING ROOF MOUNTED SOLAR SYSTEM: 6.8 KW- 17 PANELS","TotalCost":10387,"FinalCO":"Y","FinalCODate":1754658060000,"CensusTract":"126.11 "}},{"type":"Feature","id":6287,"geometry":null,"properties":{"OBJECTID":6287,"PermitNum":202422472,"IssuedDate":1741183020000,"StatusCurrent":"Final Inspection Made                                       ","ApplicationType":"Int/Ext Alterations","Description":"residential rooftop installation of 17 410/w panels with Solaredge inverter","TotalCost":43565,"FinalCO":"Y","FinalCODate":1741271880000,"CensusTract":"126.20 "}},{"type":"Feature","id":42364,"geometry":null,"properties":{"OBJECTID":42364,"PermitNum":202503065,"IssuedDate":1741098300000,"StatusCurrent":"Issued                                                      ","ApplicationType":"Int/Ext Alterations","Description":"10 Roof Mounted Solar Photovoltaic modules with battery back up","TotalCost":45323,"FinalCO":null,"FinalCODate":null,"CensusTract":"154.02 "}},{"type":"Feature","id":47956,"geometry":null,"properties":{"OBJECTID":47956,"PermitNum":202421579,"IssuedDate":1741090560000,"StatusCurrent":"Final Inspection Made                                       ","ApplicationType":"Int/Ext Alterations","Description":"Solar Installation of 15.910 KW Residential Roof-Mounted PV System and One Tesla Power Wall Battery Backup\r\n\r\nTCI ON FILE 03/24/2025","TotalCost":36600,"FinalCO":"Y","FinalCODate":1747409940000,"CensusTract":"160.08 "}},{"type":"Feature","id":123,"geometry":null,"properties":{"OBJECTID":123,"PermitNum":202501989,"IssuedDate":1741000260000,"StatusCurrent":"Final Inspection Made                                       ","ApplicationType":"Int/Ext Alterations","Description":"installation of roof mounted solar panels (15 panels) and 1 Tesla Powerwall","TotalCost":46071,"FinalCO":"Y","FinalCODate":1749631200000,"CensusTract":"167.01 "}},{"type":"Feature","id":47175,"geometry":null,"properties":{"OBJECTID":47175,"PermitNum":202502447,"IssuedDate":1741000140000,"StatusCurrent":"Final Inspection Made                                       ","ApplicationType":"Int/Ext Alterations","Description":"\t\r\ninstallation of roof mounted solar panels (26 panels) and 1 Tesla Powerwall","TotalCost":59020,"FinalCO":"Y","FinalCODate":1749715260000,"CensusTract":"160.09 "}},{"type":"Feature","id":55930,"geometry":null,"properties":{"OBJECTID":55930,"PermitNum":202400506,"IssuedDate":1740570420000,"StatusCurrent":"Final Inspection Made                                       ","ApplicationType":"Int/Ext Alterations","Description":"Residential solar. The address of 4 Bell House CV is not in the system yet. Please change the address before issuing permit. WH 1/10/2024","TotalCost":75240,"FinalCO":"Y","FinalCODate":1741095720000,"CensusTract":"157.06 "}},{"type":"Feature","id":34235,"geometry":null,"properties":{"OBJECTID":34235,"PermitNum":202501790,"IssuedDate":1740130860000,"StatusCurrent":"Final Inspection Made                                       ","ApplicationType":"Int/Ext Alterations","Description":"Residential Solar - Solar Installation of 5.160 KW Residential Roof-Mounted PV System and One Tesla Power Wall Battery Backup.\r\n\r\nTCI ON FILE 04/03/2025","TotalCost":23000,"FinalCO":null,"FinalCODate":null,"CensusTract":"125.08 "}},{"type":"Feature","id":50256,"geometry":null,"properties":{"OBJECTID":50256,"PermitNum":202501987,"IssuedDate":1740051360000,"StatusCurrent":"Final Inspection Made                                       ","ApplicationType":"Int/Ext Alterations","Description":"Installation of roof mounted solar panels array via DOI opt 2 and Install of (1) Tesla Power Wall 3.","TotalCost":29769,"FinalCO":"Y","FinalCODate":1749024120000,"CensusTract":"160.09 "}},{"type":"Feature","id":20581,"geometry":null,"properties":{"OBJECTID":20581,"PermitNum":202502057,"IssuedDate":1739961780000,"StatusCurrent":"Final Inspection Made                                       ","ApplicationType":"Int/Ext Alterations","Description":"14 Roof Mounted Solar Photovoltaic Modules on existing residence.","TotalCost":60171,"FinalCO":"Y","FinalCODate":1759330800000,"CensusTract":"111.01 "}},{"type":"Feature","id":5947,"geometry":null,"properties":{"OBJECTID":5947,"PermitNum":202502024,"IssuedDate":1739958180000,"StatusCurrent":"Final Inspection Made                                       ","ApplicationType":"Int/Ext Alterations","Description":"Rooftop solar installation and interconnected with the Duke Energy utility grid through the existing electrical equipment","TotalCost":68426,"FinalCO":null,"FinalCODate":null,"CensusTract":"165.05 "}},{"type":"Feature","id":14282,"geometry":null,"properties":{"OBJECTID":14282,"PermitNum":202501933,"IssuedDate":1739889000000,"StatusCurrent":"Final Inspection Made                                       ","ApplicationType":"Int/Ext Alterations","Description":"installation of roof mounted photovoltaic solar system- 8 modules flush mounted & battery","TotalCost":25520,"FinalCO":"Y","FinalCODate":1746792660000,"CensusTract":"128.03 "}},{"type":"Feature","id":54913,"geometry":null,"properties":{"OBJECTID":54913,"PermitNum":202501836,"IssuedDate":1739871000000,"StatusCurrent":"Issued                                                      ","ApplicationType":"Int/Ext Alterations","Description":"installation of roof mounted photovoltaic solar system - 16 modules flush mounted & battery","TotalCost":39000,"FinalCO":null,"FinalCODate":null,"CensusTract":"154.02 "}},{"type":"Feature","id":54307,"geometry":null,"properties":{"OBJECTID":54307,"PermitNum":202501260,"IssuedDate":1739791680000,"StatusCurrent":"Final Inspection Made                                       ","ApplicationType":"Int/Ext Alterations","Description":"Installation of roof mounted solar panels array via DOI opt 2 and Install of (2) Tesla power wall 3.","TotalCost":40061,"FinalCO":"Y","FinalCODate":1742803860000,"CensusTract":"154.02 "}},{"type":"Feature","id":54676,"geometry":null,"properties":{"OBJECTID":54676,"PermitNum":202501567,"IssuedDate":1739272140000,"StatusCurrent":"Final Inspection Made                                       ","ApplicationType":"Int/Ext Alterations","Description":"installation of roof mounted photovoltaic solar system - 12 modules flush mounted & battery","TotalCost":53849,"FinalCO":"Y","FinalCODate":1756130940000,"CensusTract":"154.02 "}},{"type":"Feature","id":40334,"geometry":null,"properties":{"OBJECTID":40334,"PermitNum":202421636,"IssuedDate":1738251780000,"StatusCurrent":"Final Inspection Made                                       ","ApplicationType":"Int/Ext Alterations","Description":"Installation of 19 solar panels flat on a residential rooftop.","TotalCost":20413,"FinalCO":null,"FinalCODate":null,"CensusTract":"102.00 "}},{"type":"Feature","id":45855,"geometry":null,"properties":{"OBJECTID":45855,"PermitNum":202500815,"IssuedDate":1738162560000,"StatusCurrent":"Final Inspection Made                                       ","ApplicationType":"Int/Ext Alterations","Description":"Installation of Roof Mounted Solar Panels with Tesla Powerwall 3 Energy Storage","TotalCost":33206,"FinalCO":null,"FinalCODate":null,"CensusTract":"127.03 "}},{"type":"Feature","id":11452,"geometry":null,"properties":{"OBJECTID":11452,"PermitNum":202500677,"IssuedDate":1737972000000,"StatusCurrent":"Final Inspection Made                                       ","ApplicationType":"Int/Ext Alterations","Description":"installation of roof mounted solar panels (28 panels) and 1 Tesla Powerwall","TotalCost":30530,"FinalCO":"Y","FinalCODate":1749650400000,"CensusTract":"111.02 "}},{"type":"Feature","id":21267,"geometry":null,"properties":{"OBJECTID":21267,"PermitNum":202500676,"IssuedDate":1737968280000,"StatusCurrent":"Final Inspection Made                                       ","ApplicationType":"Int/Ext Alterations","Description":"installation of roof mounted solar panels (19 panels) and 1 Tesla Powerwall","TotalCost":38442,"FinalCO":null,"FinalCODate":null,"CensusTract":"106.01 "}},{"type":"Feature","id":47578,"geometry":null,"properties":{"OBJECTID":47578,"PermitNum":202500603,"IssuedDate":1737715740000,"StatusCurrent":"Final Inspection Made                                       ","ApplicationType":"Int/Ext Alterations","Description":"Residential Solar","TotalCost":26799,"FinalCO":null,"FinalCODate":null,"CensusTract":"119.04 "}},{"type":"Feature","id":42122,"geometry":null,"properties":{"OBJECTID":42122,"PermitNum":202500648,"IssuedDate":1737706860000,"StatusCurrent":"Final Inspection Made                                       ","ApplicationType":"Int/Ext Alterations","Description":"Residential Solar","TotalCost":28500,"FinalCO":"Y","FinalCODate":1749130740000,"CensusTract":"125.08 "}},{"type":"Feature","id":5907,"geometry":null,"properties":{"OBJECTID":5907,"PermitNum":202500371,"IssuedDate":1737120360000,"StatusCurrent":"Final Inspection Made                                       ","ApplicationType":"Int/Ext Alterations","Description":"Solar Installation of 8.600 KW Residential Roof-Mounted PV System and One Tesla Power Wall Battery Backup.\r\nTCI ON FILE 04/08/2025","TotalCost":26400,"FinalCO":null,"FinalCODate":null,"CensusTract":"128.05 "}},{"type":"Feature","id":55995,"geometry":null,"properties":{"OBJECTID":55995,"PermitNum":202500177,"IssuedDate":1736775360000,"StatusCurrent":"Issued                                                      ","ApplicationType":"Int/Ext Alterations","Description":"\t\r\nInstallation of (16) residential solar panels on rooftop","TotalCost":21000,"FinalCO":null,"FinalCODate":null,"CensusTract":"155.00 "}},{"type":"Feature","id":5766,"geometry":null,"properties":{"OBJECTID":5766,"PermitNum":202413065,"IssuedDate":1736760480000,"StatusCurrent":"Final Inspection Made                                       ","ApplicationType":"Int/Ext Alterations","Description":"installation of roof mounted solar panels (24 panels) and 1 Tesla Powerwall","TotalCost":51712,"FinalCO":"Y","FinalCODate":1738060920000,"CensusTract":"128.05 "}},{"type":"Feature","id":33080,"geometry":null,"properties":{"OBJECTID":33080,"PermitNum":202421577,"IssuedDate":1735922640000,"StatusCurrent":"Final Inspection Made                                       ","ApplicationType":"Int/Ext Alterations","Description":"Solar Installation of 7.360 KW Residential Roof-Mounted PV System and One Tesla Power Wall Battery Backup\r\n\r\nTCI ON FILE 03/28/2025","TotalCost":26650,"FinalCO":"Y","FinalCODate":1747409940000,"CensusTract":"125.11 "}},{"type":"Feature","id":12132,"geometry":null,"properties":{"OBJECTID":12132,"PermitNum":202421999,"IssuedDate":1734961500000,"StatusCurrent":"Issued                                                      ","ApplicationType":"Int/Ext Alterations","Description":"\t\r\ninstallation of 13 roof mounted solar panels","TotalCost":16749,"FinalCO":null,"FinalCODate":null,"CensusTract":"115.00 "}},{"type":"Feature","id":46166,"geometry":null,"properties":{"OBJECTID":46166,"PermitNum":202420442,"IssuedDate":1734020820000,"StatusCurrent":"Final Inspection Made                                       ","ApplicationType":"Int/Ext Alterations","Description":"\t\r\nInstalling 11 modules - Roof Mounted Solar System","TotalCost":37464,"FinalCO":null,"FinalCODate":null,"CensusTract":"127.03 "}},{"type":"Feature","id":36511,"geometry":null,"properties":{"OBJECTID":36511,"PermitNum":202420736,"IssuedDate":1733928240000,"StatusCurrent":"Final Inspection Made                                       ","ApplicationType":"Int/Ext Alterations","Description":"installation of 12 roof mounted solar panels and 1 Tesla Powerwall 3 battery","TotalCost":25642,"FinalCO":null,"FinalCODate":null,"CensusTract":"104.03 "}},{"type":"Feature","id":51565,"geometry":null,"properties":{"OBJECTID":51565,"PermitNum":202421221,"IssuedDate":1733486460000,"StatusCurrent":"Issued                                                      ","ApplicationType":"Int/Ext Alterations","Description":"Installation of (36) residential solar panels on rooftop","TotalCost":25000,"FinalCO":null,"FinalCODate":null,"CensusTract":"119.04 "}},{"type":"Feature","id":34953,"geometry":null,"properties":{"OBJECTID":34953,"PermitNum":202420700,"IssuedDate":1733223420000,"StatusCurrent":"Final Inspection Made                                       ","ApplicationType":"Int/Ext Alterations","Description":"installation of roof mounted photovoltaic solar system - 16 modules flush mounted","TotalCost":28880,"FinalCO":null,"FinalCODate":null,"CensusTract":"103.00 "}},{"type":"Feature","id":48571,"geometry":null,"properties":{"OBJECTID":48571,"PermitNum":202420265,"IssuedDate":1731935700000,"StatusCurrent":"Final Inspection Made                                       ","ApplicationType":"Int/Ext Alterations","Description":"Residential Solar","TotalCost":24851,"FinalCO":"Y","FinalCODate":1750167300000,"CensusTract":"119.05 "}},{"type":"Feature","id":24082,"geometry":null,"properties":{"OBJECTID":24082,"PermitNum":202419872,"IssuedDate":1731681120000,"StatusCurrent":"Final Inspection Made                                       ","ApplicationType":"Int/Ext Alterations","Description":"Residential Solar. Installation of 11 solar panels flat on residential rooftop.","TotalCost":16425,"FinalCO":null,"FinalCODate":null,"CensusTract":"105.00 "}},{"type":"Feature","id":58049,"geometry":null,"properties":{"OBJECTID":58049,"PermitNum":202420196,"IssuedDate":1731599400000,"StatusCurrent":"Final Inspection Made                                       ","ApplicationType":"Int/Ext Alterations","Description":"Residential Solar","TotalCost":18352,"FinalCO":"Y","FinalCODate":1738847160000,"CensusTract":"151.00 "}},{"type":"Feature","id":9189,"geometry":null,"properties":{"OBJECTID":9189,"PermitNum":202419888,"IssuedDate":1731589020000,"StatusCurrent":"Final Inspection Made                                       ","ApplicationType":"Int/Ext Alterations","Description":"Residential Solar -20 modules flush mounted","TotalCost":55671,"FinalCO":"Y","FinalCODate":1733915580000,"CensusTract":"126.07 "}},{"type":"Feature","id":40968,"geometry":null,"properties":{"OBJECTID":40968,"PermitNum":202420081,"IssuedDate":1731515340000,"StatusCurrent":"Final Inspection Made                                       ","ApplicationType":"Int/Ext Alterations","Description":"Residential Solar - install Roof Mount Solar System (22) HANWHA Q-CELLS","TotalCost":32700,"FinalCO":null,"FinalCODate":null,"CensusTract":"127.03 "}},{"type":"Feature","id":13241,"geometry":null,"properties":{"OBJECTID":13241,"PermitNum":202419871,"IssuedDate":1731515220000,"StatusCurrent":"Final Inspection Made                                       ","ApplicationType":"Int/Ext Alterations","Description":"Residential Solar (18 panels)","TotalCost":24826,"FinalCO":"Y","FinalCODate":1738076820000,"CensusTract":"115.00 "}},{"type":"Feature","id":51996,"geometry":null,"properties":{"OBJECTID":51996,"PermitNum":202419715,"IssuedDate":1730983740000,"StatusCurrent":"Final Inspection Made                                       ","ApplicationType":"Int/Ext Alterations","Description":"installation of roof mounted photovoltaic solar system - 17 modules flush mounted","TotalCost":42881,"FinalCO":"Y","FinalCODate":1734008400000,"CensusTract":"157.07 "}},{"type":"Feature","id":54695,"geometry":null,"properties":{"OBJECTID":54695,"PermitNum":202410031,"IssuedDate":1730974200000,"StatusCurrent":"Final Inspection Made                                       ","ApplicationType":"Int/Ext Alterations","Description":"Residential Solar","TotalCost":22168,"FinalCO":"Y","FinalCODate":1732530000000,"CensusTract":"160.08 "}},{"type":"Feature","id":41952,"geometry":null,"properties":{"OBJECTID":41952,"PermitNum":202419399,"IssuedDate":1730718180000,"StatusCurrent":"Final Inspection Made                                       ","ApplicationType":"Int/Ext Alterations","Description":"residential rooftop solar installation of 15 425W panels with battery backup","TotalCost":29150,"FinalCO":null,"FinalCODate":null,"CensusTract":"127.03 "}},{"type":"Feature","id":46165,"geometry":null,"properties":{"OBJECTID":46165,"PermitNum":202415228,"IssuedDate":1730382900000,"StatusCurrent":"Issued                                                      ","ApplicationType":"Int/Ext Alterations","Description":"Residential Solar","TotalCost":4667,"FinalCO":null,"FinalCODate":null,"CensusTract":"127.03 "}},{"type":"Feature","id":55737,"geometry":null,"properties":{"OBJECTID":55737,"PermitNum":202419302,"IssuedDate":1730286900000,"StatusCurrent":"Final Inspection Made                                       ","ApplicationType":"Int/Ext Alterations","Description":"Residential Solar","TotalCost":26975,"FinalCO":"Y","FinalCODate":1745413260000,"CensusTract":"155.00 "}},{"type":"Feature","id":10306,"geometry":null,"properties":{"OBJECTID":10306,"PermitNum":202419143,"IssuedDate":1729853220000,"StatusCurrent":"Final Inspection Made                                       ","ApplicationType":"Int/Ext Alterations","Description":"Residential Solar","TotalCost":15000,"FinalCO":"Y","FinalCODate":1739194560000,"CensusTract":"114.00 "}},{"type":"Feature","id":13015,"geometry":null,"properties":{"OBJECTID":13015,"PermitNum":202419090,"IssuedDate":1729851300000,"StatusCurrent":"Final Inspection Made                                       ","ApplicationType":"Int/Ext Alterations","Description":"Residential Solar and Powerwall","TotalCost":37968,"FinalCO":"Y","FinalCODate":1738076700000,"CensusTract":"115.00 "}},{"type":"Feature","id":52661,"geometry":null,"properties":{"OBJECTID":52661,"PermitNum":202418840,"IssuedDate":1729679100000,"StatusCurrent":"Final Inspection Made                                       ","ApplicationType":"Int/Ext Alterations","Description":"Residential Solar","TotalCost":28155,"FinalCO":null,"FinalCODate":null,"CensusTract":"119.05 "}},{"type":"Feature","id":11819,"geometry":null,"properties":{"OBJECTID":11819,"PermitNum":202418839,"IssuedDate":1729678980000,"StatusCurrent":"Final Inspection Made                                       ","ApplicationType":"Int/Ext Alterations","Description":"Residential Solar","TotalCost":10878,"FinalCO":"Y","FinalCODate":1749640560000,"CensusTract":"115.00 "}},{"type":"Feature","id":58471,"geometry":null,"properties":{"OBJECTID":58471,"PermitNum":202418696,"IssuedDate":1729588800000,"StatusCurrent":"Final Inspection Made                                       ","ApplicationType":"Int/Ext Alterations","Description":"Residential Solar","TotalCost":20128,"FinalCO":null,"FinalCODate":null,"CensusTract":"151.00 "}},{"type":"Feature","id":43138,"geometry":null,"properties":{"OBJECTID":43138,"PermitNum":202416993,"IssuedDate":1729517460000,"StatusCurrent":"Final Inspection Made                                       ","ApplicationType":"Int/Ext Alterations","Description":"Installation of a roof-mounted solar PV system consisting of 23 modules, 1 inverter, 1 battery, and 1 gateway","TotalCost":33647,"FinalCO":"Y","FinalCODate":1734532140000,"CensusTract":"125.03 "}},{"type":"Feature","id":10559,"geometry":null,"properties":{"OBJECTID":10559,"PermitNum":202418635,"IssuedDate":1729516500000,"StatusCurrent":"Final Inspection Made                                       ","ApplicationType":"Int/Ext Alterations","Description":"Residential Solar","TotalCost":26702,"FinalCO":"Y","FinalCODate":1740484380000,"CensusTract":"111.02 "}},{"type":"Feature","id":10252,"geometry":null,"properties":{"OBJECTID":10252,"PermitNum":202418682,"IssuedDate":1729511640000,"StatusCurrent":"Issued                                                      ","ApplicationType":"Int/Ext Alterations","Description":"Residential Solar","TotalCost":12000,"FinalCO":null,"FinalCODate":null,"CensusTract":"114.00 "}},{"type":"Feature","id":55389,"geometry":null,"properties":{"OBJECTID":55389,"PermitNum":202410616,"IssuedDate":1729264200000,"StatusCurrent":"Final Inspection Made                                       ","ApplicationType":"Int/Ext Alterations","Description":"Installation of 21 solar panels flat on a residential rooftop.","TotalCost":22113,"FinalCO":"Y","FinalCODate":1729507500000,"CensusTract":"157.04 "}},{"type":"Feature","id":15004,"geometry":null,"properties":{"OBJECTID":15004,"PermitNum":202418658,"IssuedDate":1729182300000,"StatusCurrent":"Final Inspection Made                                       ","ApplicationType":"Int/Ext Alterations","Description":"Residential Solar","TotalCost":12000,"FinalCO":"Y","FinalCODate":1733329920000,"CensusTract":"112.02 "}},{"type":"Feature","id":16846,"geometry":null,"properties":{"OBJECTID":16846,"PermitNum":202418402,"IssuedDate":1728988920000,"StatusCurrent":"Final Inspection Made                                       ","ApplicationType":"Int/Ext Alterations","Description":"Residential Solar - FLOODPLAIN","TotalCost":20374,"FinalCO":"Y","FinalCODate":1737724500000,"CensusTract":"153.02 "}},{"type":"Feature","id":51539,"geometry":null,"properties":{"OBJECTID":51539,"PermitNum":202418195,"IssuedDate":1728391680000,"StatusCurrent":"Final Inspection Made                                       ","ApplicationType":"Int/Ext Alterations","Description":"Residential Solar","TotalCost":18481,"FinalCO":"Y","FinalCODate":1731595380000,"CensusTract":"155.00 "}},{"type":"Feature","id":55610,"geometry":null,"properties":{"OBJECTID":55610,"PermitNum":202417909,"IssuedDate":1728039780000,"StatusCurrent":"Final Inspection Made                                       ","ApplicationType":"Int/Ext Alterations","Description":"Residential Solar\r\nTCI ON FILE 10/29/2024","TotalCost":25600,"FinalCO":"Y","FinalCODate":1734004140000,"CensusTract":"157.06 "}},{"type":"Feature","id":46335,"geometry":null,"properties":{"OBJECTID":46335,"PermitNum":202417910,"IssuedDate":1728039540000,"StatusCurrent":"Final Inspection Made                                       ","ApplicationType":"Int/Ext Alterations","Description":"Residential Solar\r\n\r\nTCI ON FILE 01/06/2025","TotalCost":61500,"FinalCO":"Y","FinalCODate":1738761420000,"CensusTract":"157.05 "}},{"type":"Feature","id":56738,"geometry":null,"properties":{"OBJECTID":56738,"PermitNum":202417940,"IssuedDate":1727877060000,"StatusCurrent":"Issued                                                      ","ApplicationType":"Int/Ext Alterations","Description":"Residential Solar","TotalCost":25088,"FinalCO":null,"FinalCODate":null,"CensusTract":"155.00 "}},{"type":"Feature","id":52100,"geometry":null,"properties":{"OBJECTID":52100,"PermitNum":202417738,"IssuedDate":1727858700000,"StatusCurrent":"Final Inspection Made                                       ","ApplicationType":"Int/Ext Alterations","Description":"Residential Solar","TotalCost":19456,"FinalCO":null,"FinalCODate":null,"CensusTract":"155.00 "}},{"type":"Feature","id":47847,"geometry":null,"properties":{"OBJECTID":47847,"PermitNum":202416452,"IssuedDate":1727858580000,"StatusCurrent":"Final Inspection Made                                       ","ApplicationType":"Int/Ext Alterations","Description":"Residential Solar","TotalCost":48242,"FinalCO":"Y","FinalCODate":1733323260000,"CensusTract":"157.03 "}},{"type":"Feature","id":48769,"geometry":null,"properties":{"OBJECTID":48769,"PermitNum":202416615,"IssuedDate":1727363280000,"StatusCurrent":"Final Inspection Made                                       ","ApplicationType":"Int/Ext Alterations","Description":"Residential Solar","TotalCost":19096,"FinalCO":null,"FinalCODate":null,"CensusTract":"119.04 "}},{"type":"Feature","id":10968,"geometry":null,"properties":{"OBJECTID":10968,"PermitNum":202417486,"IssuedDate":1727168280000,"StatusCurrent":"Final Inspection Made                                       ","ApplicationType":"Int/Ext Alterations","Description":"Installation of roof mounted solar panels array via DOI opt 2 and install of (1) Tesla power wall 3","TotalCost":45130,"FinalCO":"Y","FinalCODate":1740495960000,"CensusTract":"128.03 "}},{"type":"Feature","id":3014,"geometry":null,"properties":{"OBJECTID":3014,"PermitNum":202416947,"IssuedDate":1726671720000,"StatusCurrent":"Final Inspection Made                                       ","ApplicationType":"Int/Ext Alterations","Description":"Residential Solar","TotalCost":11946,"FinalCO":"Y","FinalCODate":1732015560000,"CensusTract":"126.12 "}},{"type":"Feature","id":31570,"geometry":null,"properties":{"OBJECTID":31570,"PermitNum":202417120,"IssuedDate":1726581660000,"StatusCurrent":"Final Inspection Made                                       ","ApplicationType":"Int/Ext Alterations","Description":"Residential Solar\r\nTCI form on file 11-8-24 jt","TotalCost":29500,"FinalCO":"Y","FinalCODate":1736336340000,"CensusTract":"104.01 "}},{"type":"Feature","id":13487,"geometry":null,"properties":{"OBJECTID":13487,"PermitNum":202416653,"IssuedDate":1726494060000,"StatusCurrent":"Final Inspection Made                                       ","ApplicationType":"Int/Ext Alterations","Description":"Residential Solar","TotalCost":20638,"FinalCO":"Y","FinalCODate":1730129220000,"CensusTract":"128.03 "}},{"type":"Feature","id":33390,"geometry":null,"properties":{"OBJECTID":33390,"PermitNum":202416621,"IssuedDate":1726484460000,"StatusCurrent":"Final Inspection Made                                       ","ApplicationType":"Int/Ext Alterations","Description":"Residential Solar","TotalCost":12944,"FinalCO":null,"FinalCODate":null,"CensusTract":"127.05 "}},{"type":"Feature","id":43575,"geometry":null,"properties":{"OBJECTID":43575,"PermitNum":202416616,"IssuedDate":1726480980000,"StatusCurrent":"Final Inspection Made                                       ","ApplicationType":"Int/Ext Alterations","Description":"Residential Solar","TotalCost":24911,"FinalCO":null,"FinalCODate":null,"CensusTract":"127.04 "}},{"type":"Feature","id":2689,"geometry":null,"properties":{"OBJECTID":2689,"PermitNum":202416476,"IssuedDate":1726048200000,"StatusCurrent":"Final Inspection Made                                       ","ApplicationType":"Int/Ext Alterations","Description":"Residential Solar","TotalCost":25688,"FinalCO":"Y","FinalCODate":1731419400000,"CensusTract":"128.04 "}},{"type":"Feature","id":17108,"geometry":null,"properties":{"OBJECTID":17108,"PermitNum":202415744,"IssuedDate":1725449760000,"StatusCurrent":"Final Inspection Made                                       ","ApplicationType":"Int/Ext Alterations","Description":"Residential Solar","TotalCost":23144,"FinalCO":null,"FinalCODate":null,"CensusTract":"111.01 "}},{"type":"Feature","id":58162,"geometry":null,"properties":{"OBJECTID":58162,"PermitNum":202415133,"IssuedDate":1725446100000,"StatusCurrent":"Final Inspection Made                                       ","ApplicationType":"Int/Ext Alterations","Description":"Roof-mounted solar panel installation. - 15 panels - 6kW system","TotalCost":8359,"FinalCO":"Y","FinalCODate":1741173420000,"CensusTract":"151.00 "}},{"type":"Feature","id":13239,"geometry":null,"properties":{"OBJECTID":13239,"PermitNum":202415227,"IssuedDate":1724661360000,"StatusCurrent":"Final Inspection Made                                       ","ApplicationType":"Int/Ext Alterations","Description":"Residential Solar","TotalCost":18146,"FinalCO":"Y","FinalCODate":1729783020000,"CensusTract":"128.03 "}},{"type":"Feature","id":1837,"geometry":null,"properties":{"OBJECTID":1837,"PermitNum":202414959,"IssuedDate":1724412780000,"StatusCurrent":"Final Inspection Made                                       ","ApplicationType":"Int/Ext Alterations","Description":"Installation of a roof-mounted solar PV system consisting of 14 modules, 1 inverter, 1 battery, and 1 gateway.\r\nTCI ON FILE 08/23/2024","TotalCost":30580,"FinalCO":"Y","FinalCODate":1727856600000,"CensusTract":"165.02 "}},{"type":"Feature","id":53205,"geometry":null,"properties":{"OBJECTID":53205,"PermitNum":202410263,"IssuedDate":1723710480000,"StatusCurrent":"Final Inspection Made                                       ","ApplicationType":"Int/Ext Alterations","Description":"Residential Solar","TotalCost":25579,"FinalCO":"Y","FinalCODate":1723824480000,"CensusTract":"160.08 "}},{"type":"Feature","id":32501,"geometry":null,"properties":{"OBJECTID":32501,"PermitNum":202414420,"IssuedDate":1723635120000,"StatusCurrent":"Final Inspection Made                                       ","ApplicationType":"Int/Ext Alterations","Description":"Residential Solar","TotalCost":6780,"FinalCO":"Y","FinalCODate":1740476280000,"CensusTract":"125.11 "}},{"type":"Feature","id":35975,"geometry":null,"properties":{"OBJECTID":35975,"PermitNum":202414017,"IssuedDate":1723200240000,"StatusCurrent":"Issued                                                      ","ApplicationType":"Int/Ext Alterations","Description":"Residential Solar","TotalCost":35400,"FinalCO":null,"FinalCODate":null,"CensusTract":"125.11 "}},{"type":"Feature","id":13888,"geometry":null,"properties":{"OBJECTID":13888,"PermitNum":202413181,"IssuedDate":1723108860000,"StatusCurrent":"Final Inspection Made                                       ","ApplicationType":"Int/Ext Alterations","Description":"Residential Solar","TotalCost":27051,"FinalCO":"Y","FinalCODate":1730220660000,"CensusTract":"114.00 "}},{"type":"Feature","id":3056,"geometry":null,"properties":{"OBJECTID":3056,"PermitNum":202412338,"IssuedDate":1722956700000,"StatusCurrent":"Final Inspection Made                                       ","ApplicationType":"Int/Ext Alterations","Description":"Installing 16 PV solar modules on existing roof structure, 6.320kW.","TotalCost":46493,"FinalCO":null,"FinalCODate":null,"CensusTract":"126.12 "}},{"type":"Feature","id":54670,"geometry":null,"properties":{"OBJECTID":54670,"PermitNum":202413605,"IssuedDate":1722503640000,"StatusCurrent":"Final Inspection Made                                       ","ApplicationType":"Int/Ext Alterations","Description":"\t\r\ninstallation of 26 roof mounted solar panels and 1 Tesla Powerwall battery","TotalCost":49890,"FinalCO":"Y","FinalCODate":1732198620000,"CensusTract":"154.02 "}},{"type":"Feature","id":35931,"geometry":null,"properties":{"OBJECTID":35931,"PermitNum":202413680,"IssuedDate":1722503340000,"StatusCurrent":"Final Inspection Made                                       ","ApplicationType":"Int/Ext Alterations","Description":"Residential Roof Integrated PV Solar Shingle System installation/system size 6.532kw","TotalCost":15676,"FinalCO":null,"FinalCODate":null,"CensusTract":"103.00 "}},{"type":"Feature","id":53069,"geometry":null,"properties":{"OBJECTID":53069,"PermitNum":202413537,"IssuedDate":1722503340000,"StatusCurrent":"Final Inspection Made                                       ","ApplicationType":"Int/Ext Alterations","Description":"Residential Solar","TotalCost":6885,"FinalCO":"Y","FinalCODate":1727704260000,"CensusTract":"119.05 "}},{"type":"Feature","id":52611,"geometry":null,"properties":{"OBJECTID":52611,"PermitNum":202413447,"IssuedDate":1722428220000,"StatusCurrent":"Final Inspection Made                                       ","ApplicationType":"Int/Ext Alterations","Description":"Residential Solar","TotalCost":22015,"FinalCO":"Y","FinalCODate":1732198620000,"CensusTract":"157.03 "}},{"type":"Feature","id":17682,"geometry":null,"properties":{"OBJECTID":17682,"PermitNum":202413481,"IssuedDate":1722415920000,"StatusCurrent":"Final Inspection Made                                       ","ApplicationType":"Int/Ext Alterations","Description":"Residential Solar","TotalCost":64729,"FinalCO":"Y","FinalCODate":1730392920000,"CensusTract":"112.01 "}},{"type":"Feature","id":46242,"geometry":null,"properties":{"OBJECTID":46242,"PermitNum":202413083,"IssuedDate":1721917920000,"StatusCurrent":"Final Inspection Made                                       ","ApplicationType":"Int/Ext Alterations","Description":"Installation of roof mounted solar panels (33 panels) and 1 Tesla Powerwall","TotalCost":68640,"FinalCO":"Y","FinalCODate":1726759320000,"CensusTract":"160.09 "}},{"type":"Feature","id":15021,"geometry":null,"properties":{"OBJECTID":15021,"PermitNum":202412796,"IssuedDate":1721305620000,"StatusCurrent":"Final Inspection Made                                       ","ApplicationType":"Int/Ext Alterations","Description":"Installing 8 PV solar modules on existing roof structure, 3.160kW.","TotalCost":26574,"FinalCO":"Y","FinalCODate":1734446520000,"CensusTract":"112.02 "}},{"type":"Feature","id":3351,"geometry":null,"properties":{"OBJECTID":3351,"PermitNum":202412379,"IssuedDate":1721296620000,"StatusCurrent":"Final Inspection Made                                       ","ApplicationType":"Int/Ext Alterations","Description":"Installing 16 PV solar modules on existing roof structure, 6.320kW.","TotalCost":49680,"FinalCO":"Y","FinalCODate":1730220600000,"CensusTract":"128.04 "}},{"type":"Feature","id":58221,"geometry":null,"properties":{"OBJECTID":58221,"PermitNum":202412377,"IssuedDate":1721296080000,"StatusCurrent":"Final Inspection Made                                       ","ApplicationType":"Int/Ext Alterations","Description":"Installation of solar panels flat on a residential roof","TotalCost":14600,"FinalCO":"Y","FinalCODate":1726573260000,"CensusTract":"151.00 "}},{"type":"Feature","id":37612,"geometry":null,"properties":{"OBJECTID":37612,"PermitNum":202412298,"IssuedDate":1721047980000,"StatusCurrent":"Final Inspection Made                                       ","ApplicationType":"Int/Ext Alterations","Description":"Residential Solar","TotalCost":31844,"FinalCO":null,"FinalCODate":null,"CensusTract":"102.00 "}},{"type":"Feature","id":58117,"geometry":null,"properties":{"OBJECTID":58117,"PermitNum":202412143,"IssuedDate":1721035620000,"StatusCurrent":"Final Inspection Made                                       ","ApplicationType":"Int/Ext Alterations","Description":"Residential Solar","TotalCost":36090,"FinalCO":"Y","FinalCODate":1726757040000,"CensusTract":"151.00 "}},{"type":"Feature","id":25986,"geometry":null,"properties":{"OBJECTID":25986,"PermitNum":202412024,"IssuedDate":1720786680000,"StatusCurrent":"Final Inspection Made                                       ","ApplicationType":"Int/Ext Alterations","Description":"Residential Solar","TotalCost":30679,"FinalCO":null,"FinalCODate":null,"CensusTract":"161.02 "}},{"type":"Feature","id":8121,"geometry":null,"properties":{"OBJECTID":8121,"PermitNum":202412025,"IssuedDate":1720774020000,"StatusCurrent":"Final Inspection Made                                       ","ApplicationType":"Int/Ext Alterations","Description":"Residential Solar","TotalCost":58458,"FinalCO":"Y","FinalCODate":1731598980000,"CensusTract":"128.05 "}},{"type":"Feature","id":54461,"geometry":null,"properties":{"OBJECTID":54461,"PermitNum":202410709,"IssuedDate":1720601700000,"StatusCurrent":"Final Inspection Made                                       ","ApplicationType":"Int/Ext Alterations","Description":"Installing roof mounted, grid-tied solar with battery storage.","TotalCost":29868,"FinalCO":null,"FinalCODate":null,"CensusTract":"154.02 "}},{"type":"Feature","id":15468,"geometry":null,"properties":{"OBJECTID":15468,"PermitNum":202411877,"IssuedDate":1720599480000,"StatusCurrent":"Final Inspection Made                                       ","ApplicationType":"Int/Ext Alterations","Description":"Residential Solar","TotalCost":22000,"FinalCO":"Y","FinalCODate":1726671240000,"CensusTract":"126.18 "}},{"type":"Feature","id":16819,"geometry":null,"properties":{"OBJECTID":16819,"PermitNum":202411939,"IssuedDate":1720540560000,"StatusCurrent":"Final Inspection Made                                       ","ApplicationType":"Int/Ext Alterations","Description":"Installation of roof mounted photovoltaic solar system- 3 modules as an addition to the existing 16 modules flush mounted.","TotalCost":25863,"FinalCO":"Y","FinalCODate":1730368620000,"CensusTract":"153.02 "}},{"type":"Feature","id":52850,"geometry":null,"properties":{"OBJECTID":52850,"PermitNum":202411482,"IssuedDate":1720523280000,"StatusCurrent":"Final Inspection Made                                       ","ApplicationType":"Int/Ext Alterations","Description":"Installation of roof mounted solar panels array via DOI opt 2 and install of (1) Tesla power wall 3","TotalCost":31933,"FinalCO":"Y","FinalCODate":1726751340000,"CensusTract":"157.06 "}},{"type":"Feature","id":30979,"geometry":null,"properties":{"OBJECTID":30979,"PermitNum":202410619,"IssuedDate":1719835560000,"StatusCurrent":"Final Inspection Made                                       ","ApplicationType":"Int/Ext Alterations","Description":"Installing 14 PV solar modules on existing roof structure, 5.530kW.","TotalCost":38689,"FinalCO":null,"FinalCODate":null,"CensusTract":"127.06 "}},{"type":"Feature","id":36847,"geometry":null,"properties":{"OBJECTID":36847,"PermitNum":202410631,"IssuedDate":1719835440000,"StatusCurrent":"Final Inspection Made                                       ","ApplicationType":"Int/Ext Alterations","Description":"\t\r\nInstallation of roof mounted photovoltaic solar system- 8 modules flush mounted to the existing r...","TotalCost":14788,"FinalCO":null,"FinalCODate":null,"CensusTract":"127.05 "}},{"type":"Feature","id":49943,"geometry":null,"properties":{"OBJECTID":49943,"PermitNum":202410617,"IssuedDate":1719827040000,"StatusCurrent":"Final Inspection Made                                       ","ApplicationType":"Int/Ext Alterations","Description":"5.67 kW Roof Mounted PV Solar Installation","TotalCost":6800,"FinalCO":null,"FinalCODate":null,"CensusTract":"160.09 "}},{"type":"Feature","id":34627,"geometry":null,"properties":{"OBJECTID":34627,"PermitNum":202411189,"IssuedDate":1719564540000,"StatusCurrent":"Final Inspection Made                                       ","ApplicationType":"Int/Ext Alterations","Description":"Installation of roof mounted solar panels (28 panels) and 1 Tesla Powerwall","TotalCost":57620,"FinalCO":null,"FinalCODate":null,"CensusTract":"127.05 "}},{"type":"Feature","id":37479,"geometry":null,"properties":{"OBJECTID":37479,"PermitNum":202409965,"IssuedDate":1719412320000,"StatusCurrent":"Final Inspection Made                                       ","ApplicationType":"Int/Ext Alterations","Description":"Residential Solar","TotalCost":12957,"FinalCO":null,"FinalCODate":null,"CensusTract":"102.00 "}},{"type":"Feature","id":33361,"geometry":null,"properties":{"OBJECTID":33361,"PermitNum":202410802,"IssuedDate":1718892480000,"StatusCurrent":"Final Inspection Made                                       ","ApplicationType":"Int/Ext Alterations","Description":"Installation of 24 solar panels flat on a residential rooftop","TotalCost":12729,"FinalCO":"Y","FinalCODate":1726656480000,"CensusTract":"127.05 "}},{"type":"Feature","id":40267,"geometry":null,"properties":{"OBJECTID":40267,"PermitNum":202411015,"IssuedDate":1718715120000,"StatusCurrent":"Final Inspection Made                                       ","ApplicationType":"Int/Ext Alterations","Description":"\t\r\nInstall PV, roof-mounted 7.110 kW solar system with 18 panels, 1 Tesla Powerwall & 1 Tesla Energy...","TotalCost":37768,"FinalCO":"Y","FinalCODate":1740993360000,"CensusTract":"125.09 "}},{"type":"Feature","id":31357,"geometry":null,"properties":{"OBJECTID":31357,"PermitNum":202410492,"IssuedDate":1718627700000,"StatusCurrent":"Final Inspection Made                                       ","ApplicationType":"Int/Ext Alterations","Description":"Install of roof mounted solar panels array via DOI opt 2 and (1) Tesla power wall 3. Service chan...","TotalCost":27843,"FinalCO":null,"FinalCODate":null,"CensusTract":"104.01 "}},{"type":"Feature","id":39950,"geometry":null,"properties":{"OBJECTID":39950,"PermitNum":202410615,"IssuedDate":1718207640000,"StatusCurrent":"Final Inspection Made                                       ","ApplicationType":"Int/Ext Alterations","Description":"To install a roof mounted solar photovoltaic system. 21 Hanwha QCell Panels and 11 Duracell inverters with racking","TotalCost":33665,"FinalCO":null,"FinalCODate":null,"CensusTract":"162.01 "}},{"type":"Feature","id":3428,"geometry":null,"properties":{"OBJECTID":3428,"PermitNum":202409461,"IssuedDate":1717159020000,"StatusCurrent":"Final Inspection Made                                       ","ApplicationType":"Int/Ext Alterations","Description":"Residential Solar and Battery","TotalCost":33500,"FinalCO":"Y","FinalCODate":1721401380000,"CensusTract":"128.04 "}},{"type":"Feature","id":12762,"geometry":null,"properties":{"OBJECTID":12762,"PermitNum":202406675,"IssuedDate":1717076820000,"StatusCurrent":"Final Inspection Made                                       ","ApplicationType":"Int/Ext Alterations","Description":"Residential Solar","TotalCost":39775,"FinalCO":null,"FinalCODate":null,"CensusTract":"172.00 "}},{"type":"Feature","id":42576,"geometry":null,"properties":{"OBJECTID":42576,"PermitNum":202409211,"IssuedDate":1716896820000,"StatusCurrent":"Final Inspection Made                                       ","ApplicationType":"Int/Ext Alterations","Description":"Residential Solar","TotalCost":12732,"FinalCO":null,"FinalCODate":null,"CensusTract":"127.04 "}},{"type":"Feature","id":55558,"geometry":null,"properties":{"OBJECTID":55558,"PermitNum":202409117,"IssuedDate":1716472380000,"StatusCurrent":"Final Inspection Made                                       ","ApplicationType":"Int/Ext Alterations","Description":"Residential Solar","TotalCost":54611,"FinalCO":"Y","FinalCODate":1722348000000,"CensusTract":"157.06 "}},{"type":"Feature","id":58253,"geometry":null,"properties":{"OBJECTID":58253,"PermitNum":202408850,"IssuedDate":1716290700000,"StatusCurrent":"Final Inspection Made                                       ","ApplicationType":"Int/Ext Alterations","Description":"Install roof mounted solar photovoltaic system.","TotalCost":19375,"FinalCO":"Y","FinalCODate":1722932220000,"CensusTract":"151.00 "}},{"type":"Feature","id":18539,"geometry":null,"properties":{"OBJECTID":18539,"PermitNum":202408718,"IssuedDate":1715943120000,"StatusCurrent":"Final Inspection Made                                       ","ApplicationType":"Int/Ext Alterations","Description":"Installation of 44 solar panels flat on a residential rooftop","TotalCost":26083,"FinalCO":"Y","FinalCODate":1721392320000,"CensusTract":"153.02 "}},{"type":"Feature","id":54916,"geometry":null,"properties":{"OBJECTID":54916,"PermitNum":202408719,"IssuedDate":1715937600000,"StatusCurrent":"Final Inspection Made                                       ","ApplicationType":"Int/Ext Alterations","Description":"Installation of solar panels flat on a residential roof","TotalCost":10374,"FinalCO":"Y","FinalCODate":1723038660000,"CensusTract":"154.02 "}},{"type":"Feature","id":27694,"geometry":null,"properties":{"OBJECTID":27694,"PermitNum":202408096,"IssuedDate":1715937120000,"StatusCurrent":"Final Inspection Made                                       ","ApplicationType":"Int/Ext Alterations","Description":"Residential Solar","TotalCost":34677,"FinalCO":"Y","FinalCODate":1722326160000,"CensusTract":"125.05 "}},{"type":"Feature","id":55153,"geometry":null,"properties":{"OBJECTID":55153,"PermitNum":202408528,"IssuedDate":1715853060000,"StatusCurrent":"Final Inspection Made                                       ","ApplicationType":"Int/Ext Alterations","Description":"Residential Solar","TotalCost":46072,"FinalCO":null,"FinalCODate":null,"CensusTract":"160.08 "}},{"type":"Feature","id":9190,"geometry":null,"properties":{"OBJECTID":9190,"PermitNum":202408376,"IssuedDate":1715688660000,"StatusCurrent":"Final Inspection Made                                       ","ApplicationType":"Int/Ext Alterations","Description":"Residential Solar","TotalCost":19580,"FinalCO":"Y","FinalCODate":1717507620000,"CensusTract":"126.04 "}},{"type":"Feature","id":52116,"geometry":null,"properties":{"OBJECTID":52116,"PermitNum":202407980,"IssuedDate":1715265360000,"StatusCurrent":"Final Inspection Made                                       ","ApplicationType":"Int/Ext Alterations","Description":"Residential solar","TotalCost":11000,"FinalCO":"Y","FinalCODate":1731422340000,"CensusTract":"154.02 "}},{"type":"Feature","id":11408,"geometry":null,"properties":{"OBJECTID":11408,"PermitNum":202407205,"IssuedDate":1714728480000,"StatusCurrent":"Final Inspection Made                                       ","ApplicationType":"Int/Ext Alterations","Description":"Residential Solar","TotalCost":35904,"FinalCO":null,"FinalCODate":null,"CensusTract":"111.02 "}},{"type":"Feature","id":8440,"geometry":null,"properties":{"OBJECTID":8440,"PermitNum":202406880,"IssuedDate":1714378980000,"StatusCurrent":"Final Inspection Made                                       ","ApplicationType":"Int/Ext Alterations","Description":"Installation of solar panels flat on a residential rooftop.","TotalCost":13104,"FinalCO":null,"FinalCODate":null,"CensusTract":"126.04 "}},{"type":"Feature","id":20519,"geometry":null,"properties":{"OBJECTID":20519,"PermitNum":202405373,"IssuedDate":1714060920000,"StatusCurrent":"Final Inspection Made                                       ","ApplicationType":"Int/Ext Alterations","Description":"Installation of 43.2 kW roof-mounted solar at 400 Ashland Drive, Greensboro, NC 27403","TotalCost":95472,"FinalCO":"Y","FinalCODate":1739806980000,"CensusTract":"106.01 "}},{"type":"Feature","id":2026,"geometry":null,"properties":{"OBJECTID":2026,"PermitNum":202406474,"IssuedDate":1713880140000,"StatusCurrent":"Final Inspection Made                                       ","ApplicationType":"Int/Ext Alterations","Description":"Residential Solar","TotalCost":17199,"FinalCO":"Y","FinalCODate":1718270880000,"CensusTract":"167.01 "}},{"type":"Feature","id":3223,"geometry":null,"properties":{"OBJECTID":3223,"PermitNum":202406472,"IssuedDate":1713873120000,"StatusCurrent":"Final Inspection Made                                       ","ApplicationType":"Int/Ext Alterations","Description":"Residential Solar","TotalCost":38688,"FinalCO":"Y","FinalCODate":1718111760000,"CensusTract":"128.04 "}},{"type":"Feature","id":51622,"geometry":null,"properties":{"OBJECTID":51622,"PermitNum":202406359,"IssuedDate":1713785340000,"StatusCurrent":"Final Inspection Made                                       ","ApplicationType":"Int/Ext Alterations","Description":"Residential Solar","TotalCost":14040,"FinalCO":null,"FinalCODate":null,"CensusTract":"119.04 "}},{"type":"Feature","id":10937,"geometry":null,"properties":{"OBJECTID":10937,"PermitNum":202406080,"IssuedDate":1713540960000,"StatusCurrent":"Final Inspection Made                                       ","ApplicationType":"Int/Ext Alterations","Description":"Residential Solar","TotalCost":11000,"FinalCO":null,"FinalCODate":null,"CensusTract":"115.00 "}},{"type":"Feature","id":2894,"geometry":null,"properties":{"OBJECTID":2894,"PermitNum":202406231,"IssuedDate":1713540780000,"StatusCurrent":"Final Inspection Made                                       ","ApplicationType":"Int/Ext Alterations","Description":"Residential Solar","TotalCost":12312,"FinalCO":"Y","FinalCODate":1717682400000,"CensusTract":"126.12 "}},{"type":"Feature","id":48066,"geometry":null,"properties":{"OBJECTID":48066,"PermitNum":202406015,"IssuedDate":1713536040000,"StatusCurrent":"Final Inspection Made                                       ","ApplicationType":"Int/Ext Alterations","Description":"Residential Solar","TotalCost":30000,"FinalCO":"Y","FinalCODate":1724843520000,"CensusTract":"154.02 "}},{"type":"Feature","id":5087,"geometry":null,"properties":{"OBJECTID":5087,"PermitNum":202405757,"IssuedDate":1713343980000,"StatusCurrent":"Final Inspection Made                                       ","ApplicationType":"Int/Ext Alterations","Description":"Residential solar","TotalCost":25008,"FinalCO":"Y","FinalCODate":1717682700000,"CensusTract":"126.10 "}},{"type":"Feature","id":6289,"geometry":null,"properties":{"OBJECTID":6289,"PermitNum":202405727,"IssuedDate":1713343080000,"StatusCurrent":"Final Inspection Made                                       ","ApplicationType":"Int/Ext Alterations","Description":"Residential Solar","TotalCost":19665,"FinalCO":"Y","FinalCODate":1715171460000,"CensusTract":"126.10 "}},{"type":"Feature","id":10502,"geometry":null,"properties":{"OBJECTID":10502,"PermitNum":202405345,"IssuedDate":1712737080000,"StatusCurrent":"Final Inspection Made                                       ","ApplicationType":"Int/Ext Alterations","Description":"Residential Solar","TotalCost":16000,"FinalCO":"Y","FinalCODate":1723462740000,"CensusTract":"111.02 "}},{"type":"Feature","id":5154,"geometry":null,"properties":{"OBJECTID":5154,"PermitNum":202405210,"IssuedDate":1712573940000,"StatusCurrent":"Final Inspection Made                                       ","ApplicationType":"Int/Ext Alterations","Description":"Residential Solar","TotalCost":23322,"FinalCO":"Y","FinalCODate":1720607520000,"CensusTract":"126.20 "}},{"type":"Feature","id":32079,"geometry":null,"properties":{"OBJECTID":32079,"PermitNum":202404587,"IssuedDate":1711966440000,"StatusCurrent":"Issued                                                      ","ApplicationType":"Int/Ext Alterations","Description":"Removal and reinstallation work on solar roof mounted system","TotalCost":5500,"FinalCO":null,"FinalCODate":null,"CensusTract":"104.04 "}},{"type":"Feature","id":46721,"geometry":null,"properties":{"OBJECTID":46721,"PermitNum":202404512,"IssuedDate":1710322560000,"StatusCurrent":"Final Inspection Made                                       ","ApplicationType":"Int/Ext Alterations","Description":"residential solar","TotalCost":28750,"FinalCO":null,"FinalCODate":null,"CensusTract":"119.04 "}},{"type":"Feature","id":92,"geometry":null,"properties":{"OBJECTID":92,"PermitNum":202402271,"IssuedDate":1709901420000,"StatusCurrent":"Final Inspection Made                                       ","ApplicationType":"Int/Ext Alterations","Description":"Residential solar","TotalCost":14688,"FinalCO":null,"FinalCODate":null,"CensusTract":"171.01 "}},{"type":"Feature","id":22954,"geometry":null,"properties":{"OBJECTID":22954,"PermitNum":202308479,"IssuedDate":1709539500000,"StatusCurrent":"Final Inspection Made                                       ","ApplicationType":"Int/Ext Alterations","Description":"Installation of 45.6 kW Roof Mounted Commercial Solar System","TotalCost":93275,"FinalCO":null,"FinalCODate":null,"CensusTract":"105.00 "}},{"type":"Feature","id":39497,"geometry":null,"properties":{"OBJECTID":39497,"PermitNum":202321196,"IssuedDate":1709210400000,"StatusCurrent":"Final Inspection Made                                       ","ApplicationType":"Int/Ext Alterations","Description":"A pre-manufactured fire-rated battery storage closet to be placed on a new foundation in the existing paved truck loading area.","TotalCost":40000,"FinalCO":null,"FinalCODate":null,"CensusTract":"162.01 "}},{"type":"Feature","id":55307,"geometry":null,"properties":{"OBJECTID":55307,"PermitNum":202401482,"IssuedDate":1707481020000,"StatusCurrent":"Final Inspection Made                                       ","ApplicationType":"Int/Ext Alterations","Description":"Residential solar panels","TotalCost":22000,"FinalCO":"Y","FinalCODate":1716382860000,"CensusTract":"155.00 "}},{"type":"Feature","id":53319,"geometry":null,"properties":{"OBJECTID":53319,"PermitNum":202401460,"IssuedDate":1707125640000,"StatusCurrent":"Final Inspection Made                                       ","ApplicationType":"Int/Ext Alterations","Description":"Residential solar","TotalCost":20000,"FinalCO":"Y","FinalCODate":1714648140000,"CensusTract":"157.07 "}},{"type":"Feature","id":56278,"geometry":null,"properties":{"OBJECTID":56278,"PermitNum":202400340,"IssuedDate":1706781240000,"StatusCurrent":"Final Inspection Made                                       ","ApplicationType":"Int/Ext Alterations","Description":"Install of roof mounted solar panels array via DOI opt 2 and install of a 200amp main breaker in the indoor subpanel","TotalCost":37022,"FinalCO":"Y","FinalCODate":1714482000000,"CensusTract":"157.06 "}},{"type":"Feature","id":25651,"geometry":null,"properties":{"OBJECTID":25651,"PermitNum":202400519,"IssuedDate":1706713260000,"StatusCurrent":"Final Inspection Made                                       ","ApplicationType":"Int/Ext Alterations","Description":"Residential solar\r\nTCI ON FILE 01/31/2024","TotalCost":43879,"FinalCO":null,"FinalCODate":null,"CensusTract":"125.05 "}},{"type":"Feature","id":35771,"geometry":null,"properties":{"OBJECTID":35771,"PermitNum":202323414,"IssuedDate":1706709480000,"StatusCurrent":"Final Inspection Made                                       ","ApplicationType":"Int/Ext Alterations","Description":"Residential Solar","TotalCost":27963,"FinalCO":"Y","FinalCODate":1713879780000,"CensusTract":"125.11 "}},{"type":"Feature","id":27501,"geometry":null,"properties":{"OBJECTID":27501,"PermitNum":202322918,"IssuedDate":1706530320000,"StatusCurrent":"Final Inspection Made                                       ","ApplicationType":"Int/Ext Alterations","Description":"\t\r\n\r\nroof mounted installation of 7 405W solar panels with Enphase inverters\r\n\r\nMAIL OUT JAN 29/2024\r\n","TotalCost":10403,"FinalCO":null,"FinalCODate":null,"CensusTract":"108.00 "}},{"type":"Feature","id":38367,"geometry":null,"properties":{"OBJECTID":38367,"PermitNum":202400483,"IssuedDate":1706188380000,"StatusCurrent":"Final Inspection Made                                       ","ApplicationType":"Int/Ext Alterations","Description":"Residential solar","TotalCost":45496,"FinalCO":null,"FinalCODate":null,"CensusTract":"125.11 "}},{"type":"Feature","id":22179,"geometry":null,"properties":{"OBJECTID":22179,"PermitNum":202319306,"IssuedDate":1706007960000,"StatusCurrent":"Final Inspection Made                                       ","ApplicationType":"Int/Ext Alterations","Description":"Residential Solar","TotalCost":37762,"FinalCO":null,"FinalCODate":null,"CensusTract":"127.07 "}},{"type":"Feature","id":3400,"geometry":null,"properties":{"OBJECTID":3400,"PermitNum":202320072,"IssuedDate":1706005620000,"StatusCurrent":"Final Inspection Made                                       ","ApplicationType":"Int/Ext Alterations","Description":"Installing roof mounted solar panels","TotalCost":20000,"FinalCO":null,"FinalCODate":null,"CensusTract":"165.06 "}},{"type":"Feature","id":45921,"geometry":null,"properties":{"OBJECTID":45921,"PermitNum":202400241,"IssuedDate":1705587660000,"StatusCurrent":"Final Inspection Made                                       ","ApplicationType":"Int/Ext Alterations","Description":"Residential Solar","TotalCost":39999,"FinalCO":null,"FinalCODate":null,"CensusTract":"160.06 "}},{"type":"Feature","id":58177,"geometry":null,"properties":{"OBJECTID":58177,"PermitNum":202400288,"IssuedDate":1705587600000,"StatusCurrent":"Final Inspection Made                                       ","ApplicationType":"Int/Ext Alterations","Description":"Adding solar panels to roof of home.","TotalCost":21443,"FinalCO":"Y","FinalCODate":1726819140000,"CensusTract":"151.00 "}},{"type":"Feature","id":6442,"geometry":null,"properties":{"OBJECTID":6442,"PermitNum":202317612,"IssuedDate":1704899100000,"StatusCurrent":"Final Inspection Made                                       ","ApplicationType":"Int/Ext Alterations","Description":"Residential solar","TotalCost":22990,"FinalCO":"Y","FinalCODate":1705392540000,"CensusTract":"128.03 "}},{"type":"Feature","id":46776,"geometry":null,"properties":{"OBJECTID":46776,"PermitNum":202321617,"IssuedDate":1704790860000,"StatusCurrent":"Final Inspection Made                                       ","ApplicationType":"Int/Ext Alterations","Description":"Residential solar","TotalCost":25988,"FinalCO":"Y","FinalCODate":1711990080000,"CensusTract":"119.05 "}},{"type":"Feature","id":3153,"geometry":null,"properties":{"OBJECTID":3153,"PermitNum":202322890,"IssuedDate":1704725820000,"StatusCurrent":"Final Inspection Made                                       ","ApplicationType":"Int/Ext Alterations","Description":"\t\r\nInstalling solar panels to roof of home.\r\ncorrect cost 82560\r\n","TotalCost":39999,"FinalCO":"Y","FinalCODate":1717422000000,"CensusTract":"128.04 "}},{"type":"Feature","id":10558,"geometry":null,"properties":{"OBJECTID":10558,"PermitNum":202322894,"IssuedDate":1702983900000,"StatusCurrent":"Final Inspection Made                                       ","ApplicationType":"Int/Ext Alterations","Description":"Rooftop Solar Installation 6.4kW(16 panels)","TotalCost":12800,"FinalCO":null,"FinalCODate":null,"CensusTract":"111.02 "}},{"type":"Feature","id":19906,"geometry":null,"properties":{"OBJECTID":19906,"PermitNum":202322519,"IssuedDate":1702909320000,"StatusCurrent":"Final Inspection Made                                       ","ApplicationType":"Int/Ext Alterations","Description":"Installation of 18 solar panels flat on a residential roof","TotalCost":20592,"FinalCO":"Y","FinalCODate":1707229320000,"CensusTract":"153.02 "}},{"type":"Feature","id":54095,"geometry":null,"properties":{"OBJECTID":54095,"PermitNum":202319859,"IssuedDate":1700670540000,"StatusCurrent":"Final Inspection Made                                       ","ApplicationType":"Int/Ext Alterations","Description":"Installation of 46 roof-mounted solar modules, one inverter, AC disconnect, & data logger landing in panel DP.","TotalCost":50450,"FinalCO":"Y","FinalCODate":1708009500000,"CensusTract":"160.03 "}},{"type":"Feature","id":21613,"geometry":null,"properties":{"OBJECTID":21613,"PermitNum":202321342,"IssuedDate":1700135760000,"StatusCurrent":"Final Inspection Made                                       ","ApplicationType":"Int/Ext Alterations","Description":"Residential solar","TotalCost":22499,"FinalCO":"Y","FinalCODate":1706869200000,"CensusTract":"128.03 "}},{"type":"Feature","id":20446,"geometry":null,"properties":{"OBJECTID":20446,"PermitNum":202320795,"IssuedDate":1700135640000,"StatusCurrent":"Final Inspection Made                                       ","ApplicationType":"Int/Ext Alterations","Description":"roof mounted installation of 24 400W solar panels with Enphase inverters","TotalCost":27800,"FinalCO":null,"FinalCODate":null,"CensusTract":"106.02 "}},{"type":"Feature","id":30249,"geometry":null,"properties":{"OBJECTID":30249,"PermitNum":202319427,"IssuedDate":1699536660000,"StatusCurrent":"Final Inspection Made                                       ","ApplicationType":"Int/Ext Alterations","Description":"Residential Solar.","TotalCost":12504,"FinalCO":null,"FinalCODate":null,"CensusTract":"127.06 "}},{"type":"Feature","id":46302,"geometry":null,"properties":{"OBJECTID":46302,"PermitNum":202320545,"IssuedDate":1699518660000,"StatusCurrent":"Final Inspection Made                                       ","ApplicationType":"Int/Ext Alterations","Description":"Solar Installation of a 7.380 kW residential roof mount PV system","TotalCost":15650,"FinalCO":"Y","FinalCODate":1704728520000,"CensusTract":"160.07 "}},{"type":"Feature","id":3395,"geometry":null,"properties":{"OBJECTID":3395,"PermitNum":202319194,"IssuedDate":1699518600000,"StatusCurrent":"Final Inspection Made                                       ","ApplicationType":"Int/Ext Alterations","Description":"Solar Install 346 sf","TotalCost":25852,"FinalCO":"Y","FinalCODate":1706101560000,"CensusTract":"128.04 "}},{"type":"Feature","id":58867,"geometry":null,"properties":{"OBJECTID":58867,"PermitNum":202313606,"IssuedDate":1699516980000,"StatusCurrent":"Final Inspection Made                                       ","ApplicationType":"Int/Ext Alterations","Description":"Residential Solar","TotalCost":30332,"FinalCO":"Y","FinalCODate":1699878780000,"CensusTract":"151.00 "}},{"type":"Feature","id":34787,"geometry":null,"properties":{"OBJECTID":34787,"PermitNum":202313457,"IssuedDate":1699288740000,"StatusCurrent":"Final Inspection Made                                       ","ApplicationType":"Int/Ext Alterations","Description":"Residential Solar","TotalCost":15449,"FinalCO":null,"FinalCODate":null,"CensusTract":"103.00 "}},{"type":"Feature","id":27242,"geometry":null,"properties":{"OBJECTID":27242,"PermitNum":202318279,"IssuedDate":1699261680000,"StatusCurrent":"Final Inspection Made                                       ","ApplicationType":"Int/Ext Alterations","Description":"Residential Solar","TotalCost":40702,"FinalCO":null,"FinalCODate":null,"CensusTract":"161.02 "}},{"type":"Feature","id":58018,"geometry":null,"properties":{"OBJECTID":58018,"PermitNum":202320054,"IssuedDate":1698837000000,"StatusCurrent":"Final Inspection Made                                       ","ApplicationType":"Int/Ext Alterations","Description":"Installation of 15 roof mounted solar panels with wiring","TotalCost":27265,"FinalCO":null,"FinalCODate":null,"CensusTract":"151.00 "}},{"type":"Feature","id":13018,"geometry":null,"properties":{"OBJECTID":13018,"PermitNum":202318086,"IssuedDate":1698679440000,"StatusCurrent":"Final Inspection Made                                       ","ApplicationType":"Int/Ext Alterations","Description":"Residential solar","TotalCost":21974,"FinalCO":"Y","FinalCODate":1702304400000,"CensusTract":"115.00 "}},{"type":"Feature","id":22732,"geometry":null,"properties":{"OBJECTID":22732,"PermitNum":202314398,"IssuedDate":1697796720000,"StatusCurrent":"Final Inspection Made                                       ","ApplicationType":"Initial Up-Fit","Description":"Rooftop Solar Panels","TotalCost":85000,"FinalCO":"Y","FinalCODate":1731061980000,"CensusTract":"107.01 "}},{"type":"Feature","id":54714,"geometry":null,"properties":{"OBJECTID":54714,"PermitNum":202318430,"IssuedDate":1697735160000,"StatusCurrent":"Final Inspection Made                                       ","ApplicationType":"Int/Ext Alterations","Description":"Residential solar","TotalCost":27800,"FinalCO":"Y","FinalCODate":1707141000000,"CensusTract":"155.00 "}},{"type":"Feature","id":3438,"geometry":null,"properties":{"OBJECTID":3438,"PermitNum":202318772,"IssuedDate":1697618880000,"StatusCurrent":"Final Inspection Made                                       ","ApplicationType":"Int/Ext Alterations","Description":"Residential Solar","TotalCost":21819,"FinalCO":"Y","FinalCODate":1717143180000,"CensusTract":"165.05 "}},{"type":"Feature","id":54206,"geometry":null,"properties":{"OBJECTID":54206,"PermitNum":202318865,"IssuedDate":1697451600000,"StatusCurrent":"Final Inspection Made                                       ","ApplicationType":"Int/Ext Alterations","Description":"installation of solar panels flat on a residential roof","TotalCost":20570,"FinalCO":"Y","FinalCODate":1704355320000,"CensusTract":"160.08 "}},{"type":"Feature","id":11463,"geometry":null,"properties":{"OBJECTID":11463,"PermitNum":202318864,"IssuedDate":1697448660000,"StatusCurrent":"Final Inspection Made                                       ","ApplicationType":"Int/Ext Alterations","Description":"Installation of solar panels flat on a residential roof","TotalCost":11262,"FinalCO":"Y","FinalCODate":1700045280000,"CensusTract":"116.02 "}},{"type":"Feature","id":6922,"geometry":null,"properties":{"OBJECTID":6922,"PermitNum":202318861,"IssuedDate":1697207160000,"StatusCurrent":"Final Inspection Made                                       ","ApplicationType":"Int/Ext Alterations","Description":"Solar Installation of a 17.200 kW residential roof mount PV system","TotalCost":36100,"FinalCO":null,"FinalCODate":null,"CensusTract":"165.06 "}},{"type":"Feature","id":2773,"geometry":null,"properties":{"OBJECTID":2773,"PermitNum":202317536,"IssuedDate":1696933500000,"StatusCurrent":"Final Inspection Made                                       ","ApplicationType":"Int/Ext Alterations","Description":"Residential Solar","TotalCost":21656,"FinalCO":"Y","FinalCODate":1698153420000,"CensusTract":"168.00 "}},{"type":"Feature","id":58260,"geometry":null,"properties":{"OBJECTID":58260,"PermitNum":202318260,"IssuedDate":1696608540000,"StatusCurrent":"Final Inspection Made                                       ","ApplicationType":"Int/Ext Alterations","Description":"Residential Solar","TotalCost":21150,"FinalCO":"Y","FinalCODate":1704356460000,"CensusTract":"151.00 "}},{"type":"Feature","id":57770,"geometry":null,"properties":{"OBJECTID":57770,"PermitNum":202315871,"IssuedDate":1696509480000,"StatusCurrent":"Final Inspection Made                                       ","ApplicationType":"Miscellaneous","Description":"Residential Solar","TotalCost":42419,"FinalCO":"Y","FinalCODate":1701338640000,"CensusTract":"151.00 "}},{"type":"Feature","id":7199,"geometry":null,"properties":{"OBJECTID":7199,"PermitNum":202318309,"IssuedDate":1696429800000,"StatusCurrent":"Final Inspection Made                                       ","ApplicationType":"Int/Ext Alterations","Description":"Residential Solar","TotalCost":19822,"FinalCO":"Y","FinalCODate":1700220060000,"CensusTract":"126.10 "}},{"type":"Feature","id":4420,"geometry":null,"properties":{"OBJECTID":4420,"PermitNum":202318294,"IssuedDate":1696426980000,"StatusCurrent":"Final Inspection Made                                       ","ApplicationType":"Int/Ext Alterations","Description":"Residential solar","TotalCost":16480,"FinalCO":"Y","FinalCODate":1700217960000,"CensusTract":"165.06 "}},{"type":"Feature","id":58272,"geometry":null,"properties":{"OBJECTID":58272,"PermitNum":202318293,"IssuedDate":1696426740000,"StatusCurrent":"Final Inspection Made                                       ","ApplicationType":"Int/Ext Alterations","Description":"Residential solar","TotalCost":17534,"FinalCO":null,"FinalCODate":null,"CensusTract":"151.00 "}},{"type":"Feature","id":20099,"geometry":null,"properties":{"OBJECTID":20099,"PermitNum":202317865,"IssuedDate":1696332600000,"StatusCurrent":"Final Inspection Made                                       ","ApplicationType":"Int/Ext Alterations","Description":"Residential Solar","TotalCost":50000,"FinalCO":"Y","FinalCODate":1727271480000,"CensusTract":"111.01 "}},{"type":"Feature","id":58535,"geometry":null,"properties":{"OBJECTID":58535,"PermitNum":202317531,"IssuedDate":1696239660000,"StatusCurrent":"Final Inspection Made                                       ","ApplicationType":"Int/Ext Alterations","Description":"Residential Solar","TotalCost":27670,"FinalCO":"Y","FinalCODate":1699863600000,"CensusTract":"151.00 "}},{"type":"Feature","id":18385,"geometry":null,"properties":{"OBJECTID":18385,"PermitNum":202317396,"IssuedDate":1695832740000,"StatusCurrent":"Final Inspection Made                                       ","ApplicationType":"Int/Ext Alterations","Description":"Residential Solar","TotalCost":34500,"FinalCO":"Y","FinalCODate":1701446520000,"CensusTract":"106.01 "}},{"type":"Feature","id":40766,"geometry":null,"properties":{"OBJECTID":40766,"PermitNum":202316426,"IssuedDate":1695715920000,"StatusCurrent":"Final Inspection Made                                       ","ApplicationType":"Miscellaneous","Description":"Commercial Solar","TotalCost":177684,"FinalCO":"Y","FinalCODate":1716453780000,"CensusTract":"160.08 "}},{"type":"Feature","id":25980,"geometry":null,"properties":{"OBJECTID":25980,"PermitNum":202314106,"IssuedDate":1695285960000,"StatusCurrent":"Final Inspection Made                                       ","ApplicationType":"Int/Ext Alterations","Description":"Residential roof solar","TotalCost":39041,"FinalCO":null,"FinalCODate":null,"CensusTract":"161.03 "}},{"type":"Feature","id":38,"geometry":null,"properties":{"OBJECTID":38,"PermitNum":202317500,"IssuedDate":1695201360000,"StatusCurrent":"Final Inspection Made                                       ","ApplicationType":"Int/Ext Alterations","Description":"Rooftop Solar Installation 6.15kW(15 panels)","TotalCost":12300,"FinalCO":"Y","FinalCODate":1705567200000,"CensusTract":"171.01 "}},{"type":"Feature","id":20322,"geometry":null,"properties":{"OBJECTID":20322,"PermitNum":202317318,"IssuedDate":1695122940000,"StatusCurrent":"Final Inspection Made                                       ","ApplicationType":"Int/Ext Alterations","Description":"Residential Ground Mounted Solar. Owner: Gary Dizmond\r\n(910) 622-8527\tGARY.DIZMOND@GMAIL.COM","TotalCost":22000,"FinalCO":null,"FinalCODate":null,"CensusTract":"161.03 "}},{"type":"Feature","id":52093,"geometry":null,"properties":{"OBJECTID":52093,"PermitNum":202317146,"IssuedDate":1695122820000,"StatusCurrent":"Final Inspection Made                                       ","ApplicationType":"Int/Ext Alterations","Description":"Installation of solar panels on a residential rooftop.","TotalCost":17160,"FinalCO":"Y","FinalCODate":1698331860000,"CensusTract":"119.05 "}},{"type":"Feature","id":2595,"geometry":null,"properties":{"OBJECTID":2595,"PermitNum":202317149,"IssuedDate":1695122640000,"StatusCurrent":"Final Inspection Made                                       ","ApplicationType":"Int/Ext Alterations","Description":"Installation of solar panels flat on a residential roof","TotalCost":26636,"FinalCO":null,"FinalCODate":null,"CensusTract":"126.12 "}},{"type":"Feature","id":56238,"geometry":null,"properties":{"OBJECTID":56238,"PermitNum":202317179,"IssuedDate":1695028980000,"StatusCurrent":"Final Inspection Made                                       ","ApplicationType":"Int/Ext Alterations","Description":"Residential Solar","TotalCost":47994,"FinalCO":"Y","FinalCODate":1705392360000,"CensusTract":"157.06 "}},{"type":"Feature","id":6328,"geometry":null,"properties":{"OBJECTID":6328,"PermitNum":202315874,"IssuedDate":1695026880000,"StatusCurrent":"Final Inspection Made                                       ","ApplicationType":"Miscellaneous","Description":"Residential Solar","TotalCost":42348,"FinalCO":null,"FinalCODate":null,"CensusTract":"128.03 "}},{"type":"Feature","id":32,"geometry":null,"properties":{"OBJECTID":32,"PermitNum":202316811,"IssuedDate":1695026820000,"StatusCurrent":"Final Inspection Made                                       ","ApplicationType":"Int/Ext Alterations","Description":"Residential Solar","TotalCost":26862,"FinalCO":"Y","FinalCODate":1708427100000,"CensusTract":"171.01 "}},{"type":"Feature","id":2518,"geometry":null,"properties":{"OBJECTID":2518,"PermitNum":202317008,"IssuedDate":1695026280000,"StatusCurrent":"Final Inspection Made                                       ","ApplicationType":"Int/Ext Alterations","Description":"Installation of 13 solar panels flat on a residential roof","TotalCost":20580,"FinalCO":null,"FinalCODate":null,"CensusTract":"167.01 "}},{"type":"Feature","id":2812,"geometry":null,"properties":{"OBJECTID":2812,"PermitNum":202317147,"IssuedDate":1695026160000,"StatusCurrent":"Final Inspection Made                                       ","ApplicationType":"Int/Ext Alterations","Description":"Installation of solar panels on a residential rooftop.","TotalCost":23760,"FinalCO":null,"FinalCODate":null,"CensusTract":"126.12 "}},{"type":"Feature","id":30379,"geometry":null,"properties":{"OBJECTID":30379,"PermitNum":202317180,"IssuedDate":1694794440000,"StatusCurrent":"Final Inspection Made                                       ","ApplicationType":"Int/Ext Alterations","Description":"Residential Solar","TotalCost":13600,"FinalCO":null,"FinalCODate":null,"CensusTract":"161.01 "}},{"type":"Feature","id":19416,"geometry":null,"properties":{"OBJECTID":19416,"PermitNum":202300807,"IssuedDate":1694682540000,"StatusCurrent":"Final Inspection Made                                       ","ApplicationType":"Int/Ext Alterations","Description":"rooftop solar install","TotalCost":30739,"FinalCO":"Y","FinalCODate":1706089020000,"CensusTract":"153.02 "}},{"type":"Feature","id":56123,"geometry":null,"properties":{"OBJECTID":56123,"PermitNum":202316741,"IssuedDate":1694532000000,"StatusCurrent":"Final Inspection Made                                       ","ApplicationType":"Int/Ext Alterations","Description":"Residential Solar","TotalCost":25000,"FinalCO":null,"FinalCODate":null,"CensusTract":"157.04 "}},{"type":"Feature","id":55987,"geometry":null,"properties":{"OBJECTID":55987,"PermitNum":202316842,"IssuedDate":1694531880000,"StatusCurrent":"Final Inspection Made                                       ","ApplicationType":"Int/Ext Alterations","Description":"Residential Solar","TotalCost":18960,"FinalCO":"Y","FinalCODate":1699433280000,"CensusTract":"155.00 "}},{"type":"Feature","id":2712,"geometry":null,"properties":{"OBJECTID":2712,"PermitNum":202316838,"IssuedDate":1694524200000,"StatusCurrent":"Final Inspection Made                                       ","ApplicationType":"Int/Ext Alterations","Description":"Residential Solar","TotalCost":22975,"FinalCO":null,"FinalCODate":null,"CensusTract":"128.04 "}},{"type":"Feature","id":33926,"geometry":null,"properties":{"OBJECTID":33926,"PermitNum":202316836,"IssuedDate":1694523840000,"StatusCurrent":"Final Inspection Made                                       ","ApplicationType":"Int/Ext Alterations","Description":"Residential Solar","TotalCost":10270,"FinalCO":null,"FinalCODate":null,"CensusTract":"127.05 "}},{"type":"Feature","id":2333,"geometry":null,"properties":{"OBJECTID":2333,"PermitNum":202316810,"IssuedDate":1694523720000,"StatusCurrent":"Final Inspection Made                                       ","ApplicationType":"Int/Ext Alterations","Description":"Residential solar","TotalCost":8000,"FinalCO":"Y","FinalCODate":1698153360000,"CensusTract":"167.01 "}},{"type":"Feature","id":26827,"geometry":null,"properties":{"OBJECTID":26827,"PermitNum":202315127,"IssuedDate":1693221000000,"StatusCurrent":"Final Inspection Made                                       ","ApplicationType":"Int/Ext Alterations","Description":"Residential Solar.","TotalCost":29999,"FinalCO":"Y","FinalCODate":1705392360000,"CensusTract":"105.00 "}},{"type":"Feature","id":53773,"geometry":null,"properties":{"OBJECTID":53773,"PermitNum":202315424,"IssuedDate":1692965820000,"StatusCurrent":"Final Inspection Made                                       ","ApplicationType":"Int/Ext Alterations","Description":"residential solar","TotalCost":15000,"FinalCO":"Y","FinalCODate":1706774160000,"CensusTract":"157.04 "}},{"type":"Feature","id":34719,"geometry":null,"properties":{"OBJECTID":34719,"PermitNum":202315192,"IssuedDate":1692883500000,"StatusCurrent":"Final Inspection Made                                       ","ApplicationType":"Addition","Description":"Residential solar","TotalCost":31380,"FinalCO":null,"FinalCODate":null,"CensusTract":"125.11 "}},{"type":"Feature","id":54449,"geometry":null,"properties":{"OBJECTID":54449,"PermitNum":202314960,"IssuedDate":1692805860000,"StatusCurrent":"Final Inspection Made                                       ","ApplicationType":"Int/Ext Alterations","Description":"Installation of 38 roof mounted solar panels on a existing residence","TotalCost":52249,"FinalCO":null,"FinalCODate":null,"CensusTract":"160.08 "}},{"type":"Feature","id":32729,"geometry":null,"properties":{"OBJECTID":32729,"PermitNum":202314417,"IssuedDate":1692285120000,"StatusCurrent":"Final Inspection Made                                       ","ApplicationType":"Int/Ext Alterations","Description":"Residential Solar","TotalCost":43827,"FinalCO":"Y","FinalCODate":1736760300000,"CensusTract":"153.01 "}},{"type":"Feature","id":10255,"geometry":null,"properties":{"OBJECTID":10255,"PermitNum":202312141,"IssuedDate":1692276660000,"StatusCurrent":"Final Inspection Made                                       ","ApplicationType":"Int/Ext Alterations","Description":"Residential Solar","TotalCost":22095,"FinalCO":null,"FinalCODate":null,"CensusTract":"126.07 "}},{"type":"Feature","id":17865,"geometry":null,"properties":{"OBJECTID":17865,"PermitNum":202314302,"IssuedDate":1692025320000,"StatusCurrent":"Final Inspection Made                                       ","ApplicationType":"Int/Ext Alterations","Description":"Residential roof solar panels","TotalCost":41998,"FinalCO":null,"FinalCODate":null,"CensusTract":"111.01 "}},{"type":"Feature","id":50315,"geometry":null,"properties":{"OBJECTID":50315,"PermitNum":202314352,"IssuedDate":1692025260000,"StatusCurrent":"Final Inspection Made                                       ","ApplicationType":"Int/Ext Alterations","Description":"Residential solar panels","TotalCost":6200,"FinalCO":"Y","FinalCODate":1695378060000,"CensusTract":"119.04 "}},{"type":"Feature","id":7336,"geometry":null,"properties":{"OBJECTID":7336,"PermitNum":202314406,"IssuedDate":1692025140000,"StatusCurrent":"Final Inspection Made                                       ","ApplicationType":"Miscellaneous","Description":"Residential solar","TotalCost":29000,"FinalCO":null,"FinalCODate":null,"CensusTract":"126.04 "}},{"type":"Feature","id":2733,"geometry":null,"properties":{"OBJECTID":2733,"PermitNum":202311362,"IssuedDate":1692023100000,"StatusCurrent":"Final Inspection Made                                       ","ApplicationType":"Int/Ext Alterations","Description":"Installation of solar panels, flat on a residential roof","TotalCost":25593,"FinalCO":"Y","FinalCODate":1696491300000,"CensusTract":"168.00 "}},{"type":"Feature","id":6125,"geometry":null,"properties":{"OBJECTID":6125,"PermitNum":202314021,"IssuedDate":1692015420000,"StatusCurrent":"Final Inspection Made                                       ","ApplicationType":"Int/Ext Alterations","Description":"Residential Solar","TotalCost":28921,"FinalCO":null,"FinalCODate":null,"CensusTract":"128.03 "}},{"type":"Feature","id":49810,"geometry":null,"properties":{"OBJECTID":49810,"PermitNum":202314148,"IssuedDate":1692014040000,"StatusCurrent":"Final Inspection Made                                       ","ApplicationType":"Int/Ext Alterations","Description":"Residential solar","TotalCost":30692,"FinalCO":null,"FinalCODate":null,"CensusTract":"119.04 "}},{"type":"Feature","id":10816,"geometry":null,"properties":{"OBJECTID":10816,"PermitNum":202312909,"IssuedDate":1690801920000,"StatusCurrent":"Final Inspection Made                                       ","ApplicationType":"Int/Ext Alterations","Description":"Installation of solar panels on a residential rooftop.","TotalCost":25000,"FinalCO":null,"FinalCODate":null,"CensusTract":"116.02 "}},{"type":"Feature","id":6961,"geometry":null,"properties":{"OBJECTID":6961,"PermitNum":202312600,"IssuedDate":1690195860000,"StatusCurrent":"Final Inspection Made                                       ","ApplicationType":"Int/Ext Alterations","Description":"Residential Solar","TotalCost":17010,"FinalCO":"Y","FinalCODate":1702377720000,"CensusTract":"126.10 "}},{"type":"Feature","id":50234,"geometry":null,"properties":{"OBJECTID":50234,"PermitNum":202312601,"IssuedDate":1690195800000,"StatusCurrent":"Final Inspection Made                                       ","ApplicationType":"Int/Ext Alterations","Description":"Residential Solar","TotalCost":12960,"FinalCO":null,"FinalCODate":null,"CensusTract":"119.04 "}},{"type":"Feature","id":8987,"geometry":null,"properties":{"OBJECTID":8987,"PermitNum":202312590,"IssuedDate":1690194660000,"StatusCurrent":"Final Inspection Made                                       ","ApplicationType":"Int/Ext Alterations","Description":"Residential Solar","TotalCost":16291,"FinalCO":"Y","FinalCODate":1694680320000,"CensusTract":"126.04 "}},{"type":"Feature","id":58691,"geometry":null,"properties":{"OBJECTID":58691,"PermitNum":202312137,"IssuedDate":1690193400000,"StatusCurrent":"Final Inspection Made                                       ","ApplicationType":"Int/Ext Alterations","Description":"Installation of roof mounted solar panels array via DOI opt 2","TotalCost":37489,"FinalCO":"Y","FinalCODate":1692699840000,"CensusTract":"151.00 "}},{"type":"Feature","id":57922,"geometry":null,"properties":{"OBJECTID":57922,"PermitNum":202311910,"IssuedDate":1690193400000,"StatusCurrent":"Final Inspection Made                                       ","ApplicationType":"Int/Ext Alterations","Description":"Installation of PV, roof-mounted 4.800kW solar system with 12 panels","TotalCost":19234,"FinalCO":"Y","FinalCODate":1699350780000,"CensusTract":"151.00 "}},{"type":"Feature","id":9722,"geometry":null,"properties":{"OBJECTID":9722,"PermitNum":202311704,"IssuedDate":1689763080000,"StatusCurrent":"Issued                                                      ","ApplicationType":"Int/Ext Alterations","Description":"Residential solar.","TotalCost":18600,"FinalCO":null,"FinalCODate":null,"CensusTract":"114.00 "}},{"type":"Feature","id":28358,"geometry":null,"properties":{"OBJECTID":28358,"PermitNum":202312111,"IssuedDate":1689588360000,"StatusCurrent":"Issued                                                      ","ApplicationType":"Int/Ext Alterations","Description":"Residential Solar","TotalCost":9520,"FinalCO":null,"FinalCODate":null,"CensusTract":"125.05 "}},{"type":"Feature","id":49795,"geometry":null,"properties":{"OBJECTID":49795,"PermitNum":202311872,"IssuedDate":1689584160000,"StatusCurrent":"Final Inspection Made                                       ","ApplicationType":"Int/Ext Alterations","Description":"26 panel rooftop solar installation.","TotalCost":46311,"FinalCO":null,"FinalCODate":null,"CensusTract":"119.04 "}},{"type":"Feature","id":43898,"geometry":null,"properties":{"OBJECTID":43898,"PermitNum":202311591,"IssuedDate":1689581820000,"StatusCurrent":"Final Inspection Made                                       ","ApplicationType":"Int/Ext Alterations","Description":"Solar Panel Installation","TotalCost":24604,"FinalCO":null,"FinalCODate":null,"CensusTract":"119.05 "}},{"type":"Feature","id":8651,"geometry":null,"properties":{"OBJECTID":8651,"PermitNum":202311705,"IssuedDate":1689581640000,"StatusCurrent":"Final Inspection Made                                       ","ApplicationType":"Int/Ext Alterations","Description":"Residential Solar.","TotalCost":22755,"FinalCO":null,"FinalCODate":null,"CensusTract":"128.05 "}},{"type":"Feature","id":2041,"geometry":null,"properties":{"OBJECTID":2041,"PermitNum":202311915,"IssuedDate":1689581580000,"StatusCurrent":"Final Inspection Made                                       ","ApplicationType":"Int/Ext Alterations","Description":"Installation of solar panels on a residential rooftop.","TotalCost":35046,"FinalCO":"Y","FinalCODate":1694680620000,"CensusTract":"167.01 "}},{"type":"Feature","id":2609,"geometry":null,"properties":{"OBJECTID":2609,"PermitNum":202311916,"IssuedDate":1689581520000,"StatusCurrent":"Final Inspection Made                                       ","ApplicationType":"Int/Ext Alterations","Description":"Installation of solar panels on a residential rooftop.","TotalCost":50320,"FinalCO":null,"FinalCODate":null,"CensusTract":"126.12 "}},{"type":"Feature","id":33297,"geometry":null,"properties":{"OBJECTID":33297,"PermitNum":202311519,"IssuedDate":1689340920000,"StatusCurrent":"Final Inspection Made                                       ","ApplicationType":"Int/Ext Alterations","Description":"Installation of 11 solar panels on a residential roof","TotalCost":15402,"FinalCO":"Y","FinalCODate":1696246380000,"CensusTract":"127.05 "}},{"type":"Feature","id":27456,"geometry":null,"properties":{"OBJECTID":27456,"PermitNum":202311329,"IssuedDate":1689340860000,"StatusCurrent":"Final Inspection Made                                       ","ApplicationType":"Int/Ext Alterations","Description":"Residential Solar panels.","TotalCost":22515,"FinalCO":"Y","FinalCODate":1692024240000,"CensusTract":"161.02 "}},{"type":"Feature","id":8439,"geometry":null,"properties":{"OBJECTID":8439,"PermitNum":202311912,"IssuedDate":1689340800000,"StatusCurrent":"Final Inspection Made                                       ","ApplicationType":"Int/Ext Alterations","Description":"\t\r\nInstallation of solar panels on a residential rooftop.","TotalCost":48150,"FinalCO":null,"FinalCODate":null,"CensusTract":"126.04 "}},{"type":"Feature","id":12621,"geometry":null,"properties":{"OBJECTID":12621,"PermitNum":202311784,"IssuedDate":1689266520000,"StatusCurrent":"Final Inspection Made                                       ","ApplicationType":"Int/Ext Alterations","Description":"Residential Solar.","TotalCost":24867,"FinalCO":"Y","FinalCODate":1692106920000,"CensusTract":"115.00 "}},{"type":"Feature","id":142,"geometry":null,"properties":{"OBJECTID":142,"PermitNum":202311702,"IssuedDate":1689266280000,"StatusCurrent":"Final Inspection Made                                       ","ApplicationType":"Int/Ext Alterations","Description":"Installation of solar panels flat on a residential roof","TotalCost":24097,"FinalCO":"Y","FinalCODate":1692351480000,"CensusTract":"167.01 "}},{"type":"Feature","id":53887,"geometry":null,"properties":{"OBJECTID":53887,"PermitNum":202311518,"IssuedDate":1689235920000,"StatusCurrent":"Final Inspection Made                                       ","ApplicationType":"Int/Ext Alterations","Description":"Solar Panel Installation","TotalCost":41476,"FinalCO":"Y","FinalCODate":1699456380000,"CensusTract":"155.00 "}},{"type":"Feature","id":45071,"geometry":null,"properties":{"OBJECTID":45071,"PermitNum":202311522,"IssuedDate":1689235800000,"StatusCurrent":"Final Inspection Made                                       ","ApplicationType":"Int/Ext Alterations","Description":"Solar panel installation","TotalCost":20523,"FinalCO":null,"FinalCODate":null,"CensusTract":"119.05 "}},{"type":"Feature","id":39493,"geometry":null,"properties":{"OBJECTID":39493,"PermitNum":202311535,"IssuedDate":1689078900000,"StatusCurrent":"Final Inspection Made                                       ","ApplicationType":"Int/Ext Alterations","Description":"Residential Solar panels.","TotalCost":16060,"FinalCO":null,"FinalCODate":null,"CensusTract":"160.07 "}},{"type":"Feature","id":26094,"geometry":null,"properties":{"OBJECTID":26094,"PermitNum":202311361,"IssuedDate":1689076020000,"StatusCurrent":"Final Inspection Made                                       ","ApplicationType":"Int/Ext Alterations","Description":"29 rooftop solar install","TotalCost":32480,"FinalCO":"Y","FinalCODate":1716387480000,"CensusTract":"161.03 "}},{"type":"Feature","id":48119,"geometry":null,"properties":{"OBJECTID":48119,"PermitNum":202311332,"IssuedDate":1689007740000,"StatusCurrent":"Final Inspection Made                                       ","ApplicationType":"Int/Ext Alterations","Description":"Installation of 16 solar panels flat on a residential roof.","TotalCost":25043,"FinalCO":null,"FinalCODate":null,"CensusTract":"160.08 "}},{"type":"Feature","id":55475,"geometry":null,"properties":{"OBJECTID":55475,"PermitNum":202310846,"IssuedDate":1688988840000,"StatusCurrent":"Final Inspection Made                                       ","ApplicationType":"Int/Ext Alterations","Description":"Installation of 12 solar panels flat on a residential roof","TotalCost":13475,"FinalCO":"Y","FinalCODate":1692002100000,"CensusTract":"157.07 "}},{"type":"Feature","id":57972,"geometry":null,"properties":{"OBJECTID":57972,"PermitNum":202311200,"IssuedDate":1688986800000,"StatusCurrent":"Final Inspection Made                                       ","ApplicationType":"Int/Ext Alterations","Description":"\t\r\nInstallation of roof mounted solar panels (21 panels)","TotalCost":21840,"FinalCO":"Y","FinalCODate":1706774160000,"CensusTract":"151.00 "}},{"type":"Feature","id":34760,"geometry":null,"properties":{"OBJECTID":34760,"PermitNum":202310896,"IssuedDate":1688986740000,"StatusCurrent":"Final Inspection Made                                       ","ApplicationType":"Int/Ext Alterations","Description":"roof-mounted installation of 7 395 solar panels with Solaredge SE3000H-US inverter and an EV outlet","TotalCost":11855,"FinalCO":null,"FinalCODate":null,"CensusTract":"104.04 "}},{"type":"Feature","id":51691,"geometry":null,"properties":{"OBJECTID":51691,"PermitNum":202311219,"IssuedDate":1688986440000,"StatusCurrent":"Final Inspection Made                                       ","ApplicationType":"Int/Ext Alterations","Description":"Installation of Solar Panels, flat on a residential roof","TotalCost":19403,"FinalCO":"Y","FinalCODate":1692710880000,"CensusTract":"160.08 "}},{"type":"Feature","id":57148,"geometry":null,"properties":{"OBJECTID":57148,"PermitNum":202311047,"IssuedDate":1688739600000,"StatusCurrent":"Final Inspection Made                                       ","ApplicationType":"Int/Ext Alterations","Description":"Installation of solar panels, flat on a residential roof","TotalCost":24565,"FinalCO":"Y","FinalCODate":1692088920000,"CensusTract":"154.01 "}},{"type":"Feature","id":54957,"geometry":null,"properties":{"OBJECTID":54957,"PermitNum":202311048,"IssuedDate":1688739540000,"StatusCurrent":"Final Inspection Made                                       ","ApplicationType":"Int/Ext Alterations","Description":"Installation of solar panels flat on a residential roof","TotalCost":14875,"FinalCO":"Y","FinalCODate":1692106560000,"CensusTract":"157.06 "}},{"type":"Feature","id":44029,"geometry":null,"properties":{"OBJECTID":44029,"PermitNum":202310891,"IssuedDate":1688637060000,"StatusCurrent":"Final Inspection Made                                       ","ApplicationType":"Int/Ext Alterations","Description":"Installation of 11 solar panels flat on a residential roof","TotalCost":18553,"FinalCO":null,"FinalCODate":null,"CensusTract":"160.09 "}},{"type":"Feature","id":51952,"geometry":null,"properties":{"OBJECTID":51952,"PermitNum":202310391,"IssuedDate":1688567760000,"StatusCurrent":"Final Inspection Made                                       ","ApplicationType":"Int/Ext Alterations","Description":"Installation of solar panels, flat on a residential roof","TotalCost":15165,"FinalCO":null,"FinalCODate":null,"CensusTract":"160.08 "}},{"type":"Feature","id":27761,"geometry":null,"properties":{"OBJECTID":27761,"PermitNum":202310568,"IssuedDate":1688567520000,"StatusCurrent":"Final Inspection Made                                       ","ApplicationType":"Int/Ext Alterations","Description":"Installation of roof mounted pv solar array via NC DOI opt 2.","TotalCost":20405,"FinalCO":null,"FinalCODate":null,"CensusTract":"161.03 "}},{"type":"Feature","id":51671,"geometry":null,"properties":{"OBJECTID":51671,"PermitNum":202310573,"IssuedDate":1688551020000,"StatusCurrent":"Final Inspection Made                                       ","ApplicationType":"Int/Ext Alterations","Description":"Installation of 14 solar panels flat on a residential roof","TotalCost":18755,"FinalCO":null,"FinalCODate":null,"CensusTract":"160.08 "}},{"type":"Feature","id":33888,"geometry":null,"properties":{"OBJECTID":33888,"PermitNum":202310572,"IssuedDate":1688550840000,"StatusCurrent":"Final Inspection Made                                       ","ApplicationType":"Int/Ext Alterations","Description":"\t\r\ninstallation of solar panels, flat on a residential roof","TotalCost":24265,"FinalCO":null,"FinalCODate":null,"CensusTract":"161.01 "}},{"type":"Feature","id":58870,"geometry":null,"properties":{"OBJECTID":58870,"PermitNum":202310392,"IssuedDate":1688549340000,"StatusCurrent":"Final Inspection Made                                       ","ApplicationType":"Int/Ext Alterations","Description":"\t\r\nInstallation of solar panels on existing roof","TotalCost":38832,"FinalCO":"Y","FinalCODate":1699864020000,"CensusTract":"151.00 "}},{"type":"Feature","id":54698,"geometry":null,"properties":{"OBJECTID":54698,"PermitNum":202309867,"IssuedDate":1687965600000,"StatusCurrent":"Final Inspection Made                                       ","ApplicationType":"Int/Ext Alterations","Description":"Installation of solar panels, flat on a residential roof","TotalCost":18755,"FinalCO":"Y","FinalCODate":1691653920000,"CensusTract":"155.00 "}},{"type":"Feature","id":19189,"geometry":null,"properties":{"OBJECTID":19189,"PermitNum":202305856,"IssuedDate":1687950540000,"StatusCurrent":"Final Inspection Made                                       ","ApplicationType":"Int/Ext Alterations","Description":"Installation of solar panels, including applicable electrical work, components & labor, on an existing commercial roof.","TotalCost":95102,"FinalCO":null,"FinalCODate":null,"CensusTract":"126.19 "}},{"type":"Feature","id":50454,"geometry":null,"properties":{"OBJECTID":50454,"PermitNum":202309906,"IssuedDate":1687940220000,"StatusCurrent":"Final Inspection Made                                       ","ApplicationType":"Int/Ext Alterations","Description":"Rooftop Solar Installation 10.4kW(26 panels)","TotalCost":20800,"FinalCO":"Y","FinalCODate":1692257880000,"CensusTract":"119.05 "}},{"type":"Feature","id":19325,"geometry":null,"properties":{"OBJECTID":19325,"PermitNum":202306263,"IssuedDate":1687537140000,"StatusCurrent":"Final Inspection Made                                       ","ApplicationType":"Int/Ext Alterations","Description":"Installation of solar panels, including applicable electrical work, components and labor, on an existing commercial roof.","TotalCost":120120,"FinalCO":null,"FinalCODate":null,"CensusTract":"126.19 "}},{"type":"Feature","id":58573,"geometry":null,"properties":{"OBJECTID":58573,"PermitNum":202309619,"IssuedDate":1687267320000,"StatusCurrent":"Final Inspection Made                                       ","ApplicationType":"Int/Ext Alterations","Description":"Rooftop Solar Installation 11.02kW(29 panels)","TotalCost":22040,"FinalCO":"Y","FinalCODate":1697622660000,"CensusTract":"151.00 "}},{"type":"Feature","id":5876,"geometry":null,"properties":{"OBJECTID":5876,"PermitNum":202309366,"IssuedDate":1686927360000,"StatusCurrent":"Final Inspection Made                                       ","ApplicationType":"Int/Ext Alterations","Description":"14 roof mounted solar panels with 22 kw generator","TotalCost":10000,"FinalCO":null,"FinalCODate":null,"CensusTract":"126.20 "}},{"type":"Feature","id":6820,"geometry":null,"properties":{"OBJECTID":6820,"PermitNum":202308833,"IssuedDate":1686666660000,"StatusCurrent":"Final Inspection Made                                       ","ApplicationType":"Int/Ext Alterations","Description":"Residential rooftop PV Solar install - Installing 22 Longi 355w modules using Unirac racking","TotalCost":26432,"FinalCO":"Y","FinalCODate":1692089100000,"CensusTract":"126.10 "}},{"type":"Feature","id":35804,"geometry":null,"properties":{"OBJECTID":35804,"PermitNum":202308910,"IssuedDate":1686211860000,"StatusCurrent":"Final Inspection Made                                       ","ApplicationType":"Int/Ext Alterations","Description":"Install roof-mounted solar PV array 16 panels/6.480 kW DC **No Battery Storage -No Structural","TotalCost":12960,"FinalCO":null,"FinalCODate":null,"CensusTract":"103.00 "}},{"type":"Feature","id":12472,"geometry":null,"properties":{"OBJECTID":12472,"PermitNum":202306925,"IssuedDate":1686057180000,"StatusCurrent":"Final Inspection Made                                       ","ApplicationType":"Int/Ext Alterations","Description":"rooftop solar Panel ZN Shine (x16) Inverter Enphase IQ8+","TotalCost":19440,"FinalCO":"Y","FinalCODate":1704276060000,"CensusTract":"115.00 "}},{"type":"Feature","id":7672,"geometry":null,"properties":{"OBJECTID":7672,"PermitNum":202306940,"IssuedDate":1686048960000,"StatusCurrent":"Final Inspection Made                                       ","ApplicationType":"Int/Ext Alterations","Description":"rooftop solar install Panel Trina (x14) Inverter Enphase IQ8+","TotalCost":15834,"FinalCO":null,"FinalCODate":null,"CensusTract":"126.17 "}},{"type":"Feature","id":30353,"geometry":null,"properties":{"OBJECTID":30353,"PermitNum":202308901,"IssuedDate":1686048840000,"StatusCurrent":"Final Inspection Made                                       ","ApplicationType":"Int/Ext Alterations","Description":"installation of roof mounted solar system consisting of 21 modules, 1 Tesla 7.6kW inverter, 2 Tesla batteries, 1 EV outlet","TotalCost":51188,"FinalCO":null,"FinalCODate":null,"CensusTract":"125.05 "}},{"type":"Feature","id":38733,"geometry":null,"properties":{"OBJECTID":38733,"PermitNum":202204029,"IssuedDate":1685624520000,"StatusCurrent":"Final Inspection Made                                       ","ApplicationType":"Int/Ext Alterations","Description":"INSTALLATION OF UTILITY INTERACTIVE PHOTOVOLTAIC SOLAR SYSTEM AND ANY NECESSARY ADDITIONAL WORK","TotalCost":6135,"FinalCO":null,"FinalCODate":null,"CensusTract":"102.00 "}},{"type":"Feature","id":3422,"geometry":null,"properties":{"OBJECTID":3422,"PermitNum":202306877,"IssuedDate":1684773420000,"StatusCurrent":"Final Inspection Made                                       ","ApplicationType":"Int/Ext Alterations","Description":"Installation of 22 roof mounted solar panels","TotalCost":39546,"FinalCO":null,"FinalCODate":null,"CensusTract":"128.04 "}},{"type":"Feature","id":50673,"geometry":null,"properties":{"OBJECTID":50673,"PermitNum":202307844,"IssuedDate":1684760700000,"StatusCurrent":"Final Inspection Made                                       ","ApplicationType":"Int/Ext Alterations","Description":"Rooftop Solar Installation 4.56kW(12 panels)","TotalCost":9120,"FinalCO":null,"FinalCODate":null,"CensusTract":"154.02 "}},{"type":"Feature","id":35428,"geometry":null,"properties":{"OBJECTID":35428,"PermitNum":202307611,"IssuedDate":1684746840000,"StatusCurrent":"Final Inspection Made                                       ","ApplicationType":"Int/Ext Alterations","Description":"installation of roof mounted PV solar system consisting of 19 modules and 1 Tesla PowerWall+ inve...","TotalCost":35460,"FinalCO":null,"FinalCODate":null,"CensusTract":"125.09 "}},{"type":"Feature","id":11584,"geometry":null,"properties":{"OBJECTID":11584,"PermitNum":202301726,"IssuedDate":1684242780000,"StatusCurrent":"Final Inspection Made                                       ","ApplicationType":"Int/Ext Alterations","Description":"Installation of (12) pole-mounted solar panels, (1) 8\" pipe, round foundation with pile at 8.1'.","TotalCost":35352,"FinalCO":null,"FinalCODate":null,"CensusTract":"115.00 "}},{"type":"Feature","id":52128,"geometry":null,"properties":{"OBJECTID":52128,"PermitNum":202305474,"IssuedDate":1684242120000,"StatusCurrent":"Final Inspection Made                                       ","ApplicationType":"Int/Ext Alterations","Description":"Installation of 10 solar panels mounted on the roof of the residence.","TotalCost":25505,"FinalCO":"Y","FinalCODate":1700557920000,"CensusTract":"157.07 "}},{"type":"Feature","id":29497,"geometry":null,"properties":{"OBJECTID":29497,"PermitNum":202304905,"IssuedDate":1683900840000,"StatusCurrent":"Issued                                                      ","ApplicationType":"Int/Ext Alterations","Description":"\t\r\nRoof Mounted Solar Panels","TotalCost":70000,"FinalCO":null,"FinalCODate":null,"CensusTract":"160.11 "}},{"type":"Feature","id":47169,"geometry":null,"properties":{"OBJECTID":47169,"PermitNum":202306477,"IssuedDate":1683877980000,"StatusCurrent":"Final Inspection Made                                       ","ApplicationType":"Int/Ext Alterations","Description":"rooftop solar panels Panel ZN Shine (x17) Inverter Enphase IQ8+","TotalCost":20655,"FinalCO":"Y","FinalCODate":1716553740000,"CensusTract":"160.06 "}},{"type":"Feature","id":17696,"geometry":null,"properties":{"OBJECTID":17696,"PermitNum":202304702,"IssuedDate":1683551340000,"StatusCurrent":"Final Inspection Made                                       ","ApplicationType":"Int/Ext Alterations","Description":"installation of 19 roof mounted solar panels array via NC DOI opt 2","TotalCost":15889,"FinalCO":null,"FinalCODate":null,"CensusTract":"112.01 "}},{"type":"Feature","id":47214,"geometry":null,"properties":{"OBJECTID":47214,"PermitNum":202305784,"IssuedDate":1683533880000,"StatusCurrent":"Final Inspection Made                                       ","ApplicationType":"Int/Ext Alterations","Description":"\t\r\nINSTALLATION OF UTILITY INTERACTIVE PHOTOVOLTAIC SOLAR SYSTEM","TotalCost":2752,"FinalCO":"Y","FinalCODate":1684766580000,"CensusTract":"119.05 "}},{"type":"Feature","id":34251,"geometry":null,"properties":{"OBJECTID":34251,"PermitNum":202306020,"IssuedDate":1683122040000,"StatusCurrent":"Final Inspection Made                                       ","ApplicationType":"Int/Ext Alterations","Description":"Install roof mounted solar pv array  to be interconnected to existing electrical system.  15 panels / 6.075kW DC\r\n315.34sq ft","TotalCost":12150,"FinalCO":null,"FinalCODate":null,"CensusTract":"101.00 "}},{"type":"Feature","id":4164,"geometry":null,"properties":{"OBJECTID":4164,"PermitNum":202218534,"IssuedDate":1682683860000,"StatusCurrent":"Final Inspection Made                                       ","ApplicationType":"Int/Ext Alterations","Description":"provide and install a new solar pv unit","TotalCost":27830,"FinalCO":null,"FinalCODate":null,"CensusTract":"128.04 "}},{"type":"Feature","id":44162,"geometry":null,"properties":{"OBJECTID":44162,"PermitNum":202301608,"IssuedDate":1682683500000,"StatusCurrent":"Final Inspection Made                                       ","ApplicationType":"Addition","Description":"Adding rooftop solar panels","TotalCost":82000,"FinalCO":null,"FinalCODate":null,"CensusTract":"127.03 "}},{"type":"Feature","id":10305,"geometry":null,"properties":{"OBJECTID":10305,"PermitNum":202305673,"IssuedDate":1682668740000,"StatusCurrent":"Final Inspection Made                                       ","ApplicationType":"Int/Ext Alterations","Description":"ROOFTOP SOLAR INSTALL Panel ZN Shine (x15) Inverter Enphase IQ8+","TotalCost":20047,"FinalCO":"Y","FinalCODate":1739194500000,"CensusTract":"114.00 "}},{"type":"Feature","id":34181,"geometry":null,"properties":{"OBJECTID":34181,"PermitNum":202305795,"IssuedDate":1682668740000,"StatusCurrent":"Final Inspection Made                                       ","ApplicationType":"Int/Ext Alterations","Description":"INSTALLATION OF UTILITY INTERACTIVE PHOTOVOLTAIC SOLAR SYSTEM","TotalCost":4953,"FinalCO":null,"FinalCODate":null,"CensusTract":"128.03 "}},{"type":"Feature","id":44435,"geometry":null,"properties":{"OBJECTID":44435,"PermitNum":202218990,"IssuedDate":1682608620000,"StatusCurrent":"Final Inspection Made                                       ","ApplicationType":"Int/Ext Alterations","Description":"INSTALLATION OF UTILITY INTERACTIVE PHOTOVOLTAIC SOLAR SYSTEM AND ANY NECESSARY ADDITIONAL WORK.","TotalCost":7389,"FinalCO":null,"FinalCODate":null,"CensusTract":"160.07 "}},{"type":"Feature","id":2181,"geometry":null,"properties":{"OBJECTID":2181,"PermitNum":202216289,"IssuedDate":1682606160000,"StatusCurrent":"Final Inspection Made                                       ","ApplicationType":"Int/Ext Alterations","Description":"INSTALLATION OF UTILITY INTERACTIVE PHOTOVOLTAIC SOLAR SYSTEM AND ANY\r\nNECESSARY ADDITIONAL WORK NEEDED FOR INSTALLATION.","TotalCost":8093,"FinalCO":"Y","FinalCODate":1682694720000,"CensusTract":"168.00 "}},{"type":"Feature","id":48594,"geometry":null,"properties":{"OBJECTID":48594,"PermitNum":202305859,"IssuedDate":1682592240000,"StatusCurrent":"Final Inspection Made                                       ","ApplicationType":"Int/Ext Alterations","Description":"\t\r\nRoof Mounted Solar P/V Install on single family home 13.611kW AC","TotalCost":5500,"FinalCO":null,"FinalCODate":null,"CensusTract":"160.09 "}},{"type":"Feature","id":31918,"geometry":null,"properties":{"OBJECTID":31918,"PermitNum":202305800,"IssuedDate":1682591880000,"StatusCurrent":"Final Inspection Made                                       ","ApplicationType":"Int/Ext Alterations","Description":"INSTALLATION OF UTILITY INTERACTIVE PHOTOVOLTAIC SOLAR SYSTEM","TotalCost":10736,"FinalCO":"Y","FinalCODate":1684766640000,"CensusTract":"128.03 "}},{"type":"Feature","id":38670,"geometry":null,"properties":{"OBJECTID":38670,"PermitNum":202208580,"IssuedDate":1682506320000,"StatusCurrent":"Final Inspection Made                                       ","ApplicationType":"Int/Ext Alterations","Description":"INSTALLATION OF UTILITY INTERACTIVE PHOTOVOLTAIC SOLAR SYSTEM AND ANY NECESSARY ADDITIONAL WORK","TotalCost":10105,"FinalCO":null,"FinalCODate":null,"CensusTract":"161.01 "}},{"type":"Feature","id":36347,"geometry":null,"properties":{"OBJECTID":36347,"PermitNum":202305642,"IssuedDate":1682352240000,"StatusCurrent":"Final Inspection Made                                       ","ApplicationType":"Int/Ext Alterations","Description":"\t\r\ninstallation of roof mounted solar panels array via NC DOI option 2 with tesla battery install","TotalCost":53753,"FinalCO":null,"FinalCODate":null,"CensusTract":"125.11 "}},{"type":"Feature","id":49971,"geometry":null,"properties":{"OBJECTID":49971,"PermitNum":202219320,"IssuedDate":1681982460000,"StatusCurrent":"Final Inspection Made                                       ","ApplicationType":"Int/Ext Alterations","Description":"installing roof mount solar panels","TotalCost":128000,"FinalCO":"Y","FinalCODate":1728387300000,"CensusTract":"160.07 "}},{"type":"Feature","id":24461,"geometry":null,"properties":{"OBJECTID":24461,"PermitNum":202219154,"IssuedDate":1681981500000,"StatusCurrent":"Final Inspection Made                                       ","ApplicationType":"Int/Ext Alterations","Description":"provide and install a solar pv unit","TotalCost":26840,"FinalCO":"Y","FinalCODate":1706538060000,"CensusTract":"161.02 "}},{"type":"Feature","id":54888,"geometry":null,"properties":{"OBJECTID":54888,"PermitNum":202305476,"IssuedDate":1681898760000,"StatusCurrent":"Final Inspection Made                                       ","ApplicationType":"Int/Ext Alterations","Description":"Installation of 12 solar panels, flat on a residential roof","TotalCost":16618,"FinalCO":"Y","FinalCODate":1688553960000,"CensusTract":"155.00 "}},{"type":"Feature","id":25620,"geometry":null,"properties":{"OBJECTID":25620,"PermitNum":202305514,"IssuedDate":1681898640000,"StatusCurrent":"Final Inspection Made                                       ","ApplicationType":"Int/Ext Alterations","Description":"Installation of roof mounted solar panels array via DOI opt 2","TotalCost":20347,"FinalCO":"Y","FinalCODate":1685447040000,"CensusTract":"161.03 "}},{"type":"Feature","id":25066,"geometry":null,"properties":{"OBJECTID":25066,"PermitNum":202305003,"IssuedDate":1681740780000,"StatusCurrent":"Final Inspection Made                                       ","ApplicationType":"Int/Ext Alterations","Description":"Install 18 solar panels roof mount","TotalCost":17100,"FinalCO":null,"FinalCODate":null,"CensusTract":"105.00 "}},{"type":"Feature","id":39218,"geometry":null,"properties":{"OBJECTID":39218,"PermitNum":202303649,"IssuedDate":1681737300000,"StatusCurrent":"Final Inspection Made                                       ","ApplicationType":"Int/Ext Alterations","Description":"5.2kW PV Solar Panel Installation on Roof - 16 panels","TotalCost":4691,"FinalCO":null,"FinalCODate":null,"CensusTract":"125.10 "}},{"type":"Feature","id":53878,"geometry":null,"properties":{"OBJECTID":53878,"PermitNum":202304542,"IssuedDate":1681286340000,"StatusCurrent":"Final Inspection Made                                       ","ApplicationType":"Int/Ext Alterations","Description":"\t\r\nInstallation of 12 solar panels mounted on the roof of the residence","TotalCost":31937,"FinalCO":"Y","FinalCODate":1704799500000,"CensusTract":"154.02 "}},{"type":"Feature","id":58623,"geometry":null,"properties":{"OBJECTID":58623,"PermitNum":202305038,"IssuedDate":1681286220000,"StatusCurrent":"Final Inspection Made                                       ","ApplicationType":"Int/Ext Alterations","Description":"Roof mount and wire 10 solar panels to code","TotalCost":18000,"FinalCO":"Y","FinalCODate":1691759700000,"CensusTract":"151.00 "}},{"type":"Feature","id":46562,"geometry":null,"properties":{"OBJECTID":46562,"PermitNum":202304708,"IssuedDate":1681220640000,"StatusCurrent":"Final Inspection Made                                       ","ApplicationType":"Int/Ext Alterations","Description":"\t\r\n12.96kW PV Solar Panel Installation on Roof - 32 panels","TotalCost":11693,"FinalCO":"Y","FinalCODate":1687255380000,"CensusTract":"119.05 "}},{"type":"Feature","id":58478,"geometry":null,"properties":{"OBJECTID":58478,"PermitNum":202304706,"IssuedDate":1681200480000,"StatusCurrent":"Final Inspection Made                                       ","ApplicationType":"Int/Ext Alterations","Description":"\t\r\n6.075kW PV Solar Panel Installation on Roof - 15 panels","TotalCost":5481,"FinalCO":"Y","FinalCODate":1687787040000,"CensusTract":"151.00 "}},{"type":"Feature","id":3954,"geometry":null,"properties":{"OBJECTID":3954,"PermitNum":202304651,"IssuedDate":1681137780000,"StatusCurrent":"Final Inspection Made                                       ","ApplicationType":"Int/Ext Alterations","Description":"INSTALLATION OF A 10 PANEL, 3.95KW, ROOF MOUNTED, UTILITY INTERCONNECTED PV SOLAR SYSTEM. PROJECT DOES NOT INCLUDE SOLAR BATTERY","TotalCost":10000,"FinalCO":null,"FinalCODate":null,"CensusTract":"126.12 "}},{"type":"Feature","id":19354,"geometry":null,"properties":{"OBJECTID":19354,"PermitNum":202304303,"IssuedDate":1681129620000,"StatusCurrent":"Final Inspection Made                                       ","ApplicationType":"Int/Ext Alterations","Description":"INSTALLATION OF A 26 PANEL, ROOF MOUNTED, UTILITY INTERCONNECTED PV SOLAR SYSTEM. PROJECT DOES NOT INCLUDE ANY SOLAR BATTERY","TotalCost":30000,"FinalCO":"Y","FinalCODate":1686304860000,"CensusTract":"112.01 "}},{"type":"Feature","id":5371,"geometry":null,"properties":{"OBJECTID":5371,"PermitNum":202304641,"IssuedDate":1681126020000,"StatusCurrent":"Final Inspection Made                                       ","ApplicationType":"Int/Ext Alterations","Description":"Solar Energy World will be installing 12, roof mounted solar panels","TotalCost":15000,"FinalCO":"Y","FinalCODate":1687273320000,"CensusTract":"126.21 "}},{"type":"Feature","id":58444,"geometry":null,"properties":{"OBJECTID":58444,"PermitNum":202303312,"IssuedDate":1680529140000,"StatusCurrent":"Final Inspection Made                                       ","ApplicationType":"Int/Ext Alterations","Description":"Install 5.60kw (14 Module) Roof Mounted Solar. Work will also include a Tesla 2.0 Powerwall Per interpretation of the NC GC license board no GC is required. \r\noriginal cost was $54,381","TotalCost":29999,"FinalCO":null,"FinalCODate":null,"CensusTract":"151.00 "}},{"type":"Feature","id":31362,"geometry":null,"properties":{"OBJECTID":31362,"PermitNum":202220709,"IssuedDate":1680003000000,"StatusCurrent":"Final Inspection Made                                       ","ApplicationType":"Int/Ext Alterations","Description":"\t\r\nInstalling solar on existing roof","TotalCost":31708,"FinalCO":null,"FinalCODate":null,"CensusTract":"127.06 "}},{"type":"Feature","id":32679,"geometry":null,"properties":{"OBJECTID":32679,"PermitNum":202304166,"IssuedDate":1679931960000,"StatusCurrent":"Final Inspection Made                                       ","ApplicationType":"Int/Ext Alterations","Description":"installation of roof mounted solar panels (14 panels)","TotalCost":17000,"FinalCO":null,"FinalCODate":null,"CensusTract":"125.11 "}},{"type":"Feature","id":44661,"geometry":null,"properties":{"OBJECTID":44661,"PermitNum":202304009,"IssuedDate":1679911800000,"StatusCurrent":"Final Inspection Made                                       ","ApplicationType":"Int/Ext Alterations","Description":"Installation of 16 roof mounted solar panels on a existing residence.","TotalCost":34165,"FinalCO":null,"FinalCODate":null,"CensusTract":"119.05 "}},{"type":"Feature","id":55138,"geometry":null,"properties":{"OBJECTID":55138,"PermitNum":202303001,"IssuedDate":1679904540000,"StatusCurrent":"Final Inspection Made                                       ","ApplicationType":"Int/Ext Alterations","Description":"Placing solar panels onto pergola","TotalCost":15680,"FinalCO":null,"FinalCODate":null,"CensusTract":"160.08 "}},{"type":"Feature","id":45468,"geometry":null,"properties":{"OBJECTID":45468,"PermitNum":202303648,"IssuedDate":1679904420000,"StatusCurrent":"Final Inspection Made                                       ","ApplicationType":"Int/Ext Alterations","Description":"7.5kW PV Solar Panel Installation on Roof - 20 panels","TotalCost":6767,"FinalCO":"Y","FinalCODate":1682330580000,"CensusTract":"127.04 "}},{"type":"Feature","id":21222,"geometry":null,"properties":{"OBJECTID":21222,"PermitNum":202302222,"IssuedDate":1679659800000,"StatusCurrent":"Final Inspection Made                                       ","ApplicationType":"Int/Ext Alterations","Description":"\t\r\n18 roof mounted solar panels 7.29 kw 332.64 sq ft modules","TotalCost":14580,"FinalCO":null,"FinalCODate":null,"CensusTract":"127.07 "}},{"type":"Feature","id":57882,"geometry":null,"properties":{"OBJECTID":57882,"PermitNum":202303387,"IssuedDate":1679385360000,"StatusCurrent":"Final Inspection Made                                       ","ApplicationType":"Int/Ext Alterations","Description":"\t\r\n11 roof mounted solar panels 4.455 kw 203.28 sq ft modules","TotalCost":8910,"FinalCO":"Y","FinalCODate":1683186600000,"CensusTract":"151.00 "}},{"type":"Feature","id":20011,"geometry":null,"properties":{"OBJECTID":20011,"PermitNum":202303694,"IssuedDate":1679299200000,"StatusCurrent":"Final Inspection Made                                       ","ApplicationType":"Int/Ext Alterations","Description":"Installation of a 7.92kw Roof Mounted Solar PV System","TotalCost":25306,"FinalCO":"Y","FinalCODate":1689583080000,"CensusTract":"111.01 "}},{"type":"Feature","id":12855,"geometry":null,"properties":{"OBJECTID":12855,"PermitNum":202303627,"IssuedDate":1679063700000,"StatusCurrent":"Final Inspection Made                                       ","ApplicationType":"Int/Ext Alterations","Description":"13 roof mounted solar panels 5.265 kw 240.24 sq ft modules","TotalCost":10530,"FinalCO":null,"FinalCODate":null,"CensusTract":"116.02 "}},{"type":"Feature","id":119,"geometry":null,"properties":{"OBJECTID":119,"PermitNum":202303369,"IssuedDate":1678720140000,"StatusCurrent":"Final Inspection Made                                       ","ApplicationType":"Int/Ext Alterations","Description":"\t\r\nInstallation of 20 solar panels flat on a residential roof","TotalCost":22245,"FinalCO":"Y","FinalCODate":1683646020000,"CensusTract":"167.01 "}},{"type":"Feature","id":34333,"geometry":null,"properties":{"OBJECTID":34333,"PermitNum":202303175,"IssuedDate":1678720020000,"StatusCurrent":"Final Inspection Made                                       ","ApplicationType":"Int/Ext Alterations","Description":"\t\r\nInstallation of 15 solar panels mounted on the roof of the residence","TotalCost":32683,"FinalCO":null,"FinalCODate":null,"CensusTract":"127.05 "}},{"type":"Feature","id":12035,"geometry":null,"properties":{"OBJECTID":12035,"PermitNum":202303615,"IssuedDate":1678719960000,"StatusCurrent":"Final Inspection Made                                       ","ApplicationType":"Int/Ext Alterations","Description":"INSTALLATION OF A 15 PANEL, 5.925KW (DC), ROOF MOUNTED, UTILITY INTERCONNECTED, PV SOLAR SYSTEM.","TotalCost":10000,"FinalCO":"Y","FinalCODate":1686325860000,"CensusTract":"113.00 "}},{"type":"Feature","id":5463,"geometry":null,"properties":{"OBJECTID":5463,"PermitNum":202303389,"IssuedDate":1678719840000,"StatusCurrent":"Final Inspection Made                                       ","ApplicationType":"Int/Ext Alterations","Description":"20 roof mounted solar panels 8.1 kw 369.60 sq ft modules","TotalCost":16200,"FinalCO":null,"FinalCODate":null,"CensusTract":"165.06 "}},{"type":"Feature","id":23982,"geometry":null,"properties":{"OBJECTID":23982,"PermitNum":202303617,"IssuedDate":1678718220000,"StatusCurrent":"Final Inspection Made                                       ","ApplicationType":"Miscellaneous","Description":"INSTALLATION OF A 43 PANEL, 16.985KW, ROOF MOUNTED, UTILITY INTERCONNECTED PV SOLAR SYSTEM.","TotalCost":60000,"FinalCO":null,"FinalCODate":null,"CensusTract":"110.00 "}},{"type":"Feature","id":18766,"geometry":null,"properties":{"OBJECTID":18766,"PermitNum":202303624,"IssuedDate":1678717200000,"StatusCurrent":"Final Inspection Made                                       ","ApplicationType":"Int/Ext Alterations","Description":"35 roof mounted solar panels 14.175 kw 646.8 sq ft modules","TotalCost":28350,"FinalCO":"Y","FinalCODate":1684250880000,"CensusTract":"106.01 "}},{"type":"Feature","id":58099,"geometry":null,"properties":{"OBJECTID":58099,"PermitNum":202303178,"IssuedDate":1678353900000,"StatusCurrent":"Final Inspection Made                                       ","ApplicationType":"Int/Ext Alterations","Description":"7.29kW PV Solar Panel Installation on Roof - 18 panels","TotalCost":6577,"FinalCO":"Y","FinalCODate":1687520700000,"CensusTract":"151.00 "}},{"type":"Feature","id":5108,"geometry":null,"properties":{"OBJECTID":5108,"PermitNum":202302828,"IssuedDate":1677861180000,"StatusCurrent":"Final Inspection Made                                       ","ApplicationType":"Int/Ext Alterations","Description":"16 roof mounted solar panels 6.48 kw 295.68 sq ft modules","TotalCost":12960,"FinalCO":"Y","FinalCODate":1686223020000,"CensusTract":"126.21 "}},{"type":"Feature","id":13657,"geometry":null,"properties":{"OBJECTID":13657,"PermitNum":202302714,"IssuedDate":1677858840000,"StatusCurrent":"Final Inspection Made                                       ","ApplicationType":"Int/Ext Alterations","Description":"\t\r\nrooftop solar panel install Panel ZN Shine (x11) Inverter Enphase IQ8+(x11)","TotalCost":12474,"FinalCO":null,"FinalCODate":null,"CensusTract":"113.00 "}},{"type":"Feature","id":17553,"geometry":null,"properties":{"OBJECTID":17553,"PermitNum":202302204,"IssuedDate":1677579600000,"StatusCurrent":"Final Inspection Made                                       ","ApplicationType":"Int/Ext Alterations","Description":"Installation of 24 solar panels mounted to the roof of the residence","TotalCost":54574,"FinalCO":"Y","FinalCODate":1689924600000,"CensusTract":"153.02 "}},{"type":"Feature","id":8188,"geometry":null,"properties":{"OBJECTID":8188,"PermitNum":202302194,"IssuedDate":1677491700000,"StatusCurrent":"Final Inspection Made                                       ","ApplicationType":"Int/Ext Alterations","Description":"10 roof mounted solar panels 4.05 kw 184.8 sq ft modules","TotalCost":8100,"FinalCO":null,"FinalCODate":null,"CensusTract":"126.07 "}},{"type":"Feature","id":25893,"geometry":null,"properties":{"OBJECTID":25893,"PermitNum":202302193,"IssuedDate":1677490620000,"StatusCurrent":"Final Inspection Made                                       ","ApplicationType":"Int/Ext Alterations","Description":"8 roof mounted solar panels 3.24 kw 147.84 sq ft modules","TotalCost":6480,"FinalCO":null,"FinalCODate":null,"CensusTract":"125.04 "}},{"type":"Feature","id":29655,"geometry":null,"properties":{"OBJECTID":29655,"PermitNum":202224600,"IssuedDate":1677247800000,"StatusCurrent":"Final Inspection Made                                       ","ApplicationType":"Int/Ext Alterations","Description":"\t\r\nInstallation of 13.26Kw roof mount solar system","TotalCost":43960,"FinalCO":null,"FinalCODate":null,"CensusTract":"125.05 "}},{"type":"Feature","id":53163,"geometry":null,"properties":{"OBJECTID":53163,"PermitNum":202300564,"IssuedDate":1677229500000,"StatusCurrent":"Final Inspection Made                                       ","ApplicationType":"Int/Ext Alterations","Description":"\t\r\nInstallation of roof mounted solar panels array via DOI otp 2","TotalCost":47547,"FinalCO":null,"FinalCODate":null,"CensusTract":"157.07 "}},{"type":"Feature","id":11528,"geometry":null,"properties":{"OBJECTID":11528,"PermitNum":202301667,"IssuedDate":1676620920000,"StatusCurrent":"Final Inspection Made                                       ","ApplicationType":"Int/Ext Alterations","Description":"INSTALLATION OF A 36 PANEL, 14.4KW, ROOF MOUNTED, UTILITY INTERCONNECTED PV SOLAR SYSTEM. SOLAR BATTERY NOT INCLUDED","TotalCost":50000,"FinalCO":null,"FinalCODate":null,"CensusTract":"116.02 "}},{"type":"Feature","id":50803,"geometry":null,"properties":{"OBJECTID":50803,"PermitNum":202301815,"IssuedDate":1676555400000,"StatusCurrent":"Final Inspection Made                                       ","ApplicationType":"Int/Ext Alterations","Description":"Installation of 18 solar panels mounted to the roof of the residence","TotalCost":44601,"FinalCO":"Y","FinalCODate":1689929040000,"CensusTract":"154.02 "}},{"type":"Feature","id":11429,"geometry":null,"properties":{"OBJECTID":11429,"PermitNum":202301668,"IssuedDate":1676294100000,"StatusCurrent":"Final Inspection Made                                       ","ApplicationType":"Int/Ext Alterations","Description":"INSTALLATION OF A 26 PANEL, 10.14KW, ROOF MOUNTED, UTILITY INTERCONNECTED, PV SOLAR SYSTEM. SOLAR STORAGE NOT INCLUDED","TotalCost":30000,"FinalCO":null,"FinalCODate":null,"CensusTract":"116.02 "}},{"type":"Feature","id":11187,"geometry":null,"properties":{"OBJECTID":11187,"PermitNum":202301358,"IssuedDate":1675864020000,"StatusCurrent":"Final Inspection Made                                       ","ApplicationType":"Int/Ext Alterations","Description":"22 roof mounted solar panels 8.91 kw 406.56 sq ft modules","TotalCost":17820,"FinalCO":"Y","FinalCODate":1683130680000,"CensusTract":"113.00 "}},{"type":"Feature","id":54704,"geometry":null,"properties":{"OBJECTID":54704,"PermitNum":202301276,"IssuedDate":1675775460000,"StatusCurrent":"Final Inspection Made                                       ","ApplicationType":"Int/Ext Alterations","Description":"12 roof mounted solar panels 4.86 kw 221.76 sq ft modules","TotalCost":9720,"FinalCO":"Y","FinalCODate":1682667840000,"CensusTract":"155.00 "}},{"type":"Feature","id":54881,"geometry":null,"properties":{"OBJECTID":54881,"PermitNum":202301298,"IssuedDate":1675775400000,"StatusCurrent":"Final Inspection Made                                       ","ApplicationType":"Int/Ext Alterations","Description":"25 roof mounted solar panels 10 kw 462 sq ft modules","TotalCost":20000,"FinalCO":"Y","FinalCODate":1691669760000,"CensusTract":"154.02 "}},{"type":"Feature","id":58842,"geometry":null,"properties":{"OBJECTID":58842,"PermitNum":202300076,"IssuedDate":1674224940000,"StatusCurrent":"Final Inspection Made                                       ","ApplicationType":"Int/Ext Alterations","Description":"Installation of 14 solar panels mounted on the roof of the residence","TotalCost":30861,"FinalCO":"Y","FinalCODate":1682332260000,"CensusTract":"151.00 "}},{"type":"Feature","id":58515,"geometry":null,"properties":{"OBJECTID":58515,"PermitNum":202224806,"IssuedDate":1674122160000,"StatusCurrent":"Final Inspection Made                                       ","ApplicationType":"Int/Ext Alterations","Description":"\t\r\nRooftop installation of 14 module 5.67 KW photovoltaic solar system with 30A PV backfeed into ex...","TotalCost":11340,"FinalCO":"Y","FinalCODate":1681136880000,"CensusTract":"151.00 "}},{"type":"Feature","id":24268,"geometry":null,"properties":{"OBJECTID":24268,"PermitNum":202225270,"IssuedDate":1673964900000,"StatusCurrent":"Final Inspection Made                                       ","ApplicationType":"Int/Ext Alterations","Description":"\t\r\ninstallation of roof mounted solar panels array via DOI option 2","TotalCost":21000,"FinalCO":null,"FinalCODate":null,"CensusTract":"107.01 "}},{"type":"Feature","id":57152,"geometry":null,"properties":{"OBJECTID":57152,"PermitNum":202225295,"IssuedDate":1673618520000,"StatusCurrent":"Final Inspection Made                                       ","ApplicationType":"Int/Ext Alterations","Description":"11PV Solar Panel install on to an existing residential home. System size of 4.4KW. Total square footage of the panels are 231.35","TotalCost":28632,"FinalCO":"Y","FinalCODate":1709200860000,"CensusTract":"154.01 "}},{"type":"Feature","id":48020,"geometry":null,"properties":{"OBJECTID":48020,"PermitNum":202224955,"IssuedDate":1673451660000,"StatusCurrent":"Final Inspection Made                                       ","ApplicationType":"Int/Ext Alterations","Description":"\t\r\n7.29kW rooftop solar Panel Hyundai - 405watt (x18) Inverter Enphase IQ8+(x18)","TotalCost":33388,"FinalCO":null,"FinalCODate":null,"CensusTract":"160.09 "}},{"type":"Feature","id":21277,"geometry":null,"properties":{"OBJECTID":21277,"PermitNum":202300482,"IssuedDate":1673434200000,"StatusCurrent":"Final Inspection Made                                       ","ApplicationType":"Int/Ext Alterations","Description":"Install 20 solar panels onto ex's residential roof\r\nREPLACEMENT PERMIT  \r\nREF PERMIT 202107607","TotalCost":0,"FinalCO":null,"FinalCODate":null,"CensusTract":"161.03 "}},{"type":"Feature","id":45514,"geometry":null,"properties":{"OBJECTID":45514,"PermitNum":202225088,"IssuedDate":1673366940000,"StatusCurrent":"Final Inspection Made                                       ","ApplicationType":"Int/Ext Alterations","Description":"8.1kW mounted rooftop solar Panel Hyundai - 405watt (x20) Inverter Enphase IQ8+(x20)","TotalCost":26730,"FinalCO":"Y","FinalCODate":1695028320000,"CensusTract":"127.04 "}},{"type":"Feature","id":16703,"geometry":null,"properties":{"OBJECTID":16703,"PermitNum":202212839,"IssuedDate":1673343720000,"StatusCurrent":"Final Inspection Made                                       ","ApplicationType":"Int/Ext Alterations","Description":"Installation of 13 roof mounted solar panels","TotalCost":22023,"FinalCO":null,"FinalCODate":null,"CensusTract":"111.01 "}},{"type":"Feature","id":183,"geometry":null,"properties":{"OBJECTID":183,"PermitNum":202224677,"IssuedDate":1672931580000,"StatusCurrent":"Final Inspection Made                                       ","ApplicationType":"Int/Ext Alterations","Description":"Residential Rooftop PV Solar install - Installing 23 Canadian Solar 390w modules using Unirac's","TotalCost":29098,"FinalCO":"Y","FinalCODate":1680599820000,"CensusTract":"167.01 "}},{"type":"Feature","id":35837,"geometry":null,"properties":{"OBJECTID":35837,"PermitNum":202224672,"IssuedDate":1672931580000,"StatusCurrent":"Final Inspection Made                                       ","ApplicationType":"Int/Ext Alterations","Description":"To install a 6.6kw pv array roof mounted solar system with 15 panels and a 200 amp main panel","TotalCost":13860,"FinalCO":"Y","FinalCODate":1688388240000,"CensusTract":"127.05 "}},{"type":"Feature","id":19482,"geometry":null,"properties":{"OBJECTID":19482,"PermitNum":202224490,"IssuedDate":1672734180000,"StatusCurrent":"Final Inspection Made                                       ","ApplicationType":"Int/Ext Alterations","Description":"4.05 kW rooftop solar install Panel Hyundai - 405watt (x10) Inverter Enphase IQ8+(x10)","TotalCost":12150,"FinalCO":"Y","FinalCODate":1719225420000,"CensusTract":"153.02 "}},{"type":"Feature","id":41648,"geometry":null,"properties":{"OBJECTID":41648,"PermitNum":202224390,"IssuedDate":1672408380000,"StatusCurrent":"Final Inspection Made                                       ","ApplicationType":"Int/Ext Alterations","Description":"Installation of 13 roof mounted solar panels on a existing residence.","TotalCost":23248,"FinalCO":null,"FinalCODate":null,"CensusTract":"160.07 "}},{"type":"Feature","id":53915,"geometry":null,"properties":{"OBJECTID":53915,"PermitNum":202224089,"IssuedDate":1672307460000,"StatusCurrent":"Final Inspection Made                                       ","ApplicationType":"Int/Ext Alterations","Description":"5.265KW Solar install rooftop install 13 Panels - HiS-S405YH(BK) 13 Inverters - IQ8PLUS-72-2-US","TotalCost":20033,"FinalCO":"Y","FinalCODate":1700214480000,"CensusTract":"157.04 "}},{"type":"Feature","id":51978,"geometry":null,"properties":{"OBJECTID":51978,"PermitNum":202219219,"IssuedDate":1672307160000,"StatusCurrent":"Final Inspection Made                                       ","ApplicationType":"Int/Ext Alterations","Description":"\t\r\nRooftop Solar Installation 6.4kW(16 panels)","TotalCost":12800,"FinalCO":null,"FinalCODate":null,"CensusTract":"160.08 "}},{"type":"Feature","id":2115,"geometry":null,"properties":{"OBJECTID":2115,"PermitNum":202224128,"IssuedDate":1671698160000,"StatusCurrent":"Final Inspection Made                                       ","ApplicationType":"Int/Ext Alterations","Description":"2.835kW rooftop Solar installation 7 Panels - HiS-S405YH(BK) 7 inverters - IQ8PLUS-72-2-US","TotalCost":9922,"FinalCO":"Y","FinalCODate":1703144100000,"CensusTract":"167.01 "}},{"type":"Feature","id":10818,"geometry":null,"properties":{"OBJECTID":10818,"PermitNum":202224116,"IssuedDate":1671610680000,"StatusCurrent":"Final Inspection Made                                       ","ApplicationType":"Int/Ext Alterations","Description":"Rooftop Solar Installation 6.8kW(17 panels)","TotalCost":13600,"FinalCO":null,"FinalCODate":null,"CensusTract":"116.02 "}},{"type":"Feature","id":5032,"geometry":null,"properties":{"OBJECTID":5032,"PermitNum":202223912,"IssuedDate":1671609660000,"StatusCurrent":"Final Inspection Made                                       ","ApplicationType":"Int/Ext Alterations","Description":"Installation of 12 solar panels mounted on the roof of the residence","TotalCost":19085,"FinalCO":null,"FinalCODate":null,"CensusTract":"165.05 "}},{"type":"Feature","id":2706,"geometry":null,"properties":{"OBJECTID":2706,"PermitNum":202223802,"IssuedDate":1671549420000,"StatusCurrent":"Final Inspection Made                                       ","ApplicationType":"Int/Ext Alterations","Description":"Installation of 20 Solar panels mounted on the roof of the residence","TotalCost":23960,"FinalCO":"Y","FinalCODate":1682519580000,"CensusTract":"168.00 "}},{"type":"Feature","id":48140,"geometry":null,"properties":{"OBJECTID":48140,"PermitNum":202220723,"IssuedDate":1671533700000,"StatusCurrent":"Final Inspection Made                                       ","ApplicationType":"Int/Ext Alterations","Description":"Installation of 15 residential roof mounted solar panels 6.00 kW DC. 316.95 array sq. ft.","TotalCost":15000,"FinalCO":null,"FinalCODate":null,"CensusTract":"119.04 "}},{"type":"Feature","id":57651,"geometry":null,"properties":{"OBJECTID":57651,"PermitNum":202223973,"IssuedDate":1671533160000,"StatusCurrent":"Final Inspection Made                                       ","ApplicationType":"Int/Ext Alterations","Description":"12 panel roof mounted solar","TotalCost":28704,"FinalCO":"Y","FinalCODate":1678719720000,"CensusTract":"151.00 "}},{"type":"Feature","id":17182,"geometry":null,"properties":{"OBJECTID":17182,"PermitNum":202223539,"IssuedDate":1670496600000,"StatusCurrent":"Final Inspection Made                                       ","ApplicationType":"Int/Ext Alterations","Description":"Rooftop Solar Installation 10.4kW(26 panels)","TotalCost":20800,"FinalCO":"Y","FinalCODate":1682414460000,"CensusTract":"153.02 "}},{"type":"Feature","id":56360,"geometry":null,"properties":{"OBJECTID":56360,"PermitNum":202223790,"IssuedDate":1670424240000,"StatusCurrent":"Final Inspection Made                                       ","ApplicationType":"Int/Ext Alterations","Description":"Mounted rooftop solar","TotalCost":24300,"FinalCO":"Y","FinalCODate":1690890240000,"CensusTract":"155.00 "}},{"type":"Feature","id":5887,"geometry":null,"properties":{"OBJECTID":5887,"PermitNum":202223782,"IssuedDate":1670333460000,"StatusCurrent":"Final Inspection Made                                       ","ApplicationType":"Int/Ext Alterations","Description":"\t\r\nRooftop solar installation Size: 8.91kW Panel - Hyundai - 405watt (x22) Inverter - Enphase IQ8+(x22)","TotalCost":26730,"FinalCO":"Y","FinalCODate":1698925980000,"CensusTract":"165.05 "}},{"type":"Feature","id":3984,"geometry":null,"properties":{"OBJECTID":3984,"PermitNum":202223783,"IssuedDate":1670333400000,"StatusCurrent":"Final Inspection Made                                       ","ApplicationType":"Int/Ext Alterations","Description":"Rooftop solar installation Size: 4.455kW Panel - Hyundai - 405watt (x11) Inverter - Enphas","TotalCost":13365,"FinalCO":"Y","FinalCODate":1698152340000,"CensusTract":"126.12 "}},{"type":"Feature","id":41897,"geometry":null,"properties":{"OBJECTID":41897,"PermitNum":202223729,"IssuedDate":1670333100000,"StatusCurrent":"Final Inspection Made                                       ","ApplicationType":"Int/Ext Alterations","Description":"\t\r\nRooftop Solar Installation 7.6kW(19 panels), 200A Main Panel Upgrade","TotalCost":17200,"FinalCO":"Y","FinalCODate":1684848480000,"CensusTract":"127.04 "}},{"type":"Feature","id":10523,"geometry":null,"properties":{"OBJECTID":10523,"PermitNum":202223786,"IssuedDate":1670332620000,"StatusCurrent":"Final Inspection Made                                       ","ApplicationType":"Int/Ext Alterations","Description":"2.835kW rooftop Solar installation 7 Panels - HiS-S405YH(BK) 7 inverters - IQ8PLUS-72-2-US","TotalCost":9355,"FinalCO":"Y","FinalCODate":1698411600000,"CensusTract":"116.01 "}},{"type":"Feature","id":12127,"geometry":null,"properties":{"OBJECTID":12127,"PermitNum":202223792,"IssuedDate":1670332560000,"StatusCurrent":"Final Inspection Made                                       ","ApplicationType":"Int/Ext Alterations","Description":"\t\r\nmounted rooftop solar","TotalCost":19845,"FinalCO":"Y","FinalCODate":1709137080000,"CensusTract":"113.00 "}},{"type":"Feature","id":34401,"geometry":null,"properties":{"OBJECTID":34401,"PermitNum":202223455,"IssuedDate":1670241960000,"StatusCurrent":"Final Inspection Made                                       ","ApplicationType":"Int/Ext Alterations","Description":"15 panel roof mounted solar","TotalCost":27922,"FinalCO":"Y","FinalCODate":1676035980000,"CensusTract":"153.01 "}},{"type":"Feature","id":27500,"geometry":null,"properties":{"OBJECTID":27500,"PermitNum":202220657,"IssuedDate":1670238060000,"StatusCurrent":"Final Inspection Made                                       ","ApplicationType":"Int/Ext Alterations","Description":"Rooftop Solar Installation 13.2kW(33 panels)","TotalCost":26400,"FinalCO":"Y","FinalCODate":1678981320000,"CensusTract":"127.07 "}},{"type":"Feature","id":53725,"geometry":null,"properties":{"OBJECTID":53725,"PermitNum":202223052,"IssuedDate":1670237640000,"StatusCurrent":"Final Inspection Made                                       ","ApplicationType":"Int/Ext Alterations","Description":"\t\r\n7.2kW PV Solar Panel Installation on Roof - 18 panels","TotalCost":6496,"FinalCO":"Y","FinalCODate":1687255260000,"CensusTract":"154.02 "}},{"type":"Feature","id":23624,"geometry":null,"properties":{"OBJECTID":23624,"PermitNum":202222674,"IssuedDate":1670237460000,"StatusCurrent":"Final Inspection Made                                       ","ApplicationType":"Int/Ext Alterations","Description":"\t\r\nSolar PV Installation on existing roof","TotalCost":29000,"FinalCO":null,"FinalCODate":null,"CensusTract":"125.04 "}},{"type":"Feature","id":54920,"geometry":null,"properties":{"OBJECTID":54920,"PermitNum":202223108,"IssuedDate":1669968840000,"StatusCurrent":"Final Inspection Made                                       ","ApplicationType":"Int/Ext Alterations","Description":"Roof Mounted Solar","TotalCost":18615,"FinalCO":"Y","FinalCODate":1680189180000,"CensusTract":"154.02 "}},{"type":"Feature","id":54109,"geometry":null,"properties":{"OBJECTID":54109,"PermitNum":202223248,"IssuedDate":1669968780000,"StatusCurrent":"Final Inspection Made                                       ","ApplicationType":"Int/Ext Alterations","Description":"Roof mounted solar","TotalCost":29174,"FinalCO":null,"FinalCODate":null,"CensusTract":"154.02 "}},{"type":"Feature","id":32596,"geometry":null,"properties":{"OBJECTID":32596,"PermitNum":202223296,"IssuedDate":1669881180000,"StatusCurrent":"Final Inspection Made                                       ","ApplicationType":"Int/Ext Alterations","Description":"Installation of a roof-mounted 5.135 kW solar PV system consisting of 13 modules and 1 inverter","TotalCost":15000,"FinalCO":null,"FinalCODate":null,"CensusTract":"103.00 "}},{"type":"Feature","id":29912,"geometry":null,"properties":{"OBJECTID":29912,"PermitNum":202221498,"IssuedDate":1669110840000,"StatusCurrent":"Final Inspection Made                                       ","ApplicationType":"Int/Ext Alterations","Description":"PV Solar installation; 9.200 kW system with 23 panels.","TotalCost":12000,"FinalCO":"Y","FinalCODate":1700061120000,"CensusTract":"153.01 "}},{"type":"Feature","id":48181,"geometry":null,"properties":{"OBJECTID":48181,"PermitNum":202204490,"IssuedDate":1668769800000,"StatusCurrent":"Final Inspection Made                                       ","ApplicationType":"Int/Ext Alterations","Description":"INSTALLATION OF UTILITY INTERACTIVE PHOTOVOLTAIC SOLAR SYSTEM AND ANY NECESSARY ADDITIONAL","TotalCost":8661,"FinalCO":"Y","FinalCODate":1682330400000,"CensusTract":"119.04 "}},{"type":"Feature","id":19603,"geometry":null,"properties":{"OBJECTID":19603,"PermitNum":202222538,"IssuedDate":1668673260000,"StatusCurrent":"Final Inspection Made                                       ","ApplicationType":"Int/Ext Alterations","Description":"Installation of roof mounted PV solar.","TotalCost":35453,"FinalCO":null,"FinalCODate":null,"CensusTract":"128.03 "}},{"type":"Feature","id":52086,"geometry":null,"properties":{"OBJECTID":52086,"PermitNum":202222473,"IssuedDate":1668507600000,"StatusCurrent":"Final Inspection Made                                       ","ApplicationType":"Int/Ext Alterations","Description":"Installation of solar panels on existing residential roof. 8.8 kW. 22 panels.","TotalCost":11500,"FinalCO":"Y","FinalCODate":1709299020000,"CensusTract":"155.00 "}},{"type":"Feature","id":38677,"geometry":null,"properties":{"OBJECTID":38677,"PermitNum":202221792,"IssuedDate":1668414960000,"StatusCurrent":"Final Inspection Made                                       ","ApplicationType":"Int/Ext Alterations","Description":"\t\r\n20 panel roof mounted solar P/V install on single family home 7.6 kW AC","TotalCost":24021,"FinalCO":null,"FinalCODate":null,"CensusTract":"104.03 "}},{"type":"Feature","id":58082,"geometry":null,"properties":{"OBJECTID":58082,"PermitNum":202222298,"IssuedDate":1668095040000,"StatusCurrent":"Final Inspection Made                                       ","ApplicationType":"Int/Ext Alterations","Description":"Installation of 6.56KW roof mounted PV Solar System- 16 panels, with a new 200amp main service pa...","TotalCost":29877,"FinalCO":"Y","FinalCODate":1688388180000,"CensusTract":"151.00 "}},{"type":"Feature","id":34905,"geometry":null,"properties":{"OBJECTID":34905,"PermitNum":202222170,"IssuedDate":1668079140000,"StatusCurrent":"Final Inspection Made                                       ","ApplicationType":"Int/Ext Alterations","Description":"Installation of 15 roof mounted solar panels on a existing residence.","TotalCost":35708,"FinalCO":null,"FinalCODate":null,"CensusTract":"103.00 "}},{"type":"Feature","id":30055,"geometry":null,"properties":{"OBJECTID":30055,"PermitNum":202222070,"IssuedDate":1667914560000,"StatusCurrent":"Final Inspection Made                                       ","ApplicationType":"Int/Ext Alterations","Description":"Installation of 5.72KW roof mounted PV solar system-13panels,  and upgrading the existing main service panel to a NEW 200amp msp","TotalCost":35067,"FinalCO":null,"FinalCODate":null,"CensusTract":"101.00 "}},{"type":"Feature","id":46629,"geometry":null,"properties":{"OBJECTID":46629,"PermitNum":202221889,"IssuedDate":1667914500000,"StatusCurrent":"Final Inspection Made                                       ","ApplicationType":"Int/Ext Alterations","Description":"Rooftop Solar Installation 6kW(15 panels)","TotalCost":12000,"FinalCO":null,"FinalCODate":null,"CensusTract":"119.05 "}},{"type":"Feature","id":56121,"geometry":null,"properties":{"OBJECTID":56121,"PermitNum":202221799,"IssuedDate":1667569560000,"StatusCurrent":"Final Inspection Made                                       ","ApplicationType":"Int/Ext Alterations","Description":"Residential rooftop PV Solar install - Installing 23 Canadian Solar 395w modules using Unirac'","TotalCost":55899,"FinalCO":null,"FinalCODate":null,"CensusTract":"155.00 "}},{"type":"Feature","id":33796,"geometry":null,"properties":{"OBJECTID":33796,"PermitNum":202221823,"IssuedDate":1667567040000,"StatusCurrent":"Final Inspection Made                                       ","ApplicationType":"Int/Ext Alterations","Description":"\t\r\nInstallation of solar panels, flat on a residential roof","TotalCost":18304,"FinalCO":null,"FinalCODate":null,"CensusTract":"101.00 "}},{"type":"Feature","id":35294,"geometry":null,"properties":{"OBJECTID":35294,"PermitNum":202220285,"IssuedDate":1667211300000,"StatusCurrent":"Final Inspection Made                                       ","ApplicationType":"Int/Ext Alterations","Description":"solar installation.","TotalCost":217546,"FinalCO":null,"FinalCODate":null,"CensusTract":"103.00 "}},{"type":"Feature","id":3265,"geometry":null,"properties":{"OBJECTID":3265,"PermitNum":202220927,"IssuedDate":1666970160000,"StatusCurrent":"Final Inspection Made                                       ","ApplicationType":"Int/Ext Alterations","Description":"Installation of roof mounted PV solar.","TotalCost":37054,"FinalCO":null,"FinalCODate":null,"CensusTract":"126.11 "}},{"type":"Feature","id":48593,"geometry":null,"properties":{"OBJECTID":48593,"PermitNum":202221161,"IssuedDate":1666884960000,"StatusCurrent":"Final Inspection Made                                       ","ApplicationType":"Int/Ext Alterations","Description":"Solar pv rooftop and interconnection system","TotalCost":29000,"FinalCO":null,"FinalCODate":null,"CensusTract":"160.09 "}},{"type":"Feature","id":23318,"geometry":null,"properties":{"OBJECTID":23318,"PermitNum":202221292,"IssuedDate":1666880940000,"StatusCurrent":"Final Inspection Made                                       ","ApplicationType":"Int/Ext Alterations","Description":"20.67kW PV Solar Panel Installation on Roof - 53 panels","TotalCost":18648,"FinalCO":null,"FinalCODate":null,"CensusTract":"105.00 "}},{"type":"Feature","id":9011,"geometry":null,"properties":{"OBJECTID":9011,"PermitNum":202219732,"IssuedDate":1666359660000,"StatusCurrent":"Final Inspection Made                                       ","ApplicationType":"Int/Ext Alterations","Description":"Rooftop Solar Installation 13.6kW(34 panels), 225A Main Panel Upgrade","TotalCost":29200,"FinalCO":"Y","FinalCODate":1681823880000,"CensusTract":"126.07 "}},{"type":"Feature","id":8087,"geometry":null,"properties":{"OBJECTID":8087,"PermitNum":202220712,"IssuedDate":1666173660000,"StatusCurrent":"Final Inspection Made                                       ","ApplicationType":"Int/Ext Alterations","Description":"Residential rooftop PV Solar install - Installing 19 Canadian Solar 390w modules using Unirac's S...","TotalCost":49866,"FinalCO":"Y","FinalCODate":1684237620000,"CensusTract":"126.04 "}},{"type":"Feature","id":4217,"geometry":null,"properties":{"OBJECTID":4217,"PermitNum":202220710,"IssuedDate":1666172700000,"StatusCurrent":"Final Inspection Made                                       ","ApplicationType":"Int/Ext Alterations","Description":"Solar installation.","TotalCost":14695,"FinalCO":null,"FinalCODate":null,"CensusTract":"126.12 "}},{"type":"Feature","id":6669,"geometry":null,"properties":{"OBJECTID":6669,"PermitNum":202218285,"IssuedDate":1665569460000,"StatusCurrent":"Final Inspection Made                                       ","ApplicationType":"Int/Ext Alterations","Description":"\t\r\nInstall a roof mount 6.4 Kilowatt solar system","TotalCost":17500,"FinalCO":null,"FinalCODate":null,"CensusTract":"126.04 "}},{"type":"Feature","id":58223,"geometry":null,"properties":{"OBJECTID":58223,"PermitNum":202214743,"IssuedDate":1665505620000,"StatusCurrent":"Final Inspection Made                                       ","ApplicationType":"Int/Ext Alterations","Description":"To install a 7.04kw pv array roof mounted solar system with 16 panels","TotalCost":12560,"FinalCO":null,"FinalCODate":null,"CensusTract":"151.00 "}},{"type":"Feature","id":55864,"geometry":null,"properties":{"OBJECTID":55864,"PermitNum":202220439,"IssuedDate":1665479460000,"StatusCurrent":"Final Inspection Made                                       ","ApplicationType":"Int/Ext Alterations","Description":"\t\r\nRooftop Solar Installation 7.2kW(18 panels)","TotalCost":14400,"FinalCO":"Y","FinalCODate":1679902560000,"CensusTract":"155.00 "}},{"type":"Feature","id":5458,"geometry":null,"properties":{"OBJECTID":5458,"PermitNum":202218215,"IssuedDate":1665478920000,"StatusCurrent":"Final Inspection Made                                       ","ApplicationType":"Int/Ext Alterations","Description":"PV Solar Installation on existing roof.","TotalCost":33000,"FinalCO":"Y","FinalCODate":1694677740000,"CensusTract":"165.06 "}},{"type":"Feature","id":28691,"geometry":null,"properties":{"OBJECTID":28691,"PermitNum":202220528,"IssuedDate":1665475680000,"StatusCurrent":"Final Inspection Made                                       ","ApplicationType":"Int/Ext Alterations","Description":"\t\r\nInstallation of 24 roof mounted solar panels on a existing residence.","TotalCost":48428,"FinalCO":null,"FinalCODate":null,"CensusTract":"161.02 "}},{"type":"Feature","id":6452,"geometry":null,"properties":{"OBJECTID":6452,"PermitNum":202213328,"IssuedDate":1665139320000,"StatusCurrent":"Final Inspection Made                                       ","ApplicationType":"Int/Ext Alterations","Description":"66 panel roof mounted solar installation on an existing residence with coinciding wiring","TotalCost":103820,"FinalCO":"Y","FinalCODate":1686326340000,"CensusTract":"126.10 "}},{"type":"Feature","id":8469,"geometry":null,"properties":{"OBJECTID":8469,"PermitNum":202219990,"IssuedDate":1664791680000,"StatusCurrent":"Final Inspection Made                                       ","ApplicationType":"Int/Ext Alterations","Description":"Residential rooftop PV SOLAR install- Installing 16 Canadian Solar 385w modules using Unirac's","TotalCost":36160,"FinalCO":null,"FinalCODate":null,"CensusTract":"128.05 "}},{"type":"Feature","id":12025,"geometry":null,"properties":{"OBJECTID":12025,"PermitNum":202220138,"IssuedDate":1664788020000,"StatusCurrent":"Final Inspection Made                                       ","ApplicationType":"Int/Ext Alterations","Description":"\t\r\nINSTALLATION OF UTILITY INTERACTIVE PHOTOVOLTAIC SOLAR SYSTEM AND ANY NECESSARY ADDITIONAL","TotalCost":4574,"FinalCO":null,"FinalCODate":null,"CensusTract":"116.01 "}},{"type":"Feature","id":39645,"geometry":null,"properties":{"OBJECTID":39645,"PermitNum":202219731,"IssuedDate":1664368980000,"StatusCurrent":"Final Inspection Made                                       ","ApplicationType":"Int/Ext Alterations","Description":"Installation of 37 roof mounted solar panels array via DOI opt 2","TotalCost":38480,"FinalCO":null,"FinalCODate":null,"CensusTract":"125.10 "}},{"type":"Feature","id":13941,"geometry":null,"properties":{"OBJECTID":13941,"PermitNum":202214940,"IssuedDate":1664184120000,"StatusCurrent":"Final Inspection Made                                       ","ApplicationType":"Int/Ext Alterations","Description":"Installation of solar panels on a residential roof.","TotalCost":16480,"FinalCO":"Y","FinalCODate":1676964780000,"CensusTract":"113.00 "}},{"type":"Feature","id":39938,"geometry":null,"properties":{"OBJECTID":39938,"PermitNum":202219232,"IssuedDate":1663927920000,"StatusCurrent":"Final Inspection Made                                       ","ApplicationType":"Int/Ext Alterations","Description":"Residential rooftop PV Solar install","TotalCost":40229,"FinalCO":null,"FinalCODate":null,"CensusTract":"125.10 "}},{"type":"Feature","id":12187,"geometry":null,"properties":{"OBJECTID":12187,"PermitNum":202219606,"IssuedDate":1663927800000,"StatusCurrent":"Final Inspection Made                                       ","ApplicationType":"Int/Ext Alterations","Description":"Installation of 12 roof mounted solar panels on a existing residence.","TotalCost":33306,"FinalCO":null,"FinalCODate":null,"CensusTract":"116.02 "}},{"type":"Feature","id":57700,"geometry":null,"properties":{"OBJECTID":57700,"PermitNum":202219597,"IssuedDate":1663927680000,"StatusCurrent":"Final Inspection Made                                       ","ApplicationType":"Int/Ext Alterations","Description":"Installation of 24 roof mounted solar panels on a existing residence.","TotalCost":51278,"FinalCO":"Y","FinalCODate":1680708420000,"CensusTract":"151.00 "}},{"type":"Feature","id":8347,"geometry":null,"properties":{"OBJECTID":8347,"PermitNum":202219458,"IssuedDate":1663927500000,"StatusCurrent":"Final Inspection Made                                       ","ApplicationType":"Int/Ext Alterations","Description":"Installation of a roof-mounted 8.295 kW solar PV system consisting of 21 modules and 1 inverter","TotalCost":28720,"FinalCO":null,"FinalCODate":null,"CensusTract":"128.05 "}},{"type":"Feature","id":7101,"geometry":null,"properties":{"OBJECTID":7101,"PermitNum":202219433,"IssuedDate":1663927380000,"StatusCurrent":"Final Inspection Made                                       ","ApplicationType":"Int/Ext Alterations","Description":"Rooftop Solar Installation 5.2kW(13 panels)","TotalCost":10400,"FinalCO":null,"FinalCODate":null,"CensusTract":"126.10 "}},{"type":"Feature","id":53614,"geometry":null,"properties":{"OBJECTID":53614,"PermitNum":202219231,"IssuedDate":1663927200000,"StatusCurrent":"Final Inspection Made                                       ","ApplicationType":"Int/Ext Alterations","Description":"\t\r\nTo install a 12.32kw pv array roof mounted solar system with 28 panels","TotalCost":20480,"FinalCO":"Y","FinalCODate":1687951740000,"CensusTract":"154.02 "}},{"type":"Feature","id":12333,"geometry":null,"properties":{"OBJECTID":12333,"PermitNum":202219218,"IssuedDate":1663926600000,"StatusCurrent":"Final Inspection Made                                       ","ApplicationType":"Int/Ext Alterations","Description":"Rooftop Solar Installation 4kW(10 panels)","TotalCost":8000,"FinalCO":null,"FinalCODate":null,"CensusTract":"116.01 "}},{"type":"Feature","id":19730,"geometry":null,"properties":{"OBJECTID":19730,"PermitNum":202215825,"IssuedDate":1663922820000,"StatusCurrent":"Final Inspection Made                                       ","ApplicationType":"Int/Ext Alterations","Description":"30 solar panels installed on roof.","TotalCost":50955,"FinalCO":null,"FinalCODate":null,"CensusTract":"153.02 "}},{"type":"Feature","id":22698,"geometry":null,"properties":{"OBJECTID":22698,"PermitNum":202216773,"IssuedDate":1663843620000,"StatusCurrent":"Final Inspection Made                                       ","ApplicationType":"Int/Ext Alterations","Description":"installation of 22 rooftop solar panels 8.80 kwdc 465 array SF replacement permit to change contractor per Will Lilley","TotalCost":0,"FinalCO":null,"FinalCODate":null,"CensusTract":"127.07 "}},{"type":"Feature","id":3301,"geometry":null,"properties":{"OBJECTID":3301,"PermitNum":202219074,"IssuedDate":1663838820000,"StatusCurrent":"Final Inspection Made                                       ","ApplicationType":"Int/Ext Alterations","Description":"Residential rooftop PV Solar install - Installing 22 Canadian Solar 395w modules using Unirac's","TotalCost":42185,"FinalCO":null,"FinalCODate":null,"CensusTract":"128.04 "}},{"type":"Feature","id":51574,"geometry":null,"properties":{"OBJECTID":51574,"PermitNum":202218926,"IssuedDate":1663748100000,"StatusCurrent":"Final Inspection Made                                       ","ApplicationType":"Int/Ext Alterations","Description":"Installation of 17 roof mounted solar panels on a existing residence.","TotalCost":38120,"FinalCO":"Y","FinalCODate":1685446740000,"CensusTract":"119.04 "}},{"type":"Feature","id":50969,"geometry":null,"properties":{"OBJECTID":50969,"PermitNum":202218909,"IssuedDate":1663747860000,"StatusCurrent":"Final Inspection Made                                       ","ApplicationType":"Int/Ext Alterations","Description":"\t\r\nInstallation of 14 Residential Roof Mounted Solar Panels 5.6 kW DC 295.82 SF Array","TotalCost":11200,"FinalCO":null,"FinalCODate":null,"CensusTract":"119.04 "}},{"type":"Feature","id":54784,"geometry":null,"properties":{"OBJECTID":54784,"PermitNum":202216606,"IssuedDate":1663665600000,"StatusCurrent":"Final Inspection Made                                       ","ApplicationType":"Int/Ext Alterations","Description":"INSTALLATION OF UTILITY INTERACTIVE PHOTOVOLTAIC SOLAR SYSTEM AND ANY NECESSARY ADDITIONAL WORK","TotalCost":2815,"FinalCO":"Y","FinalCODate":1681978200000,"CensusTract":"154.02 "}},{"type":"Feature","id":47274,"geometry":null,"properties":{"OBJECTID":47274,"PermitNum":202217838,"IssuedDate":1663663560000,"StatusCurrent":"Final Inspection Made                                       ","ApplicationType":"Int/Ext Alterations","Description":"Installation of 16 Residential Roof Mounted Solar Panels 6.4 kW DC 337.92 SF Array","TotalCost":16728,"FinalCO":null,"FinalCODate":null,"CensusTract":"154.02 "}},{"type":"Feature","id":11490,"geometry":null,"properties":{"OBJECTID":11490,"PermitNum":202217387,"IssuedDate":1663663380000,"StatusCurrent":"Final Inspection Made                                       ","ApplicationType":"Int/Ext Alterations","Description":"INSTALLATION OF UTILITY INTERACTIVE PHOTOVOLTAIC SOLAR SYSTEM AND ANY NECESSARY ADDITIONAL WORK","TotalCost":3167,"FinalCO":"Y","FinalCODate":1682329980000,"CensusTract":"115.00 "}},{"type":"Feature","id":47135,"geometry":null,"properties":{"OBJECTID":47135,"PermitNum":202216948,"IssuedDate":1663663200000,"StatusCurrent":"Final Inspection Made                                       ","ApplicationType":"Int/Ext Alterations","Description":"\t\r\nINSTALLATION OF UTILITY INTERACTIVE PHOTOVOLTAIC SOLAR SYSTEM AND ANY NECESSARY ADDITIONAL WORK","TotalCost":4926,"FinalCO":null,"FinalCODate":null,"CensusTract":"160.08 "}},{"type":"Feature","id":31077,"geometry":null,"properties":{"OBJECTID":31077,"PermitNum":202216867,"IssuedDate":1663660920000,"StatusCurrent":"Final Inspection Made                                       ","ApplicationType":"Int/Ext Alterations","Description":"\t\r\nINSTALLATION OF UTILITY INTERACTIVE PHOTOVOLTAIC SOLAR SYSTEM AND ANY NECESSARY ADDITIONAL WORK","TotalCost":2815,"FinalCO":null,"FinalCODate":null,"CensusTract":"104.01 "}},{"type":"Feature","id":19885,"geometry":null,"properties":{"OBJECTID":19885,"PermitNum":202213396,"IssuedDate":1663594080000,"StatusCurrent":"Final Inspection Made                                       ","ApplicationType":"Int/Ext Alterations","Description":"installing 22 roof mounted solar panels on an existing residential structure with coinciding wiring","TotalCost":46427,"FinalCO":null,"FinalCODate":null,"CensusTract":"153.02 "}},{"type":"Feature","id":46876,"geometry":null,"properties":{"OBJECTID":46876,"PermitNum":202216603,"IssuedDate":1663579560000,"StatusCurrent":"Final Inspection Made                                       ","ApplicationType":"Int/Ext Alterations","Description":"INSTALLATION OF UTILITY INTERACTIVE PHOTOVOLTAIC SOLAR SYSTEM AND ANY NECESSARY ADDITIONAL WORK","TotalCost":8796,"FinalCO":"Y","FinalCODate":1685447640000,"CensusTract":"157.03 "}},{"type":"Feature","id":40342,"geometry":null,"properties":{"OBJECTID":40342,"PermitNum":202218811,"IssuedDate":1663228680000,"StatusCurrent":"Final Inspection Made                                       ","ApplicationType":"Int/Ext Alterations","Description":"INSTALLATION OF UTILITY INTERACTIVE PHOTOVOLTAIC SOLAR SYSTEM AND ANY NECESSARY ADDITIONAL WORK","TotalCost":8093,"FinalCO":null,"FinalCODate":null,"CensusTract":"125.08 "}},{"type":"Feature","id":45448,"geometry":null,"properties":{"OBJECTID":45448,"PermitNum":202218816,"IssuedDate":1663082400000,"StatusCurrent":"Final Inspection Made                                       ","ApplicationType":"Int/Ext Alterations","Description":"\t\r\nRooftop Solar Installation 5.6kW(14 panels)","TotalCost":11200,"FinalCO":null,"FinalCODate":null,"CensusTract":"119.05 "}},{"type":"Feature","id":9198,"geometry":null,"properties":{"OBJECTID":9198,"PermitNum":202218818,"IssuedDate":1663081980000,"StatusCurrent":"Final Inspection Made                                       ","ApplicationType":"Int/Ext Alterations","Description":"\t\r\nRooftop Solar Installation 8kW(20 panels)","TotalCost":16000,"FinalCO":null,"FinalCODate":null,"CensusTract":"126.07 "}},{"type":"Feature","id":59036,"geometry":null,"properties":{"OBJECTID":59036,"PermitNum":202218655,"IssuedDate":1662974520000,"StatusCurrent":"Final Inspection Made                                       ","ApplicationType":"Int/Ext Alterations","Description":"Installation of 15 roof mounted solar panels on a existing residence.","TotalCost":34708,"FinalCO":"Y","FinalCODate":1682331600000,"CensusTract":"151.00 "}},{"type":"Feature","id":58524,"geometry":null,"properties":{"OBJECTID":58524,"PermitNum":202215280,"IssuedDate":1662971460000,"StatusCurrent":"Final Inspection Made                                       ","ApplicationType":"Int/Ext Alterations","Description":"INSTALLATION OF UTILITY INTERACTIVE PHOTOVOLTAIC SOLAR SYSTEM AND ANY NECESSARY ADDITIONAL","TotalCost":2887,"FinalCO":"Y","FinalCODate":1677770820000,"CensusTract":"151.00 "}},{"type":"Feature","id":5935,"geometry":null,"properties":{"OBJECTID":5935,"PermitNum":202218515,"IssuedDate":1662713880000,"StatusCurrent":"Final Inspection Made                                       ","ApplicationType":"Int/Ext Alterations","Description":"Installation of 37 roof mounted solar panels on a existing residence.","TotalCost":80245,"FinalCO":null,"FinalCODate":null,"CensusTract":"128.05 "}},{"type":"Feature","id":5402,"geometry":null,"properties":{"OBJECTID":5402,"PermitNum":202218721,"IssuedDate":1662713640000,"StatusCurrent":"Final Inspection Made                                       ","ApplicationType":"Int/Ext Alterations","Description":"Rooftop Solar Installation 17.6kW(44 panels)","TotalCost":35200,"FinalCO":null,"FinalCODate":null,"CensusTract":"165.06 "}},{"type":"Feature","id":2144,"geometry":null,"properties":{"OBJECTID":2144,"PermitNum":202210422,"IssuedDate":1662648120000,"StatusCurrent":"Final Inspection Made                                       ","ApplicationType":"Int/Ext Alterations","Description":"\t\r\nInstallation of roof mounted solar panels","TotalCost":40900,"FinalCO":"Y","FinalCODate":1686669240000,"CensusTract":"167.01 "}},{"type":"Feature","id":6153,"geometry":null,"properties":{"OBJECTID":6153,"PermitNum":202218287,"IssuedDate":1662544740000,"StatusCurrent":"Final Inspection Made                                       ","ApplicationType":"Int/Ext Alterations","Description":"Installation of 33 roof mounted solar panels on a existing residence.","TotalCost":59418,"FinalCO":null,"FinalCODate":null,"CensusTract":"128.03 "}},{"type":"Feature","id":58094,"geometry":null,"properties":{"OBJECTID":58094,"PermitNum":202218010,"IssuedDate":1662543240000,"StatusCurrent":"Final Inspection Made                                       ","ApplicationType":"Int/Ext Alterations","Description":"Installation of 25 residential roof mounted solar panels 10.00 kW DC 528.25 array sq. ft.","TotalCost":25000,"FinalCO":null,"FinalCODate":null,"CensusTract":"151.00 "}},{"type":"Feature","id":27415,"geometry":null,"properties":{"OBJECTID":27415,"PermitNum":202218286,"IssuedDate":1662542880000,"StatusCurrent":"Final Inspection Made                                       ","ApplicationType":"Int/Ext Alterations","Description":"installation of 22 roof mounted solar panels array via DOI option 2","TotalCost":21619,"FinalCO":null,"FinalCODate":null,"CensusTract":"125.05 "}},{"type":"Feature","id":12254,"geometry":null,"properties":{"OBJECTID":12254,"PermitNum":202217849,"IssuedDate":1662469020000,"StatusCurrent":"Final Inspection Made                                       ","ApplicationType":"Int/Ext Alterations","Description":"Installation of 21 solar panels on the roof of the residence","TotalCost":53547,"FinalCO":null,"FinalCODate":null,"CensusTract":"172.00 "}},{"type":"Feature","id":2760,"geometry":null,"properties":{"OBJECTID":2760,"PermitNum":202218283,"IssuedDate":1662115200000,"StatusCurrent":"Final Inspection Made                                       ","ApplicationType":"Int/Ext Alterations","Description":"Rooftop Solar Installation 6.4kW(16 panels)","TotalCost":12800,"FinalCO":"Y","FinalCODate":1677072120000,"CensusTract":"126.12 "}},{"type":"Feature","id":58194,"geometry":null,"properties":{"OBJECTID":58194,"PermitNum":202217850,"IssuedDate":1661960700000,"StatusCurrent":"Final Inspection Made                                       ","ApplicationType":"Int/Ext Alterations","Description":"Installation of roof mounted solar PV system with wiring","TotalCost":33996,"FinalCO":null,"FinalCODate":null,"CensusTract":"151.00 "}},{"type":"Feature","id":235,"geometry":null,"properties":{"OBJECTID":235,"PermitNum":202218218,"IssuedDate":1661960640000,"StatusCurrent":"Final Inspection Made                                       ","ApplicationType":"Int/Ext Alterations","Description":"Installation of 14 roof mounted solar panels on a existing residence.","TotalCost":36890,"FinalCO":"Y","FinalCODate":1682582040000,"CensusTract":"167.01 "}},{"type":"Feature","id":48671,"geometry":null,"properties":{"OBJECTID":48671,"PermitNum":202216951,"IssuedDate":1661846760000,"StatusCurrent":"Final Inspection Made                                       ","ApplicationType":"Int/Ext Alterations","Description":"Installation of 18 Residential Roof Mounted Solar Panels 7.2 kW DC 380 SF Array","TotalCost":18308,"FinalCO":null,"FinalCODate":null,"CensusTract":"154.02 "}},{"type":"Feature","id":55190,"geometry":null,"properties":{"OBJECTID":55190,"PermitNum":202217638,"IssuedDate":1661762640000,"StatusCurrent":"Final Inspection Made                                       ","ApplicationType":"Int/Ext Alterations","Description":"\t\r\ninstallation of roof mounted solar panels array via DOI option 2","TotalCost":39320,"FinalCO":"Y","FinalCODate":1675436400000,"CensusTract":"157.04 "}},{"type":"Feature","id":243,"geometry":null,"properties":{"OBJECTID":243,"PermitNum":202213607,"IssuedDate":1661529720000,"StatusCurrent":"Final Inspection Made                                       ","ApplicationType":"Int/Ext Alterations","Description":"\t\r\nInstallation of roof mounted solar panels - 20 panels","TotalCost":38400,"FinalCO":null,"FinalCODate":null,"CensusTract":"167.01 "}},{"type":"Feature","id":58532,"geometry":null,"properties":{"OBJECTID":58532,"PermitNum":202217631,"IssuedDate":1661421480000,"StatusCurrent":"Final Inspection Made                                       ","ApplicationType":"Int/Ext Alterations","Description":"\t\r\nInstallation of 15.6 kW roof-mounted, residential solar system","TotalCost":23900,"FinalCO":null,"FinalCODate":null,"CensusTract":"151.00 "}},{"type":"Feature","id":39625,"geometry":null,"properties":{"OBJECTID":39625,"PermitNum":202217650,"IssuedDate":1661328300000,"StatusCurrent":"Final Inspection Made                                       ","ApplicationType":"Int/Ext Alterations","Description":"Rooftop Solar Installation 5.6kW(14 panels), 200A Main Panel Upgrade","TotalCost":14200,"FinalCO":null,"FinalCODate":null,"CensusTract":"125.08 "}},{"type":"Feature","id":36746,"geometry":null,"properties":{"OBJECTID":36746,"PermitNum":202216556,"IssuedDate":1661172960000,"StatusCurrent":"Final Inspection Made                                       ","ApplicationType":"Int/Ext Alterations","Description":"Installation of 15 roof mounted solar panels on a existing residence.","TotalCost":34708,"FinalCO":"Y","FinalCODate":1693567620000,"CensusTract":"127.05 "}},{"type":"Feature","id":19591,"geometry":null,"properties":{"OBJECTID":19591,"PermitNum":202216558,"IssuedDate":1661172840000,"StatusCurrent":"Final Inspection Made                                       ","ApplicationType":"Int/Ext Alterations","Description":"Rooftop Solar Installation 16kW(40 panels)","TotalCost":32000,"FinalCO":null,"FinalCODate":null,"CensusTract":"153.02 "}},{"type":"Feature","id":3066,"geometry":null,"properties":{"OBJECTID":3066,"PermitNum":202216265,"IssuedDate":1661172420000,"StatusCurrent":"Final Inspection Made                                       ","ApplicationType":"Int/Ext Alterations","Description":"Rooftop Solar Installation 8.4kW(21 panels)","TotalCost":16800,"FinalCO":null,"FinalCODate":null,"CensusTract":"126.12 "}},{"type":"Feature","id":55726,"geometry":null,"properties":{"OBJECTID":55726,"PermitNum":202216604,"IssuedDate":1660552320000,"StatusCurrent":"Final Inspection Made                                       ","ApplicationType":"Int/Ext Alterations","Description":"INSTALLATION OF UTILITY INTERACTIVE PHOTOVOLTAIC SOLAR SYSTEM AND ANY NECESSARY ADDITIONAL WORK","TotalCost":11259,"FinalCO":"Y","FinalCODate":1682332380000,"CensusTract":"155.00 "}},{"type":"Feature","id":12548,"geometry":null,"properties":{"OBJECTID":12548,"PermitNum":202216560,"IssuedDate":1660552200000,"StatusCurrent":"Final Inspection Made                                       ","ApplicationType":"Int/Ext Alterations","Description":"INSTALLATION OF UTILITY INTERACTIVE PHOTOVOLTAIC SOLAR SYSTEM AND ANY NECESSARY ADDITIONAL WORK","TotalCost":10466,"FinalCO":null,"FinalCODate":null,"CensusTract":"115.00 "}},{"type":"Feature","id":10310,"geometry":null,"properties":{"OBJECTID":10310,"PermitNum":202216350,"IssuedDate":1660552080000,"StatusCurrent":"Final Inspection Made                                       ","ApplicationType":"Int/Ext Alterations","Description":"Installation of solar panels on a residential roof.","TotalCost":16192,"FinalCO":null,"FinalCODate":null,"CensusTract":"114.00 "}},{"type":"Feature","id":3396,"geometry":null,"properties":{"OBJECTID":3396,"PermitNum":202216860,"IssuedDate":1660234860000,"StatusCurrent":"Final Inspection Made                                       ","ApplicationType":"Int/Ext Alterations","Description":"installation of 21 rooftop solar panels, 8.40 KWDC , 444 Array SF replacement permit of 202213361 - change of contractor per Will Lilley","TotalCost":0,"FinalCO":null,"FinalCODate":null,"CensusTract":"126.12 "}},{"type":"Feature","id":2680,"geometry":null,"properties":{"OBJECTID":2680,"PermitNum":202216772,"IssuedDate":1660150500000,"StatusCurrent":"Final Inspection Made                                       ","ApplicationType":"Int/Ext Alterations","Description":"installation of 20 rooftop solar panels 8.00 kwde 423 aray SF replacement permit to change contractor per Will Lilley","TotalCost":0,"FinalCO":null,"FinalCODate":null,"CensusTract":"126.12 "}},{"type":"Feature","id":25929,"geometry":null,"properties":{"OBJECTID":25929,"PermitNum":202214939,"IssuedDate":1660033380000,"StatusCurrent":"Final Inspection Made                                       ","ApplicationType":"Int/Ext Alterations","Description":"Installation of 7.500 kW Roof Mounted Solar System","TotalCost":20900,"FinalCO":null,"FinalCODate":null,"CensusTract":"125.05 "}},{"type":"Feature","id":34,"geometry":null,"properties":{"OBJECTID":34,"PermitNum":202216260,"IssuedDate":1659970260000,"StatusCurrent":"Final Inspection Made                                       ","ApplicationType":"Int/Ext Alterations","Description":"To install a 9.68kw pv array roof mounted solar system with 22 panels","TotalCost":16520,"FinalCO":null,"FinalCODate":null,"CensusTract":"171.01 "}},{"type":"Feature","id":51578,"geometry":null,"properties":{"OBJECTID":51578,"PermitNum":202215971,"IssuedDate":1659967020000,"StatusCurrent":"Final Inspection Made                                       ","ApplicationType":"Int/Ext Alterations","Description":"roof mounted solar system","TotalCost":19584,"FinalCO":null,"FinalCODate":null,"CensusTract":"154.02 "}},{"type":"Feature","id":29529,"geometry":null,"properties":{"OBJECTID":29529,"PermitNum":202216284,"IssuedDate":1659957060000,"StatusCurrent":"Final Inspection Made                                       ","ApplicationType":"Int/Ext Alterations","Description":"Rooftop Solar Installation 11.6kW(29 panels), 200A Main Panel Upgrade","TotalCost":25200,"FinalCO":null,"FinalCODate":null,"CensusTract":"127.06 "}},{"type":"Feature","id":21332,"geometry":null,"properties":{"OBJECTID":21332,"PermitNum":202216335,"IssuedDate":1659957000000,"StatusCurrent":"Final Inspection Made                                       ","ApplicationType":"Int/Ext Alterations","Description":"installation of 19 roof mounted solar panels array via DOI option 2","TotalCost":24554,"FinalCO":null,"FinalCODate":null,"CensusTract":"106.02 "}},{"type":"Feature","id":3069,"geometry":null,"properties":{"OBJECTID":3069,"PermitNum":202215279,"IssuedDate":1659955140000,"StatusCurrent":"Final Inspection Made                                       ","ApplicationType":"Int/Ext Alterations","Description":"Rooftop Solar Installation 7.2kW(18 panels)","TotalCost":14400,"FinalCO":null,"FinalCODate":null,"CensusTract":"128.04 "}},{"type":"Feature","id":2163,"geometry":null,"properties":{"OBJECTID":2163,"PermitNum":202213294,"IssuedDate":1659699480000,"StatusCurrent":"Final Inspection Made                                       ","ApplicationType":"Int/Ext Alterations","Description":"The installation of roof mount solar panels via DOI option 2","TotalCost":22400,"FinalCO":null,"FinalCODate":null,"CensusTract":"167.01 "}},{"type":"Feature","id":41874,"geometry":null,"properties":{"OBJECTID":41874,"PermitNum":202215952,"IssuedDate":1659513300000,"StatusCurrent":"Final Inspection Made                                       ","ApplicationType":"Int/Ext Alterations","Description":"Installation of a roof-mounted 14.22 kW solar PV system consisting of 36 modules and 1 inverter","TotalCost":45300,"FinalCO":null,"FinalCODate":null,"CensusTract":"127.03 "}},{"type":"Feature","id":52716,"geometry":null,"properties":{"OBJECTID":52716,"PermitNum":202215830,"IssuedDate":1659458100000,"StatusCurrent":"Final Inspection Made                                       ","ApplicationType":"Int/Ext Alterations","Description":"Rooftop Solar Installation 10kW(25 panels)","TotalCost":20000,"FinalCO":null,"FinalCODate":null,"CensusTract":"160.08 "}},{"type":"Feature","id":3251,"geometry":null,"properties":{"OBJECTID":3251,"PermitNum":202215821,"IssuedDate":1659432120000,"StatusCurrent":"Final Inspection Made                                       ","ApplicationType":"Int/Ext Alterations","Description":"\t\r\nRooftop Solar Installation 8.4kW(21 panels), 200A Main Panel Upgrade","TotalCost":18800,"FinalCO":null,"FinalCODate":null,"CensusTract":"128.04 "}},{"type":"Feature","id":3447,"geometry":null,"properties":{"OBJECTID":3447,"PermitNum":202215628,"IssuedDate":1659431160000,"StatusCurrent":"Final Inspection Made                                       ","ApplicationType":"Int/Ext Alterations","Description":"\t\r\nRooftop Solar Installation 8kW(20 panels)","TotalCost":16000,"FinalCO":null,"FinalCODate":null,"CensusTract":"128.04 "}},{"type":"Feature","id":24207,"geometry":null,"properties":{"OBJECTID":24207,"PermitNum":202210013,"IssuedDate":1659363300000,"StatusCurrent":"Final Inspection Made                                       ","ApplicationType":"Int/Ext Alterations","Description":"Installation of 60 kW Roof Mounted Mounted Solar System at Church Building","TotalCost":111000,"FinalCO":null,"FinalCODate":null,"CensusTract":"105.00 "}},{"type":"Feature","id":18186,"geometry":null,"properties":{"OBJECTID":18186,"PermitNum":202214906,"IssuedDate":1658995020000,"StatusCurrent":"Final Inspection Made                                       ","ApplicationType":"Int/Ext Alterations","Description":"Installing 14 395w solar pv modules on roof.","TotalCost":32367,"FinalCO":null,"FinalCODate":null,"CensusTract":"112.01 "}},{"type":"Feature","id":47835,"geometry":null,"properties":{"OBJECTID":47835,"PermitNum":202214849,"IssuedDate":1658920260000,"StatusCurrent":"Final Inspection Made                                       ","ApplicationType":"Int/Ext Alterations","Description":"Rooftop Solar Installation 4.4kW(11 panels) and 200A Main Panel Upgrade","TotalCost":10800,"FinalCO":null,"FinalCODate":null,"CensusTract":"119.05 "}},{"type":"Feature","id":46674,"geometry":null,"properties":{"OBJECTID":46674,"PermitNum":202206104,"IssuedDate":1658919600000,"StatusCurrent":"Final Inspection Made                                       ","ApplicationType":"Int/Ext Alterations","Description":"PV Solar Installation on existing roof.","TotalCost":11400,"FinalCO":"Y","FinalCODate":1677845400000,"CensusTract":"160.07 "}},{"type":"Feature","id":30505,"geometry":null,"properties":{"OBJECTID":30505,"PermitNum":202215800,"IssuedDate":1658918940000,"StatusCurrent":"Final Inspection Made                                       ","ApplicationType":"Int/Ext Alterations","Description":"replacement for solar #202020034","TotalCost":0,"FinalCO":null,"FinalCODate":null,"CensusTract":"153.01 "}},{"type":"Feature","id":2674,"geometry":null,"properties":{"OBJECTID":2674,"PermitNum":202214670,"IssuedDate":1658912460000,"StatusCurrent":"Final Inspection Made                                       ","ApplicationType":"Int/Ext Alterations","Description":"\t\r\nRooftop Solar Installation 8kW(20 panels)","TotalCost":16000,"FinalCO":null,"FinalCODate":null,"CensusTract":"126.12 "}},{"type":"Feature","id":4010,"geometry":null,"properties":{"OBJECTID":4010,"PermitNum":202214559,"IssuedDate":1658912340000,"StatusCurrent":"Final Inspection Made                                       ","ApplicationType":"Int/Ext Alterations","Description":"Rooftop Solar Installation 4.8kW(12 panels)","TotalCost":9600,"FinalCO":null,"FinalCODate":null,"CensusTract":"128.04 "}},{"type":"Feature","id":52233,"geometry":null,"properties":{"OBJECTID":52233,"PermitNum":202214469,"IssuedDate":1658911980000,"StatusCurrent":"Final Inspection Made                                       ","ApplicationType":"Int/Ext Alterations","Description":"\t\r\nINSTALLATION OF UTILITY INTERACTIVE PHOTOVOLTAIC SOLAR SYSTEM AND ANY NECESSARY ADDITIONAL WORK N..","TotalCost":7578,"FinalCO":"Y","FinalCODate":1677682620000,"CensusTract":"155.00 "}},{"type":"Feature","id":20086,"geometry":null,"properties":{"OBJECTID":20086,"PermitNum":202214467,"IssuedDate":1658911680000,"StatusCurrent":"Final Inspection Made                                       ","ApplicationType":"Int/Ext Alterations","Description":"installation of 31 Solar Panels array via DOI option 2","TotalCost":43662,"FinalCO":null,"FinalCODate":null,"CensusTract":"106.02 "}},{"type":"Feature","id":52697,"geometry":null,"properties":{"OBJECTID":52697,"PermitNum":202214377,"IssuedDate":1658910480000,"StatusCurrent":"Final Inspection Made                                       ","ApplicationType":"Int/Ext Alterations","Description":"\t\r\n10 panel roof mounted solar installation on an existing residence with coinciding wiring.","TotalCost":27719,"FinalCO":"Y","FinalCODate":1687951980000,"CensusTract":"154.02 "}},{"type":"Feature","id":56773,"geometry":null,"properties":{"OBJECTID":56773,"PermitNum":202214455,"IssuedDate":1658910120000,"StatusCurrent":"Final Inspection Made                                       ","ApplicationType":"Int/Ext Alterations","Description":"\t\r\nRoof Top PV Solar 5.6KW 14 Panels.","TotalCost":11200,"FinalCO":"Y","FinalCODate":1674556800000,"CensusTract":"157.06 "}},{"type":"Feature","id":54650,"geometry":null,"properties":{"OBJECTID":54650,"PermitNum":202214744,"IssuedDate":1658909700000,"StatusCurrent":"Final Inspection Made                                       ","ApplicationType":"Int/Ext Alterations","Description":"INSTALLATION OF UTILITY INTERACTIVE PHOTOVOLTAIC SOLAR SYSTEM AND ANY NECESSARY ADDITIONAL WORK","TotalCost":5774,"FinalCO":"Y","FinalCODate":1687255320000,"CensusTract":"154.02 "}},{"type":"Feature","id":32283,"geometry":null,"properties":{"OBJECTID":32283,"PermitNum":202214385,"IssuedDate":1658845800000,"StatusCurrent":"Final Inspection Made                                       ","ApplicationType":"Int/Ext Alterations","Description":"Rooftop Solar Installation 9.6kW(24 panels)","TotalCost":19200,"FinalCO":null,"FinalCODate":null,"CensusTract":"128.03 "}},{"type":"Feature","id":3347,"geometry":null,"properties":{"OBJECTID":3347,"PermitNum":202214381,"IssuedDate":1658845680000,"StatusCurrent":"Final Inspection Made                                       ","ApplicationType":"Int/Ext Alterations","Description":"\t\r\nRooftop Solar Installation 10.4kW(26 panels)","TotalCost":20800,"FinalCO":null,"FinalCODate":null,"CensusTract":"126.12 "}},{"type":"Feature","id":3364,"geometry":null,"properties":{"OBJECTID":3364,"PermitNum":202213395,"IssuedDate":1658741220000,"StatusCurrent":"Final Inspection Made                                       ","ApplicationType":"Int/Ext Alterations","Description":"Rooftop Solar Installation 6kW(15 panels)","TotalCost":12000,"FinalCO":null,"FinalCODate":null,"CensusTract":"128.04 "}},{"type":"Feature","id":3553,"geometry":null,"properties":{"OBJECTID":3553,"PermitNum":202214557,"IssuedDate":1658492760000,"StatusCurrent":"Final Inspection Made                                       ","ApplicationType":"Int/Ext Alterations","Description":"Rooftop Solar Installation 10.8kW(27 panels)","TotalCost":21600,"FinalCO":null,"FinalCODate":null,"CensusTract":"126.12 "}},{"type":"Feature","id":7266,"geometry":null,"properties":{"OBJECTID":7266,"PermitNum":202213415,"IssuedDate":1658408340000,"StatusCurrent":"Final Inspection Made                                       ","ApplicationType":"Int/Ext Alterations","Description":"\t\r\n22 roof top solar panels, 8.80 kwdc, 465 array sq ft","TotalCost":20000,"FinalCO":null,"FinalCODate":null,"CensusTract":"165.06 "}},{"type":"Feature","id":4443,"geometry":null,"properties":{"OBJECTID":4443,"PermitNum":202213606,"IssuedDate":1658332560000,"StatusCurrent":"Final Inspection Made                                       ","ApplicationType":"Int/Ext Alterations","Description":"\t\r\nInstallation of solar panels on a residential roof.","TotalCost":21364,"FinalCO":null,"FinalCODate":null,"CensusTract":"126.20 "}},{"type":"Feature","id":58709,"geometry":null,"properties":{"OBJECTID":58709,"PermitNum":202210099,"IssuedDate":1658229300000,"StatusCurrent":"Final Inspection Made                                       ","ApplicationType":"Int/Ext Alterations","Description":"10 solar panels roof mounted","TotalCost":18615,"FinalCO":null,"FinalCODate":null,"CensusTract":"151.00 "}},{"type":"Feature","id":10857,"geometry":null,"properties":{"OBJECTID":10857,"PermitNum":202214072,"IssuedDate":1658150640000,"StatusCurrent":"Final Inspection Made                                       ","ApplicationType":"Int/Ext Alterations","Description":"Installation of solar panels on a residential roof.","TotalCost":13299,"FinalCO":"Y","FinalCODate":1679500320000,"CensusTract":"113.00 "}},{"type":"Feature","id":51589,"geometry":null,"properties":{"OBJECTID":51589,"PermitNum":202214231,"IssuedDate":1658148360000,"StatusCurrent":"Final Inspection Made                                       ","ApplicationType":"Int/Ext Alterations","Description":"\t\r\nRooftop Solar Installation 6.4kW(16 panels)","TotalCost":12800,"FinalCO":null,"FinalCODate":null,"CensusTract":"160.09 "}},{"type":"Feature","id":28379,"geometry":null,"properties":{"OBJECTID":28379,"PermitNum":202214077,"IssuedDate":1658148060000,"StatusCurrent":"Final Inspection Made                                       ","ApplicationType":"Int/Ext Alterations","Description":"INSTALLATION OF UTILITY INTERACTIVE PHOTOVOLTAIC SOLAR SYSTEM AND ANY NECESSARY ADDITIONAL WORK","TotalCost":5413,"FinalCO":null,"FinalCODate":null,"CensusTract":"125.05 "}},{"type":"Feature","id":6530,"geometry":null,"properties":{"OBJECTID":6530,"PermitNum":202213782,"IssuedDate":1657901760000,"StatusCurrent":"Final Inspection Made                                       ","ApplicationType":"Int/Ext Alterations","Description":"Installation of solar panels on a residential roof.","TotalCost":32054,"FinalCO":null,"FinalCODate":null,"CensusTract":"128.03 "}},{"type":"Feature","id":55586,"geometry":null,"properties":{"OBJECTID":55586,"PermitNum":202213417,"IssuedDate":1657901400000,"StatusCurrent":"Final Inspection Made                                       ","ApplicationType":"Int/Ext Alterations","Description":"17 panel roof mounted solar installation on an existing residence with coinciding wiring.","TotalCost":35247,"FinalCO":"Y","FinalCODate":1683631320000,"CensusTract":"157.07 "}},{"type":"Feature","id":7347,"geometry":null,"properties":{"OBJECTID":7347,"PermitNum":202213299,"IssuedDate":1657803660000,"StatusCurrent":"Final Inspection Made                                       ","ApplicationType":"Int/Ext Alterations","Description":"Installation of roof mounted solar panels. 8.00KWDC, 20 Solar Panels, 369.6Sq","TotalCost":20000,"FinalCO":null,"FinalCODate":null,"CensusTract":"126.17 "}},{"type":"Feature","id":55757,"geometry":null,"properties":{"OBJECTID":55757,"PermitNum":202213389,"IssuedDate":1657800660000,"StatusCurrent":"Final Inspection Made                                       ","ApplicationType":"Int/Ext Alterations","Description":"17 panel roof mounted solar installation on an existing residence with coinciding wiring","TotalCost":32255,"FinalCO":"Y","FinalCODate":1685447700000,"CensusTract":"155.00 "}},{"type":"Feature","id":58438,"geometry":null,"properties":{"OBJECTID":58438,"PermitNum":202210059,"IssuedDate":1657713960000,"StatusCurrent":"Final Inspection Made                                       ","ApplicationType":"Int/Ext Alterations","Description":"11 Roof Mounted Solar Panels","TotalCost":20476,"FinalCO":null,"FinalCODate":null,"CensusTract":"151.00 "}},{"type":"Feature","id":31556,"geometry":null,"properties":{"OBJECTID":31556,"PermitNum":202210199,"IssuedDate":1657710900000,"StatusCurrent":"Final Inspection Made                                       ","ApplicationType":"Int/Ext Alterations","Description":"6.8kW PV Solar Panel Installation on Roof - 17 panels","TotalCost":6135,"FinalCO":null,"FinalCODate":null,"CensusTract":"125.05 "}},{"type":"Feature","id":56262,"geometry":null,"properties":{"OBJECTID":56262,"PermitNum":202211526,"IssuedDate":1657622460000,"StatusCurrent":"Final Inspection Made                                       ","ApplicationType":"Int/Ext Alterations","Description":"15 Panel roof mounted solar","TotalCost":27922,"FinalCO":null,"FinalCODate":null,"CensusTract":"154.01 "}},{"type":"Feature","id":18655,"geometry":null,"properties":{"OBJECTID":18655,"PermitNum":202209085,"IssuedDate":1657622160000,"StatusCurrent":"Final Inspection Made                                       ","ApplicationType":"Int/Ext Alterations","Description":"15 Panels Roof Mounted Solar","TotalCost":27922,"FinalCO":null,"FinalCODate":null,"CensusTract":"153.02 "}},{"type":"Feature","id":8085,"geometry":null,"properties":{"OBJECTID":8085,"PermitNum":202213480,"IssuedDate":1657558020000,"StatusCurrent":"Final Inspection Made                                       ","ApplicationType":"Int/Ext Alterations","Description":"Installation of solar panels on a residential roof.","TotalCost":29863,"FinalCO":null,"FinalCODate":null,"CensusTract":"128.03 "}},{"type":"Feature","id":55027,"geometry":null,"properties":{"OBJECTID":55027,"PermitNum":202213311,"IssuedDate":1657542480000,"StatusCurrent":"Final Inspection Made                                       ","ApplicationType":"Int/Ext Alterations","Description":"Rooftop Solar Installation 8kW(20 panels)","TotalCost":16000,"FinalCO":null,"FinalCODate":null,"CensusTract":"154.02 "}},{"type":"Feature","id":8476,"geometry":null,"properties":{"OBJECTID":8476,"PermitNum":202212116,"IssuedDate":1657538280000,"StatusCurrent":"Final Inspection Made                                       ","ApplicationType":"Int/Ext Alterations","Description":"Ground Mounted Solar Panels","TotalCost":30000,"FinalCO":null,"FinalCODate":null,"CensusTract":"128.05 "}},{"type":"Feature","id":10835,"geometry":null,"properties":{"OBJECTID":10835,"PermitNum":202213393,"IssuedDate":1657299120000,"StatusCurrent":"Final Inspection Made                                       ","ApplicationType":"Int/Ext Alterations","Description":"Installation of solar panels on a residential roof.","TotalCost":19785,"FinalCO":null,"FinalCODate":null,"CensusTract":"113.00 "}},{"type":"Feature","id":39719,"geometry":null,"properties":{"OBJECTID":39719,"PermitNum":202208388,"IssuedDate":1657279980000,"StatusCurrent":"Final Inspection Made                                       ","ApplicationType":"Int/Ext Alterations","Description":"28 panel roof-mount PV system and tesla powerwall home batteries, NCDOI opt 2","TotalCost":38725,"FinalCO":null,"FinalCODate":null,"CensusTract":"125.10 "}},{"type":"Feature","id":45231,"geometry":null,"properties":{"OBJECTID":45231,"PermitNum":202213069,"IssuedDate":1657112580000,"StatusCurrent":"Final Inspection Made                                       ","ApplicationType":"Int/Ext Alterations","Description":"Rooftop Solar Installation 11.2kW(28 panels)","TotalCost":22400,"FinalCO":null,"FinalCODate":null,"CensusTract":"125.10 "}},{"type":"Feature","id":49447,"geometry":null,"properties":{"OBJECTID":49447,"PermitNum":202212838,"IssuedDate":1657112400000,"StatusCurrent":"Final Inspection Made                                       ","ApplicationType":"Int/Ext Alterations","Description":"Rooftop Solar Installation 8kW(20 panels) and 200A Main Panel Upgrade","TotalCost":18000,"FinalCO":"Y","FinalCODate":1684848420000,"CensusTract":"160.09 "}},{"type":"Feature","id":17600,"geometry":null,"properties":{"OBJECTID":17600,"PermitNum":202211407,"IssuedDate":1657108740000,"StatusCurrent":"Final Inspection Made                                       ","ApplicationType":"Int/Ext Alterations","Description":"To Install A 5.84 kW DC Solar Photovoltaic (PV) System Roof Mounted In A Residential Neighborhood.","TotalCost":8000,"FinalCO":null,"FinalCODate":null,"CensusTract":"106.01 "}},{"type":"Feature","id":36280,"geometry":null,"properties":{"OBJECTID":36280,"PermitNum":202211528,"IssuedDate":1656684600000,"StatusCurrent":"Final Inspection Made                                       ","ApplicationType":"Int/Ext Alterations","Description":"Installation of solar panels on a residential roof.","TotalCost":16995,"FinalCO":null,"FinalCODate":null,"CensusTract":"127.05 "}},{"type":"Feature","id":36515,"geometry":null,"properties":{"OBJECTID":36515,"PermitNum":202212812,"IssuedDate":1656684480000,"StatusCurrent":"Final Inspection Made                                       ","ApplicationType":"Int/Ext Alterations","Description":"Installation of solar panels on a residential roof.","TotalCost":17237,"FinalCO":null,"FinalCODate":null,"CensusTract":"127.05 "}},{"type":"Feature","id":11407,"geometry":null,"properties":{"OBJECTID":11407,"PermitNum":202212813,"IssuedDate":1656684420000,"StatusCurrent":"Final Inspection Made                                       ","ApplicationType":"Int/Ext Alterations","Description":"Installation of solar panels on a residential roof.","TotalCost":19603,"FinalCO":null,"FinalCODate":null,"CensusTract":"113.00 "}},{"type":"Feature","id":51216,"geometry":null,"properties":{"OBJECTID":51216,"PermitNum":202211756,"IssuedDate":1656663900000,"StatusCurrent":"Final Inspection Made                                       ","ApplicationType":"Int/Ext Alterations","Description":"Rooftop Solar Installation 12.4kW(31 panels)","TotalCost":24800,"FinalCO":null,"FinalCODate":null,"CensusTract":"154.02 "}},{"type":"Feature","id":19678,"geometry":null,"properties":{"OBJECTID":19678,"PermitNum":202209276,"IssuedDate":1656500760000,"StatusCurrent":"Final Inspection Made                                       ","ApplicationType":"Int/Ext Alterations","Description":"15 Panel Roof Mounted solar","TotalCost":27922,"FinalCO":null,"FinalCODate":null,"CensusTract":"153.02 "}},{"type":"Feature","id":26524,"geometry":null,"properties":{"OBJECTID":26524,"PermitNum":202202070,"IssuedDate":1656340620000,"StatusCurrent":"Final Inspection Made                                       ","ApplicationType":"Int/Ext Alterations","Description":"Roof Mounted solar and we will also be doing a service upgrade to have 200amp in main panel and","TotalCost":36920,"FinalCO":null,"FinalCODate":null,"CensusTract":"125.05 "}},{"type":"Feature","id":24570,"geometry":null,"properties":{"OBJECTID":24570,"PermitNum":202211236,"IssuedDate":1656324540000,"StatusCurrent":"Final Inspection Made                                       ","ApplicationType":"Int/Ext Alterations","Description":"\t\r\nRoof mounted solar array via DOI opt 2.","TotalCost":29778,"FinalCO":null,"FinalCODate":null,"CensusTract":"107.01 "}},{"type":"Feature","id":4988,"geometry":null,"properties":{"OBJECTID":4988,"PermitNum":202209867,"IssuedDate":1656324480000,"StatusCurrent":"Final Inspection Made                                       ","ApplicationType":"Int/Ext Alterations","Description":"Installation of solar awning and wiring back to panel.","TotalCost":26369,"FinalCO":null,"FinalCODate":null,"CensusTract":"128.05 "}},{"type":"Feature","id":21061,"geometry":null,"properties":{"OBJECTID":21061,"PermitNum":202212193,"IssuedDate":1655975640000,"StatusCurrent":"Final Inspection Made                                       ","ApplicationType":"Int/Ext Alterations","Description":"INSTALLATION OF UTILITY INTERACTIVE PHOTOVOLTAIC SOLAR SYSTEM AND ANY\r\nNECESSARY ADDITIONAL WORK NEEDED FOR INSTALLATION.","TotalCost":7939,"FinalCO":null,"FinalCODate":null,"CensusTract":"106.02 "}},{"type":"Feature","id":4121,"geometry":null,"properties":{"OBJECTID":4121,"PermitNum":202212034,"IssuedDate":1655894160000,"StatusCurrent":"Final Inspection Made                                       ","ApplicationType":"Int/Ext Alterations","Description":"INSTALLATION OF UTILITY INTERACTIVE PHOTOVOLTAIC SOLAR SYSTEM AND ANY NECESSARY ADDITIONAL","TotalCost":5052,"FinalCO":null,"FinalCODate":null,"CensusTract":"126.12 "}},{"type":"Feature","id":3907,"geometry":null,"properties":{"OBJECTID":3907,"PermitNum":202211779,"IssuedDate":1655468100000,"StatusCurrent":"Final Inspection Made                                       ","ApplicationType":"Int/Ext Alterations","Description":"Installation of roof mounted solar panels. 10.80KWDC, 27 Solar Panels, 498.96Sq","TotalCost":27000,"FinalCO":null,"FinalCODate":null,"CensusTract":"126.20 "}},{"type":"Feature","id":54840,"geometry":null,"properties":{"OBJECTID":54840,"PermitNum":202211308,"IssuedDate":1655468040000,"StatusCurrent":"Final Inspection Made                                       ","ApplicationType":"Int/Ext Alterations","Description":"Installation of roof mounted solar Panels. 19 Solar Panels, 7.60KWDC, 351.12Sq","TotalCost":19000,"FinalCO":null,"FinalCODate":null,"CensusTract":"154.02 "}},{"type":"Feature","id":19423,"geometry":null,"properties":{"OBJECTID":19423,"PermitNum":202211332,"IssuedDate":1655289840000,"StatusCurrent":"Final Inspection Made                                       ","ApplicationType":"Int/Ext Alterations","Description":"\t\r\nTo install a 13.2kw pv array roof mounted solar system with 30 panels","TotalCost":19800,"FinalCO":null,"FinalCODate":null,"CensusTract":"153.02 "}},{"type":"Feature","id":55939,"geometry":null,"properties":{"OBJECTID":55939,"PermitNum":202210691,"IssuedDate":1655289660000,"StatusCurrent":"Final Inspection Made                                       ","ApplicationType":"Int/Ext Alterations","Description":"To install a 6.6kw pv array roof mounted solar system with 15 panels","TotalCost":9900,"FinalCO":"Y","FinalCODate":1675772580000,"CensusTract":"157.07 "}},{"type":"Feature","id":46678,"geometry":null,"properties":{"OBJECTID":46678,"PermitNum":202211408,"IssuedDate":1655287920000,"StatusCurrent":"Final Inspection Made                                       ","ApplicationType":"Int/Ext Alterations","Description":"9 panel roof mounted solar installation on an existing residence with coinciding wiring.","TotalCost":19560,"FinalCO":null,"FinalCODate":null,"CensusTract":"119.04 "}},{"type":"Feature","id":12699,"geometry":null,"properties":{"OBJECTID":12699,"PermitNum":202209468,"IssuedDate":1655133420000,"StatusCurrent":"Final Inspection Made                                       ","ApplicationType":"Int/Ext Alterations","Description":"Roof mounted solar array via DOI opt 2, wiring back to MD Panel via back-fed breaker.","TotalCost":17780,"FinalCO":null,"FinalCODate":null,"CensusTract":"172.00 "}},{"type":"Feature","id":32363,"geometry":null,"properties":{"OBJECTID":32363,"PermitNum":202211333,"IssuedDate":1655109720000,"StatusCurrent":"Final Inspection Made                                       ","ApplicationType":"Int/Ext Alterations","Description":"\t\r\n6kW PV Solar Panel Installation on Roof - 15 panels","TotalCost":5413,"FinalCO":"Y","FinalCODate":1681745220000,"CensusTract":"153.01 "}},{"type":"Feature","id":20074,"geometry":null,"properties":{"OBJECTID":20074,"PermitNum":202211411,"IssuedDate":1655109480000,"StatusCurrent":"Final Inspection Made                                       ","ApplicationType":"Int/Ext Alterations","Description":"4.4kW PV Solar Panel Installation on Roof - 11 panels","TotalCost":3970,"FinalCO":null,"FinalCODate":null,"CensusTract":"106.02 "}},{"type":"Feature","id":52127,"geometry":null,"properties":{"OBJECTID":52127,"PermitNum":202211544,"IssuedDate":1655109420000,"StatusCurrent":"Final Inspection Made                                       ","ApplicationType":"Int/Ext Alterations","Description":"5.6kW PV Solar Panel Installation on Roof - 14 panels","TotalCost":5053,"FinalCO":"Y","FinalCODate":1682330040000,"CensusTract":"119.04 "}},{"type":"Feature","id":3303,"geometry":null,"properties":{"OBJECTID":3303,"PermitNum":202211254,"IssuedDate":1654867680000,"StatusCurrent":"Final Inspection Made                                       ","ApplicationType":"Int/Ext Alterations","Description":"\t\r\nRooftop Solar Installation 8.4kW(21 panels) and 200A Main Panel Upgrade","TotalCost":15800,"FinalCO":null,"FinalCODate":null,"CensusTract":"126.12 "}},{"type":"Feature","id":5643,"geometry":null,"properties":{"OBJECTID":5643,"PermitNum":202209889,"IssuedDate":1654865520000,"StatusCurrent":"Final Inspection Made                                       ","ApplicationType":"Int/Ext Alterations","Description":"Install of 10 residential roof mounted solar panels 4.00 kW DC","TotalCost":10000,"FinalCO":null,"FinalCODate":null,"CensusTract":"128.05 "}},{"type":"Feature","id":51516,"geometry":null,"properties":{"OBJECTID":51516,"PermitNum":202210916,"IssuedDate":1654851600000,"StatusCurrent":"Final Inspection Made                                       ","ApplicationType":"Int/Ext Alterations","Description":"INSTALLATION OF UTILITY INTERACTIVE PHOTOVOLTAIC SOLAR SYSTEM AND ANY NECESSARY ADDITIONA","TotalCost":3609,"FinalCO":null,"FinalCODate":null,"CensusTract":"160.08 "}},{"type":"Feature","id":35870,"geometry":null,"properties":{"OBJECTID":35870,"PermitNum":202210427,"IssuedDate":1654791720000,"StatusCurrent":"Final Inspection Made                                       ","ApplicationType":"Int/Ext Alterations","Description":"Installation of roof mounted 14.22kW solar PV system consisting of 36 modules and 1 inverter","TotalCost":40500,"FinalCO":null,"FinalCODate":null,"CensusTract":"104.04 "}},{"type":"Feature","id":43946,"geometry":null,"properties":{"OBJECTID":43946,"PermitNum":202211045,"IssuedDate":1654597260000,"StatusCurrent":"Final Inspection Made                                       ","ApplicationType":"Int/Ext Alterations","Description":"Rooftop Solar Installation 10.8kW(27 panels)","TotalCost":21600,"FinalCO":null,"FinalCODate":null,"CensusTract":"160.06 "}},{"type":"Feature","id":45639,"geometry":null,"properties":{"OBJECTID":45639,"PermitNum":202211059,"IssuedDate":1654522320000,"StatusCurrent":"Final Inspection Made                                       ","ApplicationType":"Int/Ext Alterations","Description":"Installation of 10 kW Roof Mounted Solar System at 214 Kirk Rd Greensboro NC 27455","TotalCost":24000,"FinalCO":null,"FinalCODate":null,"CensusTract":"157.03 "}},{"type":"Feature","id":48626,"geometry":null,"properties":{"OBJECTID":48626,"PermitNum":202209618,"IssuedDate":1653998820000,"StatusCurrent":"Final Inspection Made                                       ","ApplicationType":"Int/Ext Alterations","Description":"Rooftop Solar Installation 8.8kW(22 panels)","TotalCost":17600,"FinalCO":null,"FinalCODate":null,"CensusTract":"160.09 "}},{"type":"Feature","id":49603,"geometry":null,"properties":{"OBJECTID":49603,"PermitNum":202209299,"IssuedDate":1653998760000,"StatusCurrent":"Final Inspection Made                                       ","ApplicationType":"Int/Ext Alterations","Description":"Rooftop Solar Installation 5.92kW(16 panels)","TotalCost":11840,"FinalCO":null,"FinalCODate":null,"CensusTract":"160.09 "}},{"type":"Feature","id":51344,"geometry":null,"properties":{"OBJECTID":51344,"PermitNum":202208983,"IssuedDate":1653998640000,"StatusCurrent":"Final Inspection Made                                       ","ApplicationType":"Int/Ext Alterations","Description":"Rooftop Solar Installation 6.4kW(16 panels)","TotalCost":12800,"FinalCO":null,"FinalCODate":null,"CensusTract":"160.09 "}},{"type":"Feature","id":51721,"geometry":null,"properties":{"OBJECTID":51721,"PermitNum":202210195,"IssuedDate":1653997080000,"StatusCurrent":"Final Inspection Made                                       ","ApplicationType":"Int/Ext Alterations","Description":"Installation of solar panels on a residential roof.","TotalCost":21466,"FinalCO":null,"FinalCODate":null,"CensusTract":"157.06 "}},{"type":"Feature","id":57279,"geometry":null,"properties":{"OBJECTID":57279,"PermitNum":202210573,"IssuedDate":1653566520000,"StatusCurrent":"Final Inspection Made                                       ","ApplicationType":"Int/Ext Alterations","Description":"\t\r\nINSTALLATION OF UTILITY INTERACTIVE PHOTOVOLTAIC SOLAR SYSTEM AND ANY NECESSARY ADDITIONAL","TotalCost":7578,"FinalCO":null,"FinalCODate":null,"CensusTract":"154.01 "}},{"type":"Feature","id":7965,"geometry":null,"properties":{"OBJECTID":7965,"PermitNum":202209473,"IssuedDate":1653482880000,"StatusCurrent":"Final Inspection Made                                       ","ApplicationType":"Int/Ext Alterations","Description":"Instillation of 27 residential roof mounted solar panels 10.80k W DC","TotalCost":27000,"FinalCO":null,"FinalCODate":null,"CensusTract":"128.05 "}},{"type":"Feature","id":18820,"geometry":null,"properties":{"OBJECTID":18820,"PermitNum":202208975,"IssuedDate":1653302580000,"StatusCurrent":"Final Inspection Made                                       ","ApplicationType":"Int/Ext Alterations","Description":"\t\r\ninstalling 10 roof mounted solar panels on an existing residential structure with coinciding wiring","TotalCost":26219,"FinalCO":null,"FinalCODate":null,"CensusTract":"128.03 "}},{"type":"Feature","id":4022,"geometry":null,"properties":{"OBJECTID":4022,"PermitNum":202209470,"IssuedDate":1653300960000,"StatusCurrent":"Final Inspection Made                                       ","ApplicationType":"Int/Ext Alterations","Description":"Installing solar panels on a existing residential roof with coinciding wiring.","TotalCost":41434,"FinalCO":null,"FinalCODate":null,"CensusTract":"126.12 "}},{"type":"Feature","id":6321,"geometry":null,"properties":{"OBJECTID":6321,"PermitNum":202208579,"IssuedDate":1652962020000,"StatusCurrent":"Final Inspection Made                                       ","ApplicationType":"Int/Ext Alterations","Description":"To install a 12.76kw pv array roof top mounted solar system with 29 panels","TotalCost":19140,"FinalCO":null,"FinalCODate":null,"CensusTract":"128.03 "}},{"type":"Feature","id":4825,"geometry":null,"properties":{"OBJECTID":4825,"PermitNum":202209155,"IssuedDate":1652961900000,"StatusCurrent":"Final Inspection Made                                       ","ApplicationType":"Int/Ext Alterations","Description":"To install an 9.68kw pv array roof mounted solar system with 22 panels with a 200amp","TotalCost":14520,"FinalCO":null,"FinalCODate":null,"CensusTract":"126.11 "}},{"type":"Feature","id":96,"geometry":null,"properties":{"OBJECTID":96,"PermitNum":202204028,"IssuedDate":1652801280000,"StatusCurrent":"Final Inspection Made                                       ","ApplicationType":"Int/Ext Alterations","Description":"Installation of 25 residential roof mounted solar panels 10.00 kW DC. 528.25 array sq. ft.","TotalCost":25000,"FinalCO":null,"FinalCODate":null,"CensusTract":"171.01 "}},{"type":"Feature","id":56646,"geometry":null,"properties":{"OBJECTID":56646,"PermitNum":202208977,"IssuedDate":1652449920000,"StatusCurrent":"Final Inspection Made                                       ","ApplicationType":"Int/Ext Alterations","Description":"\t\r\nInstallation of 22 solar photovoltaic modules (9.68kW)","TotalCost":7744,"FinalCO":null,"FinalCODate":null,"CensusTract":"157.06 "}},{"type":"Feature","id":3268,"geometry":null,"properties":{"OBJECTID":3268,"PermitNum":202209377,"IssuedDate":1652442720000,"StatusCurrent":"Final Inspection Made                                       ","ApplicationType":"Int/Ext Alterations","Description":"INSTALLATION OF UTILITY INTERACTIVE PHOTOVOLTAIC SOLAR SYSTEM AND ANY NECESSARY ADDITIONAL WORK","TotalCost":2887,"FinalCO":null,"FinalCODate":null,"CensusTract":"126.12 "}},{"type":"Feature","id":48800,"geometry":null,"properties":{"OBJECTID":48800,"PermitNum":202209376,"IssuedDate":1652442600000,"StatusCurrent":"Final Inspection Made                                       ","ApplicationType":"Int/Ext Alterations","Description":"INSTALLATION OF UTILITY INTERACTIVE PHOTOVOLTAIC SOLAR SYSTEM AND ANY NECESSARY ADDITIONAL WORK","TotalCost":2887,"FinalCO":"Y","FinalCODate":1682414460000,"CensusTract":"157.03 "}},{"type":"Feature","id":36696,"geometry":null,"properties":{"OBJECTID":36696,"PermitNum":202208302,"IssuedDate":1652362920000,"StatusCurrent":"Final Inspection Made                                       ","ApplicationType":"Int/Ext Alterations","Description":"Installing solar panels on a existing residential roof with coinciding wiring.","TotalCost":47418,"FinalCO":null,"FinalCODate":null,"CensusTract":"104.04 "}},{"type":"Feature","id":3413,"geometry":null,"properties":{"OBJECTID":3413,"PermitNum":202208794,"IssuedDate":1652362800000,"StatusCurrent":"Final Inspection Made                                       ","ApplicationType":"Int/Ext Alterations","Description":"\t\r\n10 panel solar installation on an existing roof","TotalCost":26227,"FinalCO":null,"FinalCODate":null,"CensusTract":"126.20 "}},{"type":"Feature","id":28520,"geometry":null,"properties":{"OBJECTID":28520,"PermitNum":202208628,"IssuedDate":1652184960000,"StatusCurrent":"Final Inspection Made                                       ","ApplicationType":"Int/Ext Alterations","Description":"\t\r\nInstallation of 5.6 kW Roof Mounted Solar System at 1111 Pamlico Drive Greensboro NC 27408","TotalCost":14700,"FinalCO":null,"FinalCODate":null,"CensusTract":"105.00 "}},{"type":"Feature","id":3333,"geometry":null,"properties":{"OBJECTID":3333,"PermitNum":202207281,"IssuedDate":1652100420000,"StatusCurrent":"Final Inspection Made                                       ","ApplicationType":"Int/Ext Alterations","Description":"Installation of roof mounted solar panels. 15.60KWDC, 39 Solar Panels, 720.72Sq","TotalCost":29000,"FinalCO":null,"FinalCODate":null,"CensusTract":"126.12 "}},{"type":"Feature","id":11360,"geometry":null,"properties":{"OBJECTID":11360,"PermitNum":202208413,"IssuedDate":1652100060000,"StatusCurrent":"Final Inspection Made                                       ","ApplicationType":"Int/Ext Alterations","Description":"installation of 17 residential roof mounted solar panels, 1 inverter, 6.8 kWDC, 359 array sq ft","TotalCost":17000,"FinalCO":null,"FinalCODate":null,"CensusTract":"113.00 "}},{"type":"Feature","id":8378,"geometry":null,"properties":{"OBJECTID":8378,"PermitNum":202207064,"IssuedDate":1652099820000,"StatusCurrent":"Final Inspection Made                                       ","ApplicationType":"Int/Ext Alterations","Description":"Installation of roof mounted solar panels. 8.40KWDC, 21 Solar Panels, 388.08Sq","TotalCost":21000,"FinalCO":null,"FinalCODate":null,"CensusTract":"128.05 "}},{"type":"Feature","id":19235,"geometry":null,"properties":{"OBJECTID":19235,"PermitNum":202208571,"IssuedDate":1651849080000,"StatusCurrent":"Final Inspection Made                                       ","ApplicationType":"Int/Ext Alterations","Description":"To install a 15.40kw pv array roof mounted solar system with 35 panels","TotalCost":23100,"FinalCO":null,"FinalCODate":null,"CensusTract":"153.02 "}},{"type":"Feature","id":57291,"geometry":null,"properties":{"OBJECTID":57291,"PermitNum":202208573,"IssuedDate":1651848480000,"StatusCurrent":"Final Inspection Made                                       ","ApplicationType":"Int/Ext Alterations","Description":"Install a 8.8kw pv array roof top mounted solar system with 20 panels","TotalCost":13200,"FinalCO":null,"FinalCODate":null,"CensusTract":"154.01 "}},{"type":"Feature","id":54047,"geometry":null,"properties":{"OBJECTID":54047,"PermitNum":202208574,"IssuedDate":1651848360000,"StatusCurrent":"Final Inspection Made                                       ","ApplicationType":"Int/Ext Alterations","Description":"Install a 11.44kw pv array roof top mounted solar system with 26 panels","TotalCost":17160,"FinalCO":null,"FinalCODate":null,"CensusTract":"154.02 "}},{"type":"Feature","id":52852,"geometry":null,"properties":{"OBJECTID":52852,"PermitNum":202208823,"IssuedDate":1651848300000,"StatusCurrent":"Final Inspection Made                                       ","ApplicationType":"Int/Ext Alterations","Description":"To install a 5.28kw pv array roof mounted solar system with 12 panels.","TotalCost":7286,"FinalCO":null,"FinalCODate":null,"CensusTract":"119.05 "}},{"type":"Feature","id":57948,"geometry":null,"properties":{"OBJECTID":57948,"PermitNum":202208912,"IssuedDate":1651848240000,"StatusCurrent":"Final Inspection Made                                       ","ApplicationType":"Int/Ext Alterations","Description":"To install a 11kw PV array roof mounted solar system with 25 panels","TotalCost":16500,"FinalCO":null,"FinalCODate":null,"CensusTract":"151.00 "}},{"type":"Feature","id":17229,"geometry":null,"properties":{"OBJECTID":17229,"PermitNum":202207979,"IssuedDate":1651751820000,"StatusCurrent":"Final Inspection Made                                       ","ApplicationType":"Int/Ext Alterations","Description":"Installation of 5.2 kW residential roof mounted Solar System","TotalCost":14560,"FinalCO":null,"FinalCODate":null,"CensusTract":"111.01 "}},{"type":"Feature","id":56518,"geometry":null,"properties":{"OBJECTID":56518,"PermitNum":202200163,"IssuedDate":1651669320000,"StatusCurrent":"Final Inspection Made                                       ","ApplicationType":"Int/Ext Alterations","Description":"PV Solar Installation on existing roof.","TotalCost":31400,"FinalCO":null,"FinalCODate":null,"CensusTract":"157.04 "}},{"type":"Feature","id":50336,"geometry":null,"properties":{"OBJECTID":50336,"PermitNum":202124841,"IssuedDate":1651653420000,"StatusCurrent":"Final Inspection Made                                       ","ApplicationType":"Int/Ext Alterations","Description":"PV Solar Installation on existing roof.","TotalCost":5100,"FinalCO":null,"FinalCODate":null,"CensusTract":"160.09 "}},{"type":"Feature","id":44978,"geometry":null,"properties":{"OBJECTID":44978,"PermitNum":202208183,"IssuedDate":1651582200000,"StatusCurrent":"Final Inspection Made                                       ","ApplicationType":"Int/Ext Alterations","Description":"INSTALLATION OF UTILITY INTERACTIVE PHOTOVOLTAIC SOLAR SYSTEM AND ANY NECESSARY ADDITIONAL WORK 368 sf","TotalCost":7578,"FinalCO":null,"FinalCODate":null,"CensusTract":"127.03 "}},{"type":"Feature","id":45986,"geometry":null,"properties":{"OBJECTID":45986,"PermitNum":202208182,"IssuedDate":1651582140000,"StatusCurrent":"Final Inspection Made                                       ","ApplicationType":"Int/Ext Alterations","Description":"INSTALLATION OF UTILITY INTERACTIVE PHOTOVOLTAIC SOLAR SYSTEM AND ANY NECESSARY ADDITIONAL WORK 193 sf","TotalCost":3969,"FinalCO":"Y","FinalCODate":1682348160000,"CensusTract":"127.03 "}},{"type":"Feature","id":44495,"geometry":null,"properties":{"OBJECTID":44495,"PermitNum":202208185,"IssuedDate":1651578300000,"StatusCurrent":"Final Inspection Made                                       ","ApplicationType":"Int/Ext Alterations","Description":"8.4kW PV Solar Panel Installation on Roof - 21 panels\r\n368sf","TotalCost":7579,"FinalCO":null,"FinalCODate":null,"CensusTract":"125.10 "}},{"type":"Feature","id":51855,"geometry":null,"properties":{"OBJECTID":51855,"PermitNum":202207654,"IssuedDate":1651575540000,"StatusCurrent":"Final Inspection Made                                       ","ApplicationType":"Int/Ext Alterations","Description":"INSTALLATION OF UTILITY INTERACTIVE PHOTOVOLTAIC SOLAR SYSTEM AND ANY NECESSARY ADDITIONAL WORK","TotalCost":5774,"FinalCO":null,"FinalCODate":null,"CensusTract":"160.09 "}},{"type":"Feature","id":27795,"geometry":null,"properties":{"OBJECTID":27795,"PermitNum":202208186,"IssuedDate":1651575420000,"StatusCurrent":"Final Inspection Made                                       ","ApplicationType":"Int/Ext Alterations","Description":"5.6kW PV Solar Panel Installation on Roof - 14 panels\r\n245 sf","TotalCost":5053,"FinalCO":null,"FinalCODate":null,"CensusTract":"127.07 "}},{"type":"Feature","id":35100,"geometry":null,"properties":{"OBJECTID":35100,"PermitNum":202206229,"IssuedDate":1650536460000,"StatusCurrent":"Final Inspection Made                                       ","ApplicationType":"Int/Ext Alterations","Description":"GROUND MOUNT SOLAR SYSTEM WITH 2 LG ELECTRONICS:LG375N1C-A6 375W PV MODULES WITH 2 ENPHASE","TotalCost":677,"FinalCO":null,"FinalCODate":null,"CensusTract":"103.00 "}},{"type":"Feature","id":19472,"geometry":null,"properties":{"OBJECTID":19472,"PermitNum":202207280,"IssuedDate":1650376380000,"StatusCurrent":"Final Inspection Made                                       ","ApplicationType":"Int/Ext Alterations","Description":"Rooftop Solar Installation 6.4kW(16 panels)","TotalCost":12800,"FinalCO":"Y","FinalCODate":1674559740000,"CensusTract":"153.02 "}},{"type":"Feature","id":57788,"geometry":null,"properties":{"OBJECTID":57788,"PermitNum":202206995,"IssuedDate":1650376320000,"StatusCurrent":"Final Inspection Made                                       ","ApplicationType":"Int/Ext Alterations","Description":"Rooftop Solar Installation 7.6kW(19 panels)","TotalCost":15200,"FinalCO":null,"FinalCODate":null,"CensusTract":"151.00 "}},{"type":"Feature","id":50183,"geometry":null,"properties":{"OBJECTID":50183,"PermitNum":202207063,"IssuedDate":1650371640000,"StatusCurrent":"Final Inspection Made                                       ","ApplicationType":"Int/Ext Alterations","Description":"Installtion Installtion of 10.4 kW Roof Mounted Mounted Solar System.","TotalCost":23920,"FinalCO":null,"FinalCODate":null,"CensusTract":"160.08 "}},{"type":"Feature","id":51444,"geometry":null,"properties":{"OBJECTID":51444,"PermitNum":202207123,"IssuedDate":1650359340000,"StatusCurrent":"Final Inspection Made                                       ","ApplicationType":"Int/Ext Alterations","Description":"3.2 kW PV Solar Panel Installation on Roof - 8 panels","TotalCost":2887,"FinalCO":"Y","FinalCODate":1681978140000,"CensusTract":"157.05 "}},{"type":"Feature","id":33987,"geometry":null,"properties":{"OBJECTID":33987,"PermitNum":202206611,"IssuedDate":1650292140000,"StatusCurrent":"Final Inspection Made                                       ","ApplicationType":"Int/Ext Alterations","Description":"installing 14 roof mounted solar panels on an existing residential property with coinciding wiring","TotalCost":32399,"FinalCO":null,"FinalCODate":null,"CensusTract":"153.01 "}},{"type":"Feature","id":47192,"geometry":null,"properties":{"OBJECTID":47192,"PermitNum":202201787,"IssuedDate":1649950500000,"StatusCurrent":"Final Inspection Made                                       ","ApplicationType":"Int/Ext Alterations","Description":"5.6 kW PV Solar Panel Installation on Roof - 14 panels","TotalCost":5052,"FinalCO":null,"FinalCODate":null,"CensusTract":"119.04 "}},{"type":"Feature","id":73,"geometry":null,"properties":{"OBJECTID":73,"PermitNum":202204245,"IssuedDate":1649941140000,"StatusCurrent":"Final Inspection Made                                       ","ApplicationType":"Int/Ext Alterations","Description":"Installation of 15 residential roof mounted solar panels 6.00 kW DC. 316.80 array sq. ft.","TotalCost":15000,"FinalCO":null,"FinalCODate":null,"CensusTract":"171.01 "}},{"type":"Feature","id":56335,"geometry":null,"properties":{"OBJECTID":56335,"PermitNum":202206710,"IssuedDate":1649844840000,"StatusCurrent":"Final Inspection Made                                       ","ApplicationType":"Int/Ext Alterations","Description":"Rooftop Solar Installation 8.4kW(21 panels)","TotalCost":16800,"FinalCO":null,"FinalCODate":null,"CensusTract":"157.06 "}},{"type":"Feature","id":59084,"geometry":null,"properties":{"OBJECTID":59084,"PermitNum":202203727,"IssuedDate":1649347920000,"StatusCurrent":"Final Inspection Made                                       ","ApplicationType":"Int/Ext Alterations","Description":"INSTALLATION OF UTILITY INTERACTIVE PHOTOVOLTAIC SOLAR SYSTEM AND ANY NECESSARY ADDITIONAL WORK","TotalCost":5413,"FinalCO":"Y","FinalCODate":1682330400000,"CensusTract":"151.00 "}},{"type":"Feature","id":26443,"geometry":null,"properties":{"OBJECTID":26443,"PermitNum":202206405,"IssuedDate":1649347800000,"StatusCurrent":"Final Inspection Made                                       ","ApplicationType":"Int/Ext Alterations","Description":"INSTALLATION OF UTILITY INTERACTIVE PHOTOVOLTAIC SOLAR SYSTEM AND ANY NECESSARY ADDITIONAL WORK","TotalCost":4691,"FinalCO":null,"FinalCODate":null,"CensusTract":"105.00 "}},{"type":"Feature","id":41484,"geometry":null,"properties":{"OBJECTID":41484,"PermitNum":202206780,"IssuedDate":1649347680000,"StatusCurrent":"Final Inspection Made                                       ","ApplicationType":"Int/Ext Alterations","Description":"INSTALLATION OF UTILITY INTERACTIVE PHOTOVOLTAIC SOLAR SYSTEM AND ANY NECESSARY ADDITIONAL","TotalCost":8661,"FinalCO":null,"FinalCODate":null,"CensusTract":"127.04 "}},{"type":"Feature","id":9629,"geometry":null,"properties":{"OBJECTID":9629,"PermitNum":202205866,"IssuedDate":1649319600000,"StatusCurrent":"Final Inspection Made                                       ","ApplicationType":"Int/Ext Alterations","Description":"Installation of solar panels on a residential roof.","TotalCost":21900,"FinalCO":null,"FinalCODate":null,"CensusTract":"126.04 "}},{"type":"Feature","id":25926,"geometry":null,"properties":{"OBJECTID":25926,"PermitNum":202206338,"IssuedDate":1649255160000,"StatusCurrent":"Final Inspection Made                                       ","ApplicationType":"Int/Ext Alterations","Description":"Installtion of 9.49 kW Roof Mounted Solar System.","TotalCost":22750,"FinalCO":null,"FinalCODate":null,"CensusTract":"125.05 "}},{"type":"Feature","id":46019,"geometry":null,"properties":{"OBJECTID":46019,"PermitNum":202205936,"IssuedDate":1648645980000,"StatusCurrent":"Final Inspection Made                                       ","ApplicationType":"Int/Ext Alterations","Description":"Rooftop Solar Installation 10kW(25 panels)","TotalCost":20000,"FinalCO":null,"FinalCODate":null,"CensusTract":"157.03 "}},{"type":"Feature","id":55497,"geometry":null,"properties":{"OBJECTID":55497,"PermitNum":202204858,"IssuedDate":1647606540000,"StatusCurrent":"Final Inspection Made                                       ","ApplicationType":"Int/Ext Alterations","Description":"Roof mount solar with coinciding electrical wiring.","TotalCost":35745,"FinalCO":null,"FinalCODate":null,"CensusTract":"155.00 "}},{"type":"Feature","id":4785,"geometry":null,"properties":{"OBJECTID":4785,"PermitNum":202204550,"IssuedDate":1647521820000,"StatusCurrent":"Final Inspection Made                                       ","ApplicationType":"Int/Ext Alterations","Description":"Installing a roof-mounted solar system on existing residential structure with coinciding electric...","TotalCost":23793,"FinalCO":null,"FinalCODate":null,"CensusTract":"128.04 "}},{"type":"Feature","id":54622,"geometry":null,"properties":{"OBJECTID":54622,"PermitNum":202204497,"IssuedDate":1647511500000,"StatusCurrent":"Final Inspection Made                                       ","ApplicationType":"Int/Ext Alterations","Description":"Install of 25 residential roof mounted solar panels 10.00 kW DC","TotalCost":25000,"FinalCO":"Y","FinalCODate":1651066200000,"CensusTract":"154.02 "}},{"type":"Feature","id":20096,"geometry":null,"properties":{"OBJECTID":20096,"PermitNum":202203940,"IssuedDate":1647438360000,"StatusCurrent":"Final Inspection Made                                       ","ApplicationType":"Int/Ext Alterations","Description":"5.2 kW PV Solar Panel Installation on Roof - 13 panels","TotalCost":4691,"FinalCO":null,"FinalCODate":null,"CensusTract":"106.01 "}},{"type":"Feature","id":4527,"geometry":null,"properties":{"OBJECTID":4527,"PermitNum":202205086,"IssuedDate":1647438300000,"StatusCurrent":"Final Inspection Made                                       ","ApplicationType":"Int/Ext Alterations","Description":"INSTALLATION OF UTILITY INTERACTIVE PHOTOVOLTAIC SOLAR SYSTEM AND ANY NECESSARY ADDITIONAL WORK","TotalCost":9383,"FinalCO":null,"FinalCODate":null,"CensusTract":"165.06 "}},{"type":"Feature","id":56268,"geometry":null,"properties":{"OBJECTID":56268,"PermitNum":202204207,"IssuedDate":1647438060000,"StatusCurrent":"Final Inspection Made                                       ","ApplicationType":"Int/Ext Alterations","Description":"INSTALLATION OF UTILITY INTERACTIVE PHOTOVOLTAIC SOLAR SYSTEM AND ANY NECESSARY ADDITIONAL","TotalCost":4331,"FinalCO":null,"FinalCODate":null,"CensusTract":"155.00 "}},{"type":"Feature","id":4491,"geometry":null,"properties":{"OBJECTID":4491,"PermitNum":202204432,"IssuedDate":1647437880000,"StatusCurrent":"Final Inspection Made                                       ","ApplicationType":"Int/Ext Alterations","Description":"INSTALLATION OF UTILITY INTERACTIVE PHOTOVOLTAIC SOLAR SYSTEM AND ANY NECESSARY ADDITIONAL","TotalCost":4330,"FinalCO":null,"FinalCODate":null,"CensusTract":"165.06 "}},{"type":"Feature","id":41855,"geometry":null,"properties":{"OBJECTID":41855,"PermitNum":202204428,"IssuedDate":1647437760000,"StatusCurrent":"Final Inspection Made                                       ","ApplicationType":"Int/Ext Alterations","Description":"INSTALLATION OF UTILITY INTERACTIVE PHOTOVOLTAIC SOLAR SYSTEM AND ANY NECESSARY ADDITIONAL","TotalCost":4330,"FinalCO":null,"FinalCODate":null,"CensusTract":"125.08 "}},{"type":"Feature","id":55908,"geometry":null,"properties":{"OBJECTID":55908,"PermitNum":202204209,"IssuedDate":1647254280000,"StatusCurrent":"Final Inspection Made                                       ","ApplicationType":"Int/Ext Alterations","Description":"INSTALLATION OF UTILITY INTERACTIVE PHOTOVOLTAIC SOLAR SYSTEM AND ANY NECESSARY ADDITIONAL","TotalCost":2887,"FinalCO":"Y","FinalCODate":1649421540000,"CensusTract":"157.07 "}},{"type":"Feature","id":29988,"geometry":null,"properties":{"OBJECTID":29988,"PermitNum":202204139,"IssuedDate":1646830620000,"StatusCurrent":"Final Inspection Made                                       ","ApplicationType":"Int/Ext Alterations","Description":"Installation of solar panels on a residential roof.","TotalCost":21553,"FinalCO":null,"FinalCODate":null,"CensusTract":"127.06 "}},{"type":"Feature","id":12995,"geometry":null,"properties":{"OBJECTID":12995,"PermitNum":202203693,"IssuedDate":1646230920000,"StatusCurrent":"Final Inspection Made                                       ","ApplicationType":"Int/Ext Alterations","Description":"Installing a roof-mounted solar system on existing residential structure with coinciding electric...","TotalCost":34867,"FinalCO":"Y","FinalCODate":1681978080000,"CensusTract":"116.01 "}},{"type":"Feature","id":52177,"geometry":null,"properties":{"OBJECTID":52177,"PermitNum":202203494,"IssuedDate":1646211780000,"StatusCurrent":"Final Inspection Made                                       ","ApplicationType":"Int/Ext Alterations","Description":"Rooftop Solar Installation 1.975kW(5 panels)","TotalCost":3950,"FinalCO":null,"FinalCODate":null,"CensusTract":"155.00 "}},{"type":"Feature","id":26436,"geometry":null,"properties":{"OBJECTID":26436,"PermitNum":202202325,"IssuedDate":1645783080000,"StatusCurrent":"Final Inspection Made                                       ","ApplicationType":"Int/Ext Alterations","Description":"Rooftop Solar Installation 12.245kW(31 panels)","TotalCost":24490,"FinalCO":null,"FinalCODate":null,"CensusTract":"161.03 "}},{"type":"Feature","id":34747,"geometry":null,"properties":{"OBJECTID":34747,"PermitNum":202202968,"IssuedDate":1645698000000,"StatusCurrent":"Final Inspection Made                                       ","ApplicationType":"Int/Ext Alterations","Description":"15.6 kW PV Solar Panel Installation on Roof - 39 panels","TotalCost":14074,"FinalCO":null,"FinalCODate":null,"CensusTract":"104.04 "}},{"type":"Feature","id":26455,"geometry":null,"properties":{"OBJECTID":26455,"PermitNum":202203049,"IssuedDate":1645697700000,"StatusCurrent":"Final Inspection Made                                       ","ApplicationType":"Int/Ext Alterations","Description":"INSTALLATION OF UTILITY INTERACTIVE PHOTOVOLTAIC SOLAR SYSTEM AND ANY NECESSARY ADDITIONAL WORK","TotalCost":6134,"FinalCO":null,"FinalCODate":null,"CensusTract":"105.00 "}},{"type":"Feature","id":27812,"geometry":null,"properties":{"OBJECTID":27812,"PermitNum":202201163,"IssuedDate":1645431540000,"StatusCurrent":"Final Inspection Made                                       ","ApplicationType":"Int/Ext Alterations","Description":"installation of roof mounted solar panels (31 panels)","TotalCost":35839,"FinalCO":null,"FinalCODate":null,"CensusTract":"108.00 "}},{"type":"Feature","id":5088,"geometry":null,"properties":{"OBJECTID":5088,"PermitNum":202201858,"IssuedDate":1645103940000,"StatusCurrent":"Final Inspection Made                                       ","ApplicationType":"Int/Ext Alterations","Description":"Rooftop Solar Installation 5.135kW(13 panels)","TotalCost":10270,"FinalCO":null,"FinalCODate":null,"CensusTract":"165.06 "}},{"type":"Feature","id":26508,"geometry":null,"properties":{"OBJECTID":26508,"PermitNum":202200712,"IssuedDate":1644323160000,"StatusCurrent":"Final Inspection Made                                       ","ApplicationType":"Int/Ext Alterations","Description":"Rooftop Solar Panels - grid tied to Duke Energy","TotalCost":26250,"FinalCO":null,"FinalCODate":null,"CensusTract":"125.05 "}},{"type":"Feature","id":5312,"geometry":null,"properties":{"OBJECTID":5312,"PermitNum":202121968,"IssuedDate":1644246960000,"StatusCurrent":"Final Inspection Made                                       ","ApplicationType":"Addition","Description":"solar installation","TotalCost":23587,"FinalCO":null,"FinalCODate":null,"CensusTract":"126.21 "}},{"type":"Feature","id":58963,"geometry":null,"properties":{"OBJECTID":58963,"PermitNum":202126572,"IssuedDate":1643644440000,"StatusCurrent":"Final Inspection Made                                       ","ApplicationType":"Int/Ext Alterations","Description":"Installation of a 13.3kW Residential roof mounted solar system","TotalCost":28962,"FinalCO":"Y","FinalCODate":1648815900000,"CensusTract":"151.00 "}},{"type":"Feature","id":24697,"geometry":null,"properties":{"OBJECTID":24697,"PermitNum":202200598,"IssuedDate":1643382420000,"StatusCurrent":"Final Inspection Made                                       ","ApplicationType":"Int/Ext Alterations","Description":"solar install","TotalCost":36345,"FinalCO":null,"FinalCODate":null,"CensusTract":"127.07 "}},{"type":"Feature","id":43528,"geometry":null,"properties":{"OBJECTID":43528,"PermitNum":202200841,"IssuedDate":1643382360000,"StatusCurrent":"Final Inspection Made                                       ","ApplicationType":"Int/Ext Alterations","Description":"Installing a roof-mounted solar system to existing residential structure with coinciding electric...","TotalCost":52996,"FinalCO":null,"FinalCODate":null,"CensusTract":"127.04 "}},{"type":"Feature","id":48705,"geometry":null,"properties":{"OBJECTID":48705,"PermitNum":202127166,"IssuedDate":1642677540000,"StatusCurrent":"Final Inspection Made                                       ","ApplicationType":"Int/Ext Alterations","Description":"installation of roof mounted solar panels (23 panels)","TotalCost":33123,"FinalCO":null,"FinalCODate":null,"CensusTract":"160.09 "}},{"type":"Feature","id":59092,"geometry":null,"properties":{"OBJECTID":59092,"PermitNum":202120825,"IssuedDate":1642155720000,"StatusCurrent":"Final Inspection Made                                       ","ApplicationType":"Addition","Description":"solar installation","TotalCost":49850,"FinalCO":null,"FinalCODate":null,"CensusTract":"151.00 "}},{"type":"Feature","id":53080,"geometry":null,"properties":{"OBJECTID":53080,"PermitNum":202126990,"IssuedDate":1642082640000,"StatusCurrent":"Final Inspection Made                                       ","ApplicationType":"Int/Ext Alterations","Description":"Rooftop Solar Installation 8.3kW(21 panels)","TotalCost":16600,"FinalCO":null,"FinalCODate":null,"CensusTract":"154.02 "}},{"type":"Feature","id":55885,"geometry":null,"properties":{"OBJECTID":55885,"PermitNum":202126732,"IssuedDate":1642082520000,"StatusCurrent":"Final Inspection Made                                       ","ApplicationType":"Int/Ext Alterations","Description":"Rooftop Solar Installation 13.04kW(33 panels)","TotalCost":26080,"FinalCO":null,"FinalCODate":null,"CensusTract":"155.00 "}},{"type":"Feature","id":33550,"geometry":null,"properties":{"OBJECTID":33550,"PermitNum":202126324,"IssuedDate":1641816780000,"StatusCurrent":"Final Inspection Made                                       ","ApplicationType":"Int/Ext Alterations","Description":"Install solar panels, electric work, Enphase Encharge battery on roof, new main breaker, new back up panel. Temp disconnect req.","TotalCost":59184,"FinalCO":null,"FinalCODate":null,"CensusTract":"104.04 "}},{"type":"Feature","id":25500,"geometry":null,"properties":{"OBJECTID":25500,"PermitNum":202120368,"IssuedDate":1641390060000,"StatusCurrent":"Final Inspection Made                                       ","ApplicationType":"Int/Ext Alterations","Description":"solar installation on a church","TotalCost":60707,"FinalCO":null,"FinalCODate":null,"CensusTract":"105.00 "}},{"type":"Feature","id":55248,"geometry":null,"properties":{"OBJECTID":55248,"PermitNum":202126841,"IssuedDate":1641377580000,"StatusCurrent":"Final Inspection Made                                       ","ApplicationType":"Int/Ext Alterations","Description":"Install roof mounted solar panels, electrical work, new main breaker to house, new main service","TotalCost":39578,"FinalCO":null,"FinalCODate":null,"CensusTract":"157.07 "}},{"type":"Feature","id":10487,"geometry":null,"properties":{"OBJECTID":10487,"PermitNum":202125645,"IssuedDate":1641310560000,"StatusCurrent":"Final Inspection Made                                       ","ApplicationType":"Int/Ext Alterations","Description":"solar install","TotalCost":14220,"FinalCO":null,"FinalCODate":null,"CensusTract":"111.02 "}},{"type":"Feature","id":47867,"geometry":null,"properties":{"OBJECTID":47867,"PermitNum":202126322,"IssuedDate":1640184720000,"StatusCurrent":"Final Inspection Made                                       ","ApplicationType":"Int/Ext Alterations","Description":"Installation of 25 residential roof mounted solar panels 10.00 kW DC. 528.50 array sq. ft.","TotalCost":25000,"FinalCO":null,"FinalCODate":null,"CensusTract":"160.06 "}},{"type":"Feature","id":34019,"geometry":null,"properties":{"OBJECTID":34019,"PermitNum":202124834,"IssuedDate":1640183880000,"StatusCurrent":"Final Inspection Made                                       ","ApplicationType":"Int/Ext Alterations","Description":"Rooftop Solar Installation 5.68kW(16 panels)","TotalCost":11360,"FinalCO":"Y","FinalCODate":1651234140000,"CensusTract":"153.01 "}},{"type":"Feature","id":5883,"geometry":null,"properties":{"OBJECTID":5883,"PermitNum":202125584,"IssuedDate":1640092440000,"StatusCurrent":"Final Inspection Made                                       ","ApplicationType":"Int/Ext Alterations","Description":"Installation of solar panels and coinciding electrical work, on existing residential roof. Tempor...","TotalCost":36562,"FinalCO":null,"FinalCODate":null,"CensusTract":"165.06 "}},{"type":"Feature","id":26132,"geometry":null,"properties":{"OBJECTID":26132,"PermitNum":202124093,"IssuedDate":1639748040000,"StatusCurrent":"Final Inspection Made                                       ","ApplicationType":"Int/Ext Alterations","Description":"Installation of a 10.26kW residential roof-mounted solar system.","TotalCost":23187,"FinalCO":null,"FinalCODate":null,"CensusTract":"125.05 "}},{"type":"Feature","id":18906,"geometry":null,"properties":{"OBJECTID":18906,"PermitNum":202124094,"IssuedDate":1639747980000,"StatusCurrent":"Final Inspection Made                                       ","ApplicationType":"Int/Ext Alterations","Description":"Installation of a 7.22kW residential roof-mounted solar system","TotalCost":18772,"FinalCO":null,"FinalCODate":null,"CensusTract":"107.02 "}},{"type":"Feature","id":56751,"geometry":null,"properties":{"OBJECTID":56751,"PermitNum":202121011,"IssuedDate":1639729560000,"StatusCurrent":"Final Inspection Made                                       ","ApplicationType":"Int/Ext Alterations","Description":"Installation of 23 residential roof mounted solar panels 9.20 kW DC.  486 array sq. ft.","TotalCost":23000,"FinalCO":null,"FinalCODate":null,"CensusTract":"157.06 "}},{"type":"Feature","id":2020,"geometry":null,"properties":{"OBJECTID":2020,"PermitNum":202124092,"IssuedDate":1639729440000,"StatusCurrent":"Final Inspection Made                                       ","ApplicationType":"Int/Ext Alterations","Description":"Installation of 26 roof solar panels 10.40kwdc 480 Array SF","TotalCost":26000,"FinalCO":null,"FinalCODate":null,"CensusTract":"167.01 "}},{"type":"Feature","id":36788,"geometry":null,"properties":{"OBJECTID":36788,"PermitNum":202124071,"IssuedDate":1639728780000,"StatusCurrent":"Final Inspection Made                                       ","ApplicationType":"Int/Ext Alterations","Description":"Installation of a 11.4kW residential Solar system.","TotalCost":25878,"FinalCO":null,"FinalCODate":null,"CensusTract":"125.11 "}},{"type":"Feature","id":51766,"geometry":null,"properties":{"OBJECTID":51766,"PermitNum":202118165,"IssuedDate":1639664520000,"StatusCurrent":"Final Inspection Made                                       ","ApplicationType":"Int/Ext Alterations","Description":"solar installation","TotalCost":14800,"FinalCO":null,"FinalCODate":null,"CensusTract":"119.05 "}},{"type":"Feature","id":5399,"geometry":null,"properties":{"OBJECTID":5399,"PermitNum":202121322,"IssuedDate":1639663260000,"StatusCurrent":"Final Inspection Made                                       ","ApplicationType":"Int/Ext Alterations","Description":"26 solar panels installed on roof.","TotalCost":38108,"FinalCO":null,"FinalCODate":null,"CensusTract":"128.05 "}},{"type":"Feature","id":43666,"geometry":null,"properties":{"OBJECTID":43666,"PermitNum":202124544,"IssuedDate":1639569300000,"StatusCurrent":"Final Inspection Made                                       ","ApplicationType":"Int/Ext Alterations","Description":"solar installation","TotalCost":22050,"FinalCO":"Y","FinalCODate":1642084500000,"CensusTract":"127.03 "}},{"type":"Feature","id":26367,"geometry":null,"properties":{"OBJECTID":26367,"PermitNum":202124532,"IssuedDate":1639566360000,"StatusCurrent":"Final Inspection Made                                       ","ApplicationType":"Int/Ext Alterations","Description":"solar installation","TotalCost":2887,"FinalCO":null,"FinalCODate":null,"CensusTract":"161.03 "}},{"type":"Feature","id":46408,"geometry":null,"properties":{"OBJECTID":46408,"PermitNum":202123728,"IssuedDate":1639566300000,"StatusCurrent":"Final Inspection Made                                       ","ApplicationType":"Int/Ext Alterations","Description":"solar installation","TotalCost":6856,"FinalCO":null,"FinalCODate":null,"CensusTract":"119.04 "}},{"type":"Feature","id":56116,"geometry":null,"properties":{"OBJECTID":56116,"PermitNum":202125113,"IssuedDate":1639492200000,"StatusCurrent":"Final Inspection Made                                       ","ApplicationType":"Int/Ext Alterations","Description":"solar installation","TotalCost":59740,"FinalCO":null,"FinalCODate":null,"CensusTract":"155.00 "}},{"type":"Feature","id":57823,"geometry":null,"properties":{"OBJECTID":57823,"PermitNum":202124836,"IssuedDate":1639387560000,"StatusCurrent":"Final Inspection Made                                       ","ApplicationType":"Int/Ext Alterations","Description":"Rooftop Solar Installation 10.27kW(26 panels)","TotalCost":20540,"FinalCO":null,"FinalCODate":null,"CensusTract":"151.00 "}},{"type":"Feature","id":39644,"geometry":null,"properties":{"OBJECTID":39644,"PermitNum":202124426,"IssuedDate":1639135740000,"StatusCurrent":"Final Inspection Made                                       ","ApplicationType":"Int/Ext Alterations","Description":"solar install","TotalCost":23106,"FinalCO":null,"FinalCODate":null,"CensusTract":"125.03 "}},{"type":"Feature","id":7880,"geometry":null,"properties":{"OBJECTID":7880,"PermitNum":202124006,"IssuedDate":1638974340000,"StatusCurrent":"Final Inspection Made                                       ","ApplicationType":"Int/Ext Alterations","Description":"18 Roof Mounted Solar P/V on a single-family home","TotalCost":15700,"FinalCO":null,"FinalCODate":null,"CensusTract":"126.17 "}},{"type":"Feature","id":35266,"geometry":null,"properties":{"OBJECTID":35266,"PermitNum":202123507,"IssuedDate":1638962640000,"StatusCurrent":"Final Inspection Made                                       ","ApplicationType":"Int/Ext Alterations","Description":"roof mounted solar system 10 panels","TotalCost":19428,"FinalCO":null,"FinalCODate":null,"CensusTract":"153.01 "}},{"type":"Feature","id":30201,"geometry":null,"properties":{"OBJECTID":30201,"PermitNum":202124275,"IssuedDate":1638873180000,"StatusCurrent":"Final Inspection Made                                       ","ApplicationType":"Int/Ext Alterations","Description":"19 Roof Mounted Solar Panels","TotalCost":19000,"FinalCO":null,"FinalCODate":null,"CensusTract":"125.05 "}},{"type":"Feature","id":3456,"geometry":null,"properties":{"OBJECTID":3456,"PermitNum":202123221,"IssuedDate":1638790740000,"StatusCurrent":"Final Inspection Made                                       ","ApplicationType":"Int/Ext Alterations","Description":"solar install","TotalCost":34518,"FinalCO":null,"FinalCODate":null,"CensusTract":"128.04 "}},{"type":"Feature","id":35099,"geometry":null,"properties":{"OBJECTID":35099,"PermitNum":202123727,"IssuedDate":1638444300000,"StatusCurrent":"Final Inspection Made                                       ","ApplicationType":"Int/Ext Alterations","Description":"solar installation","TotalCost":34614,"FinalCO":null,"FinalCODate":null,"CensusTract":"103.00 "}},{"type":"Feature","id":55412,"geometry":null,"properties":{"OBJECTID":55412,"PermitNum":202123334,"IssuedDate":1638280320000,"StatusCurrent":"Final Inspection Made                                       ","ApplicationType":"Int/Ext Alterations","Description":"solar install","TotalCost":4330,"FinalCO":null,"FinalCODate":null,"CensusTract":"157.06 "}},{"type":"Feature","id":54569,"geometry":null,"properties":{"OBJECTID":54569,"PermitNum":202122325,"IssuedDate":1637675760000,"StatusCurrent":"Final Inspection Made                                       ","ApplicationType":"Int/Ext Alterations","Description":"solar installation","TotalCost":29988,"FinalCO":null,"FinalCODate":null,"CensusTract":"154.02 "}},{"type":"Feature","id":58834,"geometry":null,"properties":{"OBJECTID":58834,"PermitNum":202122967,"IssuedDate":1637675460000,"StatusCurrent":"Final Inspection Made                                       ","ApplicationType":"Int/Ext Alterations","Description":"Roof mounted solar panels","TotalCost":28964,"FinalCO":null,"FinalCODate":null,"CensusTract":"151.00 "}},{"type":"Feature","id":59120,"geometry":null,"properties":{"OBJECTID":59120,"PermitNum":202122968,"IssuedDate":1637675280000,"StatusCurrent":"Final Inspection Made                                       ","ApplicationType":"Int/Ext Alterations","Description":"Roof mounted solar system","TotalCost":23799,"FinalCO":"Y","FinalCODate":1648826340000,"CensusTract":"151.00 "}},{"type":"Feature","id":2165,"geometry":null,"properties":{"OBJECTID":2165,"PermitNum":202122910,"IssuedDate":1637336340000,"StatusCurrent":"Final Inspection Made                                       ","ApplicationType":"Int/Ext Alterations","Description":"Installation of 10 solar panels and coinciding electrical work, on existing residential roof.","TotalCost":25283,"FinalCO":"Y","FinalCODate":1644910140000,"CensusTract":"168.00 "}},{"type":"Feature","id":54851,"geometry":null,"properties":{"OBJECTID":54851,"PermitNum":202122651,"IssuedDate":1637313180000,"StatusCurrent":"Final Inspection Made                                       ","ApplicationType":"Int/Ext Alterations","Description":"solar installation","TotalCost":17020,"FinalCO":"Y","FinalCODate":1647515640000,"CensusTract":"155.00 "}},{"type":"Feature","id":33754,"geometry":null,"properties":{"OBJECTID":33754,"PermitNum":202122488,"IssuedDate":1637313060000,"StatusCurrent":"Final Inspection Made                                       ","ApplicationType":"Int/Ext Alterations","Description":"solar installation","TotalCost":14800,"FinalCO":null,"FinalCODate":null,"CensusTract":"101.00 "}},{"type":"Feature","id":55148,"geometry":null,"properties":{"OBJECTID":55148,"PermitNum":202121969,"IssuedDate":1637241360000,"StatusCurrent":"Final Inspection Made                                       ","ApplicationType":"Int/Ext Alterations","Description":"solar installation","TotalCost":7218,"FinalCO":"Y","FinalCODate":1646649000000,"CensusTract":"160.05 "}},{"type":"Feature","id":10964,"geometry":null,"properties":{"OBJECTID":10964,"PermitNum":202120925,"IssuedDate":1637075040000,"StatusCurrent":"Final Inspection Made                                       ","ApplicationType":"Int/Ext Alterations","Description":"solar installation","TotalCost":15430,"FinalCO":null,"FinalCODate":null,"CensusTract":"111.02 "}},{"type":"Feature","id":10921,"geometry":null,"properties":{"OBJECTID":10921,"PermitNum":202121074,"IssuedDate":1637074980000,"StatusCurrent":"Final Inspection Made                                       ","ApplicationType":"Int/Ext Alterations","Description":"Installation of a roof-mounted 4.55 kW solar PV system consisting of 14 modules and 1 inverter","TotalCost":13545,"FinalCO":null,"FinalCODate":null,"CensusTract":"114.00 "}},{"type":"Feature","id":21301,"geometry":null,"properties":{"OBJECTID":21301,"PermitNum":202121075,"IssuedDate":1637074860000,"StatusCurrent":"Final Inspection Made                                       ","ApplicationType":"Int/Ext Alterations","Description":"Installation of roof-mounted 5.2 kW solar PV system consisting of 16 modules and 1 inverter.","TotalCost":15430,"FinalCO":null,"FinalCODate":null,"CensusTract":"111.01 "}},{"type":"Feature","id":15732,"geometry":null,"properties":{"OBJECTID":15732,"PermitNum":202121051,"IssuedDate":1637074740000,"StatusCurrent":"Final Inspection Made                                       ","ApplicationType":"Int/Ext Alterations","Description":"nstallation of a roof-mounted solar PV system consisting of 16 modules and 1 inverter","TotalCost":15430,"FinalCO":null,"FinalCODate":null,"CensusTract":"112.02 "}},{"type":"Feature","id":12105,"geometry":null,"properties":{"OBJECTID":12105,"PermitNum":202121078,"IssuedDate":1637074260000,"StatusCurrent":"Final Inspection Made                                       ","ApplicationType":"Int/Ext Alterations","Description":"Installation of roof-mounted 5.2 kW solar PV system consisting of 16 modules and 1 inverter","TotalCost":15430,"FinalCO":null,"FinalCODate":null,"CensusTract":"111.02 "}},{"type":"Feature","id":15533,"geometry":null,"properties":{"OBJECTID":15533,"PermitNum":202122363,"IssuedDate":1637074140000,"StatusCurrent":"Final Inspection Made                                       ","ApplicationType":"Int/Ext Alterations","Description":"solar installation","TotalCost":15430,"FinalCO":null,"FinalCODate":null,"CensusTract":"112.02 "}},{"type":"Feature","id":15898,"geometry":null,"properties":{"OBJECTID":15898,"PermitNum":202122414,"IssuedDate":1637073840000,"StatusCurrent":"Final Inspection Made                                       ","ApplicationType":"Int/Ext Alterations","Description":"solar installation.","TotalCost":15430,"FinalCO":null,"FinalCODate":null,"CensusTract":"112.02 "}},{"type":"Feature","id":13499,"geometry":null,"properties":{"OBJECTID":13499,"PermitNum":202122459,"IssuedDate":1637073600000,"StatusCurrent":"Final Inspection Made                                       ","ApplicationType":"Int/Ext Alterations","Description":"solar installation.","TotalCost":15430,"FinalCO":null,"FinalCODate":null,"CensusTract":"112.02 "}},{"type":"Feature","id":2096,"geometry":null,"properties":{"OBJECTID":2096,"PermitNum":202121678,"IssuedDate":1636979820000,"StatusCurrent":"Final Inspection Made                                       ","ApplicationType":"Int/Ext Alterations","Description":"solar installation","TotalCost":11000,"FinalCO":null,"FinalCODate":null,"CensusTract":"167.01 "}},{"type":"Feature","id":32004,"geometry":null,"properties":{"OBJECTID":32004,"PermitNum":202122333,"IssuedDate":1636726140000,"StatusCurrent":"Final Inspection Made                                       ","ApplicationType":"Int/Ext Alterations","Description":"solar installation","TotalCost":33657,"FinalCO":null,"FinalCODate":null,"CensusTract":"103.00 "}},{"type":"Feature","id":2749,"geometry":null,"properties":{"OBJECTID":2749,"PermitNum":202121993,"IssuedDate":1636711260000,"StatusCurrent":"Final Inspection Made                                       ","ApplicationType":"Int/Ext Alterations","Description":"solar installation","TotalCost":6857,"FinalCO":null,"FinalCODate":null,"CensusTract":"168.00 "}},{"type":"Feature","id":33122,"geometry":null,"properties":{"OBJECTID":33122,"PermitNum":202120926,"IssuedDate":1636707420000,"StatusCurrent":"Final Inspection Made                                       ","ApplicationType":"Int/Ext Alterations","Description":"solar installation","TotalCost":19494,"FinalCO":"Y","FinalCODate":1639403580000,"CensusTract":"125.09 "}},{"type":"Feature","id":8467,"geometry":null,"properties":{"OBJECTID":8467,"PermitNum":202118909,"IssuedDate":1636550280000,"StatusCurrent":"Final Inspection Made                                       ","ApplicationType":"Int/Ext Alterations","Description":"Solar","TotalCost":34837,"FinalCO":null,"FinalCODate":null,"CensusTract":"128.05 "}},{"type":"Feature","id":8322,"geometry":null,"properties":{"OBJECTID":8322,"PermitNum":202118116,"IssuedDate":1636550160000,"StatusCurrent":"Final Inspection Made                                       ","ApplicationType":"Int/Ext Alterations","Description":"Solar installation.","TotalCost":23564,"FinalCO":null,"FinalCODate":null,"CensusTract":"128.05 "}},{"type":"Feature","id":57607,"geometry":null,"properties":{"OBJECTID":57607,"PermitNum":202120844,"IssuedDate":1636550040000,"StatusCurrent":"Final Inspection Made                                       ","ApplicationType":"Int/Ext Alterations","Description":"solar installation","TotalCost":31783,"FinalCO":"Y","FinalCODate":1686039060000,"CensusTract":"151.00 "}},{"type":"Feature","id":2132,"geometry":null,"properties":{"OBJECTID":2132,"PermitNum":202121970,"IssuedDate":1636452180000,"StatusCurrent":"Final Inspection Made                                       ","ApplicationType":"Int/Ext Alterations","Description":"solar installation","TotalCost":17216,"FinalCO":null,"FinalCODate":null,"CensusTract":"167.01 "}},{"type":"Feature","id":58521,"geometry":null,"properties":{"OBJECTID":58521,"PermitNum":202121020,"IssuedDate":1636111980000,"StatusCurrent":"Final Inspection Made                                       ","ApplicationType":"Int/Ext Alterations","Description":"5.6 kW PV Solar Panel Installation on Roof - 14 Panels","TotalCost":5052,"FinalCO":null,"FinalCODate":null,"CensusTract":"151.00 "}},{"type":"Feature","id":58583,"geometry":null,"properties":{"OBJECTID":58583,"PermitNum":202121081,"IssuedDate":1636111860000,"StatusCurrent":"Final Inspection Made                                       ","ApplicationType":"Int/Ext Alterations","Description":"6.4 kW PV Solar Panel Installation on Roof","TotalCost":5774,"FinalCO":null,"FinalCODate":null,"CensusTract":"151.00 "}},{"type":"Feature","id":10923,"geometry":null,"properties":{"OBJECTID":10923,"PermitNum":202121103,"IssuedDate":1636032240000,"StatusCurrent":"Final Inspection Made                                       ","ApplicationType":"Int/Ext Alterations","Description":"Installation of roof-mounted 5.2 kW solar PV system consisting of 16 modules and 1 inverter","TotalCost":15430,"FinalCO":null,"FinalCODate":null,"CensusTract":"115.00 "}},{"type":"Feature","id":10669,"geometry":null,"properties":{"OBJECTID":10669,"PermitNum":202121781,"IssuedDate":1636026060000,"StatusCurrent":"Final Inspection Made                                       ","ApplicationType":"Int/Ext Alterations","Description":"solar installation","TotalCost":44895,"FinalCO":null,"FinalCODate":null,"CensusTract":"111.02 "}},{"type":"Feature","id":33655,"geometry":null,"properties":{"OBJECTID":33655,"PermitNum":202120144,"IssuedDate":1635865080000,"StatusCurrent":"Final Inspection Made                                       ","ApplicationType":"Int/Ext Alterations","Description":"solar installation","TotalCost":14399,"FinalCO":"Y","FinalCODate":1636127220000,"CensusTract":"125.08 "}},{"type":"Feature","id":53917,"geometry":null,"properties":{"OBJECTID":53917,"PermitNum":202120258,"IssuedDate":1635854040000,"StatusCurrent":"Final Inspection Made                                       ","ApplicationType":"Int/Ext Alterations","Description":"solar installation","TotalCost":19240,"FinalCO":null,"FinalCODate":null,"CensusTract":"155.00 "}},{"type":"Feature","id":34793,"geometry":null,"properties":{"OBJECTID":34793,"PermitNum":202120869,"IssuedDate":1635151860000,"StatusCurrent":"Final Inspection Made                                       ","ApplicationType":"Int/Ext Alterations","Description":"solar installation","TotalCost":25160,"FinalCO":"Y","FinalCODate":1647850920000,"CensusTract":"153.01 "}},{"type":"Feature","id":54950,"geometry":null,"properties":{"OBJECTID":54950,"PermitNum":202119961,"IssuedDate":1634807520000,"StatusCurrent":"Final Inspection Made                                       ","ApplicationType":"Int/Ext Alterations","Description":"solar installation","TotalCost":6496,"FinalCO":"Y","FinalCODate":1651148700000,"CensusTract":"155.00 "}},{"type":"Feature","id":2090,"geometry":null,"properties":{"OBJECTID":2090,"PermitNum":202112742,"IssuedDate":1634648280000,"StatusCurrent":"Final Inspection Made                                       ","ApplicationType":"Int/Ext Alterations","Description":"INSTALLATION OF 19 ROOF MOUNTED SOLAR PANELS 6.46 KWDC 351.12 ARRAY SF","TotalCost":26809,"FinalCO":null,"FinalCODate":null,"CensusTract":"167.01 "}},{"type":"Feature","id":28123,"geometry":null,"properties":{"OBJECTID":28123,"PermitNum":202119567,"IssuedDate":1634644440000,"StatusCurrent":"Final Inspection Made                                       ","ApplicationType":"Int/Ext Alterations","Description":"Solar","TotalCost":7218,"FinalCO":"Y","FinalCODate":1638516480000,"CensusTract":"161.02 "}},{"type":"Feature","id":26133,"geometry":null,"properties":{"OBJECTID":26133,"PermitNum":202119962,"IssuedDate":1634643780000,"StatusCurrent":"Final Inspection Made                                       ","ApplicationType":"Int/Ext Alterations","Description":"Solar installation","TotalCost":3722,"FinalCO":"Y","FinalCODate":1638181740000,"CensusTract":"161.03 "}},{"type":"Feature","id":41408,"geometry":null,"properties":{"OBJECTID":41408,"PermitNum":202120315,"IssuedDate":1634643660000,"StatusCurrent":"Final Inspection Made                                       ","ApplicationType":"Int/Ext Alterations","Description":"solar installation","TotalCost":5052,"FinalCO":null,"FinalCODate":null,"CensusTract":"127.04 "}},{"type":"Feature","id":25873,"geometry":null,"properties":{"OBJECTID":25873,"PermitNum":202119423,"IssuedDate":1634560380000,"StatusCurrent":"Final Inspection Made                                       ","ApplicationType":"Int/Ext Alterations","Description":"solar installation","TotalCost":14060,"FinalCO":null,"FinalCODate":null,"CensusTract":"125.04 "}},{"type":"Feature","id":58758,"geometry":null,"properties":{"OBJECTID":58758,"PermitNum":202119425,"IssuedDate":1634560140000,"StatusCurrent":"Final Inspection Made                                       ","ApplicationType":"Int/Ext Alterations","Description":"Solar Installation","TotalCost":38480,"FinalCO":"Y","FinalCODate":1651234380000,"CensusTract":"151.00 "}},{"type":"Feature","id":35437,"geometry":null,"properties":{"OBJECTID":35437,"PermitNum":202117796,"IssuedDate":1634285340000,"StatusCurrent":"Final Inspection Made                                       ","ApplicationType":"Int/Ext Alterations","Description":"Installing a 12.24 kW rooftop solar system","TotalCost":24480,"FinalCO":null,"FinalCODate":null,"CensusTract":"125.11 "}},{"type":"Feature","id":29938,"geometry":null,"properties":{"OBJECTID":29938,"PermitNum":202117794,"IssuedDate":1634141460000,"StatusCurrent":"Final Inspection Made                                       ","ApplicationType":"Int/Ext Alterations","Description":"Installing a 8.28 kW rooftop solar system","TotalCost":16560,"FinalCO":"Y","FinalCODate":1636989000000,"CensusTract":"104.01 "}},{"type":"Feature","id":17448,"geometry":null,"properties":{"OBJECTID":17448,"PermitNum":202118168,"IssuedDate":1632301020000,"StatusCurrent":"Final Inspection Made                                       ","ApplicationType":"Int/Ext Alterations","Description":"solar installation","TotalCost":12580,"FinalCO":null,"FinalCODate":null,"CensusTract":"153.02 "}},{"type":"Feature","id":24893,"geometry":null,"properties":{"OBJECTID":24893,"PermitNum":202117650,"IssuedDate":1631876940000,"StatusCurrent":"Final Inspection Made                                       ","ApplicationType":"Int/Ext Alterations","Description":"roof mounted solar array\r\n","TotalCost":29500,"FinalCO":"Y","FinalCODate":1638516060000,"CensusTract":"161.02 "}},{"type":"Feature","id":5779,"geometry":null,"properties":{"OBJECTID":5779,"PermitNum":202117651,"IssuedDate":1631703600000,"StatusCurrent":"Final Inspection Made                                       ","ApplicationType":"Int/Ext Alterations","Description":"Solar","TotalCost":23846,"FinalCO":null,"FinalCODate":null,"CensusTract":"128.05 "}},{"type":"Feature","id":57909,"geometry":null,"properties":{"OBJECTID":57909,"PermitNum":202116263,"IssuedDate":1631611560000,"StatusCurrent":"Final Inspection Made                                       ","ApplicationType":"Int/Ext Alterations","Description":"INSTALLATION OF 14 ROOF MOUNTED SOLAR PANELS 4.76 KW","TotalCost":23754,"FinalCO":"Y","FinalCODate":1642768800000,"CensusTract":"151.00 "}},{"type":"Feature","id":56760,"geometry":null,"properties":{"OBJECTID":56760,"PermitNum":202116980,"IssuedDate":1631005200000,"StatusCurrent":"Final Inspection Made                                       ","ApplicationType":"Int/Ext Alterations","Description":"ROOF MOUNTED SOLAR PV ARRAY","TotalCost":15947,"FinalCO":"Y","FinalCODate":1633964820000,"CensusTract":"157.06 "}},{"type":"Feature","id":181,"geometry":null,"properties":{"OBJECTID":181,"PermitNum":202114823,"IssuedDate":1630322640000,"StatusCurrent":"Final Inspection Made                                       ","ApplicationType":"Int/Ext Alterations","Description":"Installation of a 11.47 kw roof mounted solar system","TotalCost":33202,"FinalCO":null,"FinalCODate":null,"CensusTract":"167.01 "}},{"type":"Feature","id":19605,"geometry":null,"properties":{"OBJECTID":19605,"PermitNum":202116044,"IssuedDate":1629710400000,"StatusCurrent":"Final Inspection Made                                       ","ApplicationType":"Int/Ext Alterations","Description":"INSTALLATION OF A 7.82KW ROOF MOUNT SOLAR SYSTEM","TotalCost":18768,"FinalCO":null,"FinalCODate":null,"CensusTract":"106.02 "}},{"type":"Feature","id":2709,"geometry":null,"properties":{"OBJECTID":2709,"PermitNum":202116029,"IssuedDate":1629710160000,"StatusCurrent":"Final Inspection Made                                       ","ApplicationType":"Int/Ext Alterations","Description":"roof mounted solar array","TotalCost":15120,"FinalCO":null,"FinalCODate":null,"CensusTract":"168.00 "}},{"type":"Feature","id":33362,"geometry":null,"properties":{"OBJECTID":33362,"PermitNum":202115959,"IssuedDate":1629709800000,"StatusCurrent":"Final Inspection Made                                       ","ApplicationType":"Int/Ext Alterations","Description":"ROOFTOP MOUNTED SOLAR ARRAY","TotalCost":7109,"FinalCO":"Y","FinalCODate":1635765060000,"CensusTract":"161.01 "}},{"type":"Feature","id":47657,"geometry":null,"properties":{"OBJECTID":47657,"PermitNum":202115735,"IssuedDate":1629709140000,"StatusCurrent":"Final Inspection Made                                       ","ApplicationType":"Int/Ext Alterations","Description":"ROOF MOUNTED SOLAR ARRAY","TotalCost":6766,"FinalCO":"Y","FinalCODate":1633351080000,"CensusTract":"157.03 "}},{"type":"Feature","id":41402,"geometry":null,"properties":{"OBJECTID":41402,"PermitNum":202115829,"IssuedDate":1629708960000,"StatusCurrent":"Final Inspection Made                                       ","ApplicationType":"Int/Ext Alterations","Description":"Rooftop mounted solar array","TotalCost":7109,"FinalCO":null,"FinalCODate":null,"CensusTract":"127.04 "}},{"type":"Feature","id":3232,"geometry":null,"properties":{"OBJECTID":3232,"PermitNum":202115827,"IssuedDate":1629708660000,"StatusCurrent":"Final Inspection Made                                       ","ApplicationType":"Int/Ext Alterations","Description":"ROOFTOP MOUNTED SOLAR ARRAY","TotalCost":6432,"FinalCO":null,"FinalCODate":null,"CensusTract":"126.12 "}},{"type":"Feature","id":17614,"geometry":null,"properties":{"OBJECTID":17614,"PermitNum":202115517,"IssuedDate":1628864040000,"StatusCurrent":"Final Inspection Made                                       ","ApplicationType":"Int/Ext Alterations","Description":"Install (14) solar panels onto ex'g residential roof","TotalCost":31943,"FinalCO":null,"FinalCODate":null,"CensusTract":"112.01 "}},{"type":"Feature","id":3239,"geometry":null,"properties":{"OBJECTID":3239,"PermitNum":202115552,"IssuedDate":1628864040000,"StatusCurrent":"Final Inspection Made                                       ","ApplicationType":"Int/Ext Alterations","Description":"ROOFTOP SOLAR INSTALLATION 6.12 KW 18 PANELS","TotalCost":12240,"FinalCO":null,"FinalCODate":null,"CensusTract":"126.21 "}},{"type":"Feature","id":46845,"geometry":null,"properties":{"OBJECTID":46845,"PermitNum":202115548,"IssuedDate":1628864040000,"StatusCurrent":"Final Inspection Made                                       ","ApplicationType":"Int/Ext Alterations","Description":"Rooftop solar installation 13.32kw (36 panels)","TotalCost":26640,"FinalCO":null,"FinalCODate":null,"CensusTract":"160.09 "}},{"type":"Feature","id":55531,"geometry":null,"properties":{"OBJECTID":55531,"PermitNum":202115515,"IssuedDate":1628863920000,"StatusCurrent":"Final Inspection Made                                       ","ApplicationType":"Int/Ext Alterations","Description":"INSTALLATION OF ROOF MOUNTED SOLAR 30 PANELS","TotalCost":28468,"FinalCO":"Y","FinalCODate":1632481140000,"CensusTract":"157.06 "}},{"type":"Feature","id":49223,"geometry":null,"properties":{"OBJECTID":49223,"PermitNum":202115425,"IssuedDate":1628860500000,"StatusCurrent":"Final Inspection Made                                       ","ApplicationType":"Int/Ext Alterations","Description":"Installation of 18 LG 365 solar PV panels on existing roof","TotalCost":37040,"FinalCO":null,"FinalCODate":null,"CensusTract":"119.05 "}},{"type":"Feature","id":33240,"geometry":null,"properties":{"OBJECTID":33240,"PermitNum":202115431,"IssuedDate":1628859180000,"StatusCurrent":"Final Inspection Made                                       ","ApplicationType":"Int/Ext Alterations","Description":"15 Roof mounted modules grid tied 5.10kw solar and battery installation.","TotalCost":53895,"FinalCO":null,"FinalCODate":null,"CensusTract":"125.08 "}},{"type":"Feature","id":57278,"geometry":null,"properties":{"OBJECTID":57278,"PermitNum":202115459,"IssuedDate":1628859060000,"StatusCurrent":"Final Inspection Made                                       ","ApplicationType":"Int/Ext Alterations","Description":"Installation of 30 roof mounted solar panels. 10.20KWDC, 554.4Sq","TotalCost":28464,"FinalCO":null,"FinalCODate":null,"CensusTract":"154.01 "}},{"type":"Feature","id":29951,"geometry":null,"properties":{"OBJECTID":29951,"PermitNum":202115511,"IssuedDate":1628857440000,"StatusCurrent":"Final Inspection Made                                       ","ApplicationType":"Int/Ext Alterations","Description":"Install (20) solar panels onto ex'g residential roof","TotalCost":40058,"FinalCO":null,"FinalCODate":null,"CensusTract":"153.01 "}},{"type":"Feature","id":55246,"geometry":null,"properties":{"OBJECTID":55246,"PermitNum":202115293,"IssuedDate":1628503920000,"StatusCurrent":"Final Inspection Made                                       ","ApplicationType":"Int/Ext Alterations","Description":"ROOFTOP MOUNTED SOLAR ARRAY","TotalCost":7782,"FinalCO":null,"FinalCODate":null,"CensusTract":"157.06 "}},{"type":"Feature","id":5119,"geometry":null,"properties":{"OBJECTID":5119,"PermitNum":202115078,"IssuedDate":1628502420000,"StatusCurrent":"Final Inspection Made                                       ","ApplicationType":"Int/Ext Alterations","Description":"ROOFTOP MOUNTED SOLAR ARRAY","TotalCost":4736,"FinalCO":null,"FinalCODate":null,"CensusTract":"126.10 "}},{"type":"Feature","id":54610,"geometry":null,"properties":{"OBJECTID":54610,"PermitNum":202115076,"IssuedDate":1628502180000,"StatusCurrent":"Final Inspection Made                                       ","ApplicationType":"Int/Ext Alterations","Description":"ROOFTOP MOUNTED SOLAR ARRAY","TotalCost":3383,"FinalCO":"Y","FinalCODate":1633343040000,"CensusTract":"160.08 "}},{"type":"Feature","id":59078,"geometry":null,"properties":{"OBJECTID":59078,"PermitNum":202114790,"IssuedDate":1628501280000,"StatusCurrent":"Final Inspection Made                                       ","ApplicationType":"Int/Ext Alterations","Description":"Rooftop Solar Installation 5.92kw (16) panels","TotalCost":11840,"FinalCO":null,"FinalCODate":null,"CensusTract":"151.00 "}},{"type":"Feature","id":58473,"geometry":null,"properties":{"OBJECTID":58473,"PermitNum":202102340,"IssuedDate":1628069580000,"StatusCurrent":"Final Inspection Made                                       ","ApplicationType":"Int/Ext Alterations","Description":"ROOFTOP SOLAR INSTALLATION","TotalCost":33517,"FinalCO":"Y","FinalCODate":1628667540000,"CensusTract":"151.00 "}},{"type":"Feature","id":41218,"geometry":null,"properties":{"OBJECTID":41218,"PermitNum":202114863,"IssuedDate":1627898700000,"StatusCurrent":"Final Inspection Made                                       ","ApplicationType":"Int/Ext Alterations","Description":"ROOFTOP MOUNTED SOLAR ARRAY","TotalCost":5413,"FinalCO":"Y","FinalCODate":1638181980000,"CensusTract":"127.04 "}},{"type":"Feature","id":50725,"geometry":null,"properties":{"OBJECTID":50725,"PermitNum":202114792,"IssuedDate":1627898460000,"StatusCurrent":"Final Inspection Made                                       ","ApplicationType":"Int/Ext Alterations","Description":"ROOFTOP SOLAR INSTALLATION 6.39KW (18) PANELS","TotalCost":12780,"FinalCO":"Y","FinalCODate":1634736000000,"CensusTract":"119.05 "}},{"type":"Feature","id":51009,"geometry":null,"properties":{"OBJECTID":51009,"PermitNum":202114773,"IssuedDate":1627898280000,"StatusCurrent":"Final Inspection Made                                       ","ApplicationType":"Int/Ext Alterations","Description":"20 Roof mounted modules, grid 6.80kw solar and battery installation on an existing residence","TotalCost":63160,"FinalCO":null,"FinalCODate":null,"CensusTract":"119.05 "}},{"type":"Feature","id":54092,"geometry":null,"properties":{"OBJECTID":54092,"PermitNum":202114706,"IssuedDate":1627897920000,"StatusCurrent":"Final Inspection Made                                       ","ApplicationType":"Int/Ext Alterations","Description":"ROOFTOP MOUNTED SOLAR ARRAY","TotalCost":5413,"FinalCO":null,"FinalCODate":null,"CensusTract":"160.08 "}},{"type":"Feature","id":51629,"geometry":null,"properties":{"OBJECTID":51629,"PermitNum":202114703,"IssuedDate":1627897680000,"StatusCurrent":"Final Inspection Made                                       ","ApplicationType":"Int/Ext Alterations","Description":"ROOFTOP MOUNTED SOLAR ARRAY","TotalCost":6089,"FinalCO":null,"FinalCODate":null,"CensusTract":"160.08 "}},{"type":"Feature","id":32601,"geometry":null,"properties":{"OBJECTID":32601,"PermitNum":202114694,"IssuedDate":1627897380000,"StatusCurrent":"Final Inspection Made                                       ","ApplicationType":"Int/Ext Alterations","Description":"ROOFTOP MOUNTED SOLAR ARRAY","TotalCost":2706,"FinalCO":null,"FinalCODate":null,"CensusTract":"125.11 "}},{"type":"Feature","id":54823,"geometry":null,"properties":{"OBJECTID":54823,"PermitNum":202114684,"IssuedDate":1627896900000,"StatusCurrent":"Final Inspection Made                                       ","ApplicationType":"Int/Ext Alterations","Description":"INSTALL (16) SOLAR PANELS ONTO EX'G RESIDENTIAL ROOF","TotalCost":32251,"FinalCO":null,"FinalCODate":null,"CensusTract":"160.05 "}},{"type":"Feature","id":55580,"geometry":null,"properties":{"OBJECTID":55580,"PermitNum":202114248,"IssuedDate":1627292520000,"StatusCurrent":"Final Inspection Made                                       ","ApplicationType":"Int/Ext Alterations","Description":"Install 6.21 kw PV solar on roof","TotalCost":24509,"FinalCO":"Y","FinalCODate":1631807040000,"CensusTract":"160.08 "}},{"type":"Feature","id":6302,"geometry":null,"properties":{"OBJECTID":6302,"PermitNum":202114314,"IssuedDate":1627291020000,"StatusCurrent":"Final Inspection Made                                       ","ApplicationType":"Int/Ext Alterations","Description":"INSTALLATION OF 32 ROOF MOUNTED SOLAR PANELS 10.88 KW","TotalCost":27942,"FinalCO":null,"FinalCODate":null,"CensusTract":"128.03 "}},{"type":"Feature","id":57207,"geometry":null,"properties":{"OBJECTID":57207,"PermitNum":202114301,"IssuedDate":1627290720000,"StatusCurrent":"Final Inspection Made                                       ","ApplicationType":"Int/Ext Alterations","Description":"ROOFTOP SOLAR INSTALLATION 5.61KW (17 PANELS)","TotalCost":25161,"FinalCO":"Y","FinalCODate":1628154300000,"CensusTract":"157.06 "}},{"type":"Feature","id":48018,"geometry":null,"properties":{"OBJECTID":48018,"PermitNum":202114095,"IssuedDate":1627288980000,"StatusCurrent":"Final Inspection Made                                       ","ApplicationType":"Int/Ext Alterations","Description":"REMOVAL AND RE-INSTALLATION OF EXISTING SOLAR ARRAY FROM NORTH FACING TO SOUTH FACING VIA DOI APT 2","TotalCost":2500,"FinalCO":"Y","FinalCODate":1634821740000,"CensusTract":"157.07 "}},{"type":"Feature","id":23926,"geometry":null,"properties":{"OBJECTID":23926,"PermitNum":202113913,"IssuedDate":1626687060000,"StatusCurrent":"Final Inspection Made                                       ","ApplicationType":"Int/Ext Alterations","Description":"Roof mounted solar panels","TotalCost":27170,"FinalCO":null,"FinalCODate":null,"CensusTract":"107.01 "}},{"type":"Feature","id":5381,"geometry":null,"properties":{"OBJECTID":5381,"PermitNum":202113889,"IssuedDate":1626686580000,"StatusCurrent":"Final Inspection Made                                       ","ApplicationType":"Int/Ext Alterations","Description":"Rooftop Solar installation","TotalCost":14200,"FinalCO":null,"FinalCODate":null,"CensusTract":"165.06 "}},{"type":"Feature","id":2055,"geometry":null,"properties":{"OBJECTID":2055,"PermitNum":202113794,"IssuedDate":1626686280000,"StatusCurrent":"Final Inspection Made                                       ","ApplicationType":"Int/Ext Alterations","Description":"Installation of solar panels flat on residential roof.","TotalCost":15750,"FinalCO":null,"FinalCODate":null,"CensusTract":"167.01 "}},{"type":"Feature","id":47020,"geometry":null,"properties":{"OBJECTID":47020,"PermitNum":202113341,"IssuedDate":1626107820000,"StatusCurrent":"Final Inspection Made                                       ","ApplicationType":"Int/Ext Alterations","Description":"Photovoltaic roof mount system","TotalCost":19545,"FinalCO":null,"FinalCODate":null,"CensusTract":"154.02 "}},{"type":"Feature","id":7287,"geometry":null,"properties":{"OBJECTID":7287,"PermitNum":202113344,"IssuedDate":1626104100000,"StatusCurrent":"Final Inspection Made                                       ","ApplicationType":"Int/Ext Alterations","Description":"Photovoltaic roof mount system","TotalCost":19545,"FinalCO":null,"FinalCODate":null,"CensusTract":"126.10 "}},{"type":"Feature","id":4998,"geometry":null,"properties":{"OBJECTID":4998,"PermitNum":202113323,"IssuedDate":1626095280000,"StatusCurrent":"Final Inspection Made                                       ","ApplicationType":"Int/Ext Alterations","Description":"Rooftop mounted solar array","TotalCost":4059,"FinalCO":"Y","FinalCODate":1632998460000,"CensusTract":"165.05 "}},{"type":"Feature","id":6238,"geometry":null,"properties":{"OBJECTID":6238,"PermitNum":202113321,"IssuedDate":1626094920000,"StatusCurrent":"Final Inspection Made                                       ","ApplicationType":"Int/Ext Alterations","Description":"Rooftop mounted solar array","TotalCost":4402,"FinalCO":"Y","FinalCODate":1682002440000,"CensusTract":"165.06 "}},{"type":"Feature","id":51775,"geometry":null,"properties":{"OBJECTID":51775,"PermitNum":202113082,"IssuedDate":1626094800000,"StatusCurrent":"Final Inspection Made                                       ","ApplicationType":"Int/Ext Alterations","Description":"roof mounted solar array","TotalCost":5413,"FinalCO":null,"FinalCODate":null,"CensusTract":"160.09 "}},{"type":"Feature","id":6296,"geometry":null,"properties":{"OBJECTID":6296,"PermitNum":202113173,"IssuedDate":1626089220000,"StatusCurrent":"Final Inspection Made                                       ","ApplicationType":"Int/Ext Alterations","Description":"12 SOLAR PANELS BEING PLACED ON ROOF","TotalCost":22200,"FinalCO":null,"FinalCODate":null,"CensusTract":"128.03 "}},{"type":"Feature","id":54845,"geometry":null,"properties":{"OBJECTID":54845,"PermitNum":202113276,"IssuedDate":1626081000000,"StatusCurrent":"Final Inspection Made                                       ","ApplicationType":"Int/Ext Alterations","Description":"INSTALLATION OF ROOF MOUNTED SOLAR PANELS 4.76 KW","TotalCost":23038,"FinalCO":"Y","FinalCODate":1632488220000,"CensusTract":"154.02 "}},{"type":"Feature","id":53526,"geometry":null,"properties":{"OBJECTID":53526,"PermitNum":202113261,"IssuedDate":1626080880000,"StatusCurrent":"Final Inspection Made                                       ","ApplicationType":"Int/Ext Alterations","Description":"INSTALLATION OF 29 ROOF MOUNTED SOLAR PANELS 9.86 KW","TotalCost":43186,"FinalCO":null,"FinalCODate":null,"CensusTract":"160.08 "}},{"type":"Feature","id":17470,"geometry":null,"properties":{"OBJECTID":17470,"PermitNum":202112977,"IssuedDate":1626080400000,"StatusCurrent":"Final Inspection Made                                       ","ApplicationType":"Int/Ext Alterations","Description":"13 ROOF MOUNTED SOLAR MODULES, GRID TIED 4.42 KW","TotalCost":49951,"FinalCO":"Y","FinalCODate":1644593340000,"CensusTract":"153.00 "}},{"type":"Feature","id":3972,"geometry":null,"properties":{"OBJECTID":3972,"PermitNum":202112550,"IssuedDate":1625737500000,"StatusCurrent":"Final Inspection Made                                       ","ApplicationType":"Int/Ext Alterations","Description":"INSTALLATION OF 11.40 KW PV SOLAR SYSTEM ON ROOF","TotalCost":29610,"FinalCO":null,"FinalCODate":null,"CensusTract":"126.12 "}},{"type":"Feature","id":48108,"geometry":null,"properties":{"OBJECTID":48108,"PermitNum":202112926,"IssuedDate":1625649060000,"StatusCurrent":"Final Inspection Made                                       ","ApplicationType":"Int/Ext Alterations","Description":"ROOF MOUNTED SOLAR ARRAY","TotalCost":9134,"FinalCO":null,"FinalCODate":null,"CensusTract":"160.06 "}},{"type":"Feature","id":2197,"geometry":null,"properties":{"OBJECTID":2197,"PermitNum":202112933,"IssuedDate":1625564880000,"StatusCurrent":"Final Inspection Made                                       ","ApplicationType":"Int/Ext Alterations","Description":"INSTALL (42) SOLAR PANELS ONTO EX'G RESIDENTIAL ROOF","TotalCost":66756,"FinalCO":null,"FinalCODate":null,"CensusTract":"168.00 "}},{"type":"Feature","id":57090,"geometry":null,"properties":{"OBJECTID":57090,"PermitNum":202112820,"IssuedDate":1625564100000,"StatusCurrent":"Final Inspection Made                                       ","ApplicationType":"Int/Ext Alterations","Description":"INSTALLATION OF 10 ROOF MOUNTED SOLAR PANELS 3.40 KW","TotalCost":16966,"FinalCO":"Y","FinalCODate":1642750140000,"CensusTract":"154.01 "}},{"type":"Feature","id":57710,"geometry":null,"properties":{"OBJECTID":57710,"PermitNum":202112747,"IssuedDate":1625563920000,"StatusCurrent":"Final Inspection Made                                       ","ApplicationType":"Int/Ext Alterations","Description":"INSTALLATION OF 24 ROOF MOUNTED SOLAR PANELS 8.16 KWDC 443.52 ARRAY SF","TotalCost":28487,"FinalCO":"Y","FinalCODate":1642768740000,"CensusTract":"151.00 "}},{"type":"Feature","id":50298,"geometry":null,"properties":{"OBJECTID":50298,"PermitNum":202112603,"IssuedDate":1625563260000,"StatusCurrent":"Final Inspection Made                                       ","ApplicationType":"Int/Ext Alterations","Description":"ROOF MOUNTED SOLAR P/V","TotalCost":13296,"FinalCO":null,"FinalCODate":null,"CensusTract":"119.05 "}},{"type":"Feature","id":58768,"geometry":null,"properties":{"OBJECTID":58768,"PermitNum":202112601,"IssuedDate":1625562840000,"StatusCurrent":"Final Inspection Made                                       ","ApplicationType":"Int/Ext Alterations","Description":"Rooftop solar installation","TotalCost":24420,"FinalCO":"Y","FinalCODate":1639992420000,"CensusTract":"151.00 "}},{"type":"Feature","id":57055,"geometry":null,"properties":{"OBJECTID":57055,"PermitNum":202112489,"IssuedDate":1625148600000,"StatusCurrent":"Final Inspection Made                                       ","ApplicationType":"Int/Ext Alterations","Description":"ROOFTOP SOLAR INSTALLATION","TotalCost":17916,"FinalCO":null,"FinalCODate":null,"CensusTract":"154.01 "}},{"type":"Feature","id":5634,"geometry":null,"properties":{"OBJECTID":5634,"PermitNum":202112019,"IssuedDate":1624875840000,"StatusCurrent":"Final Inspection Made                                       ","ApplicationType":"Int/Ext Alterations","Description":"INSTALLATION OF (16) ROOF MOUNTED SOLAR PANELS","TotalCost":0,"FinalCO":null,"FinalCODate":null,"CensusTract":"126.09 "}},{"type":"Feature","id":48059,"geometry":null,"properties":{"OBJECTID":48059,"PermitNum":202112017,"IssuedDate":1624875660000,"StatusCurrent":"Final Inspection Made                                       ","ApplicationType":"Addition","Description":"Installation of roof mounted 25 solar panels 8.50 kwdc 462.0 array sf","TotalCost":36975,"FinalCO":"Y","FinalCODate":1641548580000,"CensusTract":"154.02 "}},{"type":"Feature","id":55816,"geometry":null,"properties":{"OBJECTID":55816,"PermitNum":202112424,"IssuedDate":1624874280000,"StatusCurrent":"Final Inspection Made                                       ","ApplicationType":"Int/Ext Alterations","Description":"ROOF MOUNTED SOLAR ARRAY","TotalCost":4059,"FinalCO":null,"FinalCODate":null,"CensusTract":"157.06 "}},{"type":"Feature","id":5846,"geometry":null,"properties":{"OBJECTID":5846,"PermitNum":202112428,"IssuedDate":1624874160000,"StatusCurrent":"Final Inspection Made                                       ","ApplicationType":"Int/Ext Alterations","Description":"ROOF MOUNTED SOLAR ARRAY","TotalCost":4059,"FinalCO":null,"FinalCODate":null,"CensusTract":"126.10 "}},{"type":"Feature","id":32287,"geometry":null,"properties":{"OBJECTID":32287,"PermitNum":202112064,"IssuedDate":1624874100000,"StatusCurrent":"Final Inspection Made                                       ","ApplicationType":"Int/Ext Alterations","Description":"Installation  of Flush Roof mounted Photovoltaic System","TotalCost":44100,"FinalCO":null,"FinalCODate":null,"CensusTract":"160.11 "}},{"type":"Feature","id":58831,"geometry":null,"properties":{"OBJECTID":58831,"PermitNum":202112388,"IssuedDate":1624873980000,"StatusCurrent":"Final Inspection Made                                       ","ApplicationType":"Int/Ext Alterations","Description":"INSTALLATION OF A 13.505KW ROOF MOUNT SOLAR SYSTEM","TotalCost":37671,"FinalCO":"Y","FinalCODate":1629099000000,"CensusTract":"151.00 "}},{"type":"Feature","id":56810,"geometry":null,"properties":{"OBJECTID":56810,"PermitNum":202112140,"IssuedDate":1624873920000,"StatusCurrent":"Final Inspection Made                                       ","ApplicationType":"Int/Ext Alterations","Description":"INSTALLATION OF A 13.505KW ROOF MOUNT SOLAR SYSTEM","TotalCost":29711,"FinalCO":"Y","FinalCODate":1629458580000,"CensusTract":"157.06 "}},{"type":"Feature","id":58882,"geometry":null,"properties":{"OBJECTID":58882,"PermitNum":202112385,"IssuedDate":1624873860000,"StatusCurrent":"Final Inspection Made                                       ","ApplicationType":"Int/Ext Alterations","Description":"roof mounted solar array","TotalCost":35716,"FinalCO":"Y","FinalCODate":1642689000000,"CensusTract":"151.00 "}},{"type":"Feature","id":54641,"geometry":null,"properties":{"OBJECTID":54641,"PermitNum":202112387,"IssuedDate":1624873740000,"StatusCurrent":"Final Inspection Made                                       ","ApplicationType":"Int/Ext Alterations","Description":"PHOTOVOLTAIC ROOF MOUNT SYSTERM","TotalCost":35716,"FinalCO":null,"FinalCODate":null,"CensusTract":"154.02 "}},{"type":"Feature","id":55231,"geometry":null,"properties":{"OBJECTID":55231,"PermitNum":202112422,"IssuedDate":1624873260000,"StatusCurrent":"Final Inspection Made                                       ","ApplicationType":"Int/Ext Alterations","Description":"ROOF MOUNTED SOLAR ARRAY","TotalCost":22803,"FinalCO":"Y","FinalCODate":1634561400000,"CensusTract":"155.00 "}},{"type":"Feature","id":33639,"geometry":null,"properties":{"OBJECTID":33639,"PermitNum":202112421,"IssuedDate":1624873140000,"StatusCurrent":"Final Inspection Made                                       ","ApplicationType":"Int/Ext Alterations","Description":"ROOF MOUNTED SOLAR ARRAY","TotalCost":26060,"FinalCO":null,"FinalCODate":null,"CensusTract":"153.00 "}},{"type":"Feature","id":38198,"geometry":null,"properties":{"OBJECTID":38198,"PermitNum":202111739,"IssuedDate":1624528500000,"StatusCurrent":"Final Inspection Made                                       ","ApplicationType":"Int/Ext Alterations","Description":"INSTALLATION OF 41 ROOF MOUNTED SOLAR PANELS","TotalCost":44281,"FinalCO":null,"FinalCODate":null,"CensusTract":"125.11 "}},{"type":"Feature","id":3331,"geometry":null,"properties":{"OBJECTID":3331,"PermitNum":202111417,"IssuedDate":1624366560000,"StatusCurrent":"Final Inspection Made                                       ","ApplicationType":"Int/Ext Alterations","Description":"Installation of 26 roof mounted solar panels 8.84 kwDC 480.48 arraySF","TotalCost":28454,"FinalCO":null,"FinalCODate":null,"CensusTract":"165.06 "}},{"type":"Feature","id":45335,"geometry":null,"properties":{"OBJECTID":45335,"PermitNum":202111227,"IssuedDate":1623758700000,"StatusCurrent":"Final Inspection Made                                       ","ApplicationType":"Int/Ext Alterations","Description":"ROOFTOP SOLAR INSTALLATION 8.14KW (22 PANELS)","TotalCost":39924,"FinalCO":null,"FinalCODate":null,"CensusTract":"160.07 "}},{"type":"Feature","id":46955,"geometry":null,"properties":{"OBJECTID":46955,"PermitNum":202110906,"IssuedDate":1623749460000,"StatusCurrent":"Final Inspection Made                                       ","ApplicationType":"Int/Ext Alterations","Description":"ROOFTOP SOLAR INSTALLATION 6.66 KW (18 PANELS)","TotalCost":13320,"FinalCO":null,"FinalCODate":null,"CensusTract":"119.05 "}},{"type":"Feature","id":53427,"geometry":null,"properties":{"OBJECTID":53427,"PermitNum":202111024,"IssuedDate":1623671460000,"StatusCurrent":"Final Inspection Made                                       ","ApplicationType":"Int/Ext Alterations","Description":"INSTALLATION OF 42 ROOF MOUNTED SOLAR PANELS","TotalCost":29200,"FinalCO":null,"FinalCODate":null,"CensusTract":"154.02 "}},{"type":"Feature","id":33248,"geometry":null,"properties":{"OBJECTID":33248,"PermitNum":202111023,"IssuedDate":1623667980000,"StatusCurrent":"Final Inspection Made                                       ","ApplicationType":"Int/Ext Alterations","Description":"INSTALLATION OF 29 ROOF MOUNTED SOLAR PANELS","TotalCost":28600,"FinalCO":null,"FinalCODate":null,"CensusTract":"153.00 "}},{"type":"Feature","id":17400,"geometry":null,"properties":{"OBJECTID":17400,"PermitNum":202110897,"IssuedDate":1623666000000,"StatusCurrent":"Final Inspection Made                                       ","ApplicationType":"Int/Ext Alterations","Description":"INSTALLATION OF ROOF-MOUNTED SOLAR ARRAY","TotalCost":36279,"FinalCO":"Y","FinalCODate":1625151960000,"CensusTract":"126.01 "}},{"type":"Feature","id":56746,"geometry":null,"properties":{"OBJECTID":56746,"PermitNum":202104895,"IssuedDate":1623416340000,"StatusCurrent":"Final Inspection Made                                       ","ApplicationType":"Int/Ext Alterations","Description":"roof mounted solar array 27 modules","TotalCost":29445,"FinalCO":"Y","FinalCODate":1623682800000,"CensusTract":"157.06 "}},{"type":"Feature","id":27564,"geometry":null,"properties":{"OBJECTID":27564,"PermitNum":202111120,"IssuedDate":1623321360000,"StatusCurrent":"Final Inspection Made                                       ","ApplicationType":"Miscellaneous","Description":"ROOF MOUNTED SOLAR PV SYSTEM. JACOB AND SONS, METERS 2, 3.","TotalCost":0,"FinalCO":null,"FinalCODate":null,"CensusTract":"160.11 "}},{"type":"Feature","id":27565,"geometry":null,"properties":{"OBJECTID":27565,"PermitNum":202111119,"IssuedDate":1623321180000,"StatusCurrent":"Final Inspection Made                                       ","ApplicationType":"Miscellaneous","Description":"ROOF MOUNTED SOLAR PV SYSTEM. JACOB AND SONS, METER 1.","TotalCost":0,"FinalCO":null,"FinalCODate":null,"CensusTract":"160.11 "}},{"type":"Feature","id":40785,"geometry":null,"properties":{"OBJECTID":40785,"PermitNum":202110729,"IssuedDate":1623067980000,"StatusCurrent":"Final Inspection Made                                       ","ApplicationType":"Int/Ext Alterations","Description":"ROOFTOP MOUNTED SOLAR ARRAY","TotalCost":3383,"FinalCO":"Y","FinalCODate":1635768900000,"CensusTract":"102.00 "}},{"type":"Feature","id":58926,"geometry":null,"properties":{"OBJECTID":58926,"PermitNum":202110586,"IssuedDate":1622816580000,"StatusCurrent":"Final Inspection Made                                       ","ApplicationType":"Int/Ext Alterations","Description":"ROOFTOP SOLAR INSTALLATION","TotalCost":35833,"FinalCO":"Y","FinalCODate":1631275860000,"CensusTract":"151.00 "}},{"type":"Feature","id":35795,"geometry":null,"properties":{"OBJECTID":35795,"PermitNum":202110469,"IssuedDate":1622815980000,"StatusCurrent":"Final Inspection Made                                       ","ApplicationType":"Int/Ext Alterations","Description":"ROOFTOP MOUNTED SOLAR ARRAY","TotalCost":2706,"FinalCO":"Y","FinalCODate":1626779700000,"CensusTract":"127.05 "}},{"type":"Feature","id":5563,"geometry":null,"properties":{"OBJECTID":5563,"PermitNum":202109489,"IssuedDate":1622636220000,"StatusCurrent":"Final Inspection Made                                       ","ApplicationType":"Int/Ext Alterations","Description":"ROOFTOP SOLAR INSTALLATION","TotalCost":19545,"FinalCO":null,"FinalCODate":null,"CensusTract":"126.09 "}},{"type":"Feature","id":121,"geometry":null,"properties":{"OBJECTID":121,"PermitNum":202110260,"IssuedDate":1622561580000,"StatusCurrent":"Final Inspection Made                                       ","ApplicationType":"Int/Ext Alterations","Description":"INSTALL 21 SOLAR PANELS","TotalCost":14280,"FinalCO":null,"FinalCODate":null,"CensusTract":"167.01 "}},{"type":"Feature","id":18816,"geometry":null,"properties":{"OBJECTID":18816,"PermitNum":202110265,"IssuedDate":1622560380000,"StatusCurrent":"Final Inspection Made                                       ","ApplicationType":"Int/Ext Alterations","Description":"roof mounted solar array","TotalCost":8462,"FinalCO":null,"FinalCODate":null,"CensusTract":"153.00 "}},{"type":"Feature","id":57993,"geometry":null,"properties":{"OBJECTID":57993,"PermitNum":202109944,"IssuedDate":1622542320000,"StatusCurrent":"Final Inspection Made                                       ","ApplicationType":"Int/Ext Alterations","Description":"Rooftop mounted solar array","TotalCost":3726,"FinalCO":null,"FinalCODate":null,"CensusTract":"151.00 "}},{"type":"Feature","id":58585,"geometry":null,"properties":{"OBJECTID":58585,"PermitNum":202109931,"IssuedDate":1622541780000,"StatusCurrent":"Final Inspection Made                                       ","ApplicationType":"Int/Ext Alterations","Description":"ROOFTOP SOLAR INSTALLATION 7.48 K","TotalCost":31504,"FinalCO":null,"FinalCODate":null,"CensusTract":"151.00 "}},{"type":"Feature","id":46596,"geometry":null,"properties":{"OBJECTID":46596,"PermitNum":202109607,"IssuedDate":1621858620000,"StatusCurrent":"Final Inspection Made                                       ","ApplicationType":"Int/Ext Alterations","Description":"INSTALL (20) SOLAR PANELS","TotalCost":40418,"FinalCO":null,"FinalCODate":null,"CensusTract":"154.02 "}},{"type":"Feature","id":29921,"geometry":null,"properties":{"OBJECTID":29921,"PermitNum":202109487,"IssuedDate":1621857540000,"StatusCurrent":"Final Inspection Made                                       ","ApplicationType":"Int/Ext Alterations","Description":"ROOFTOP SOLAR INSTALLATION 9.360KW","TotalCost":38844,"FinalCO":"Y","FinalCODate":1628849880000,"CensusTract":"153.00 "}},{"type":"Feature","id":5801,"geometry":null,"properties":{"OBJECTID":5801,"PermitNum":202109744,"IssuedDate":1621850460000,"StatusCurrent":"Final Inspection Made                                       ","ApplicationType":"Int/Ext Alterations","Description":"Install (23) solar panels - ROOF","TotalCost":49445,"FinalCO":null,"FinalCODate":null,"CensusTract":"126.10 "}},{"type":"Feature","id":32500,"geometry":null,"properties":{"OBJECTID":32500,"PermitNum":202109415,"IssuedDate":1621848180000,"StatusCurrent":"Final Inspection Made                                       ","ApplicationType":"Int/Ext Alterations","Description":"Rooftop mounted solar array","TotalCost":6450,"FinalCO":null,"FinalCODate":null,"CensusTract":"125.11 "}},{"type":"Feature","id":10298,"geometry":null,"properties":{"OBJECTID":10298,"PermitNum":202109515,"IssuedDate":1621848000000,"StatusCurrent":"Final Inspection Made                                       ","ApplicationType":"Int/Ext Alterations","Description":"INSTALL 18 SOLAR PANELS ON ROOF","TotalCost":12240,"FinalCO":null,"FinalCODate":null,"CensusTract":"114.00 "}},{"type":"Feature","id":35951,"geometry":null,"properties":{"OBJECTID":35951,"PermitNum":202109503,"IssuedDate":1621846080000,"StatusCurrent":"Final Inspection Made                                       ","ApplicationType":"Int/Ext Alterations","Description":"ROOFTOP SOLAR INSTALLATION 6.39 KW (18 PANELS)","TotalCost":30468,"FinalCO":null,"FinalCODate":null,"CensusTract":"160.10 "}},{"type":"Feature","id":47570,"geometry":null,"properties":{"OBJECTID":47570,"PermitNum":202105890,"IssuedDate":1621614300000,"StatusCurrent":"Final Inspection Made                                       ","ApplicationType":"Int/Ext Alterations","Description":"roof mounted solar array","TotalCost":2643,"FinalCO":"Y","FinalCODate":1622027760000,"CensusTract":"119.04 "}},{"type":"Feature","id":8475,"geometry":null,"properties":{"OBJECTID":8475,"PermitNum":202109205,"IssuedDate":1621248480000,"StatusCurrent":"Final Inspection Made                                       ","ApplicationType":"Int/Ext Alterations","Description":"roof mounted solar array","TotalCost":3049,"FinalCO":"Y","FinalCODate":1631102040000,"CensusTract":"128.05 "}},{"type":"Feature","id":48989,"geometry":null,"properties":{"OBJECTID":48989,"PermitNum":202108997,"IssuedDate":1621248060000,"StatusCurrent":"Final Inspection Made                                       ","ApplicationType":"Int/Ext Alterations","Description":"Rooftop solar installation 3.55kw (10 panels)","TotalCost":16817,"FinalCO":null,"FinalCODate":null,"CensusTract":"160.08 "}},{"type":"Feature","id":57808,"geometry":null,"properties":{"OBJECTID":57808,"PermitNum":202108990,"IssuedDate":1621247220000,"StatusCurrent":"Final Inspection Made                                       ","ApplicationType":"Int/Ext Alterations","Description":"Install (20) solar panels onto ex'g residential roof","TotalCost":72581,"FinalCO":null,"FinalCODate":null,"CensusTract":"151.00 "}},{"type":"Feature","id":57109,"geometry":null,"properties":{"OBJECTID":57109,"PermitNum":202109025,"IssuedDate":1621005600000,"StatusCurrent":"Final Inspection Made                                       ","ApplicationType":"Int/Ext Alterations","Description":"ROOFTOP SOLAR INSTALLATION 7.92 KW (24 PANELS)","TotalCost":33657,"FinalCO":"Y","FinalCODate":1622732160000,"CensusTract":"157.06 "}},{"type":"Feature","id":57790,"geometry":null,"properties":{"OBJECTID":57790,"PermitNum":202109019,"IssuedDate":1621005480000,"StatusCurrent":"Final Inspection Made                                       ","ApplicationType":"Int/Ext Alterations","Description":"ROOFTOP SOLAR INSTALLATION 5.28 KW (16 PANELS)","TotalCost":23122,"FinalCO":"Y","FinalCODate":1624372620000,"CensusTract":"151.00 "}},{"type":"Feature","id":53902,"geometry":null,"properties":{"OBJECTID":53902,"PermitNum":202109103,"IssuedDate":1621005360000,"StatusCurrent":"Final Inspection Made                                       ","ApplicationType":"Int/Ext Alterations","Description":"ROOFTOP SOLAR INSTALLATION 10.23KW (31 PANELS)","TotalCost":44078,"FinalCO":"Y","FinalCODate":1622732220000,"CensusTract":"154.02 "}},{"type":"Feature","id":31922,"geometry":null,"properties":{"OBJECTID":31922,"PermitNum":202109222,"IssuedDate":1621005300000,"StatusCurrent":"Final Inspection Made                                       ","ApplicationType":"Int/Ext Alterations","Description":"ROOFTOP MOUNTED SOLAR ARRAY","TotalCost":7623,"FinalCO":"Y","FinalCODate":1626447660000,"CensusTract":"128.03 "}},{"type":"Feature","id":20039,"geometry":null,"properties":{"OBJECTID":20039,"PermitNum":202108581,"IssuedDate":1620637860000,"StatusCurrent":"Final Inspection Made                                       ","ApplicationType":"Int/Ext Alterations","Description":"roof mounted solar array","TotalCost":3518,"FinalCO":null,"FinalCODate":null,"CensusTract":"106.02 "}},{"type":"Feature","id":2220,"geometry":null,"properties":{"OBJECTID":2220,"PermitNum":202108428,"IssuedDate":1620637380000,"StatusCurrent":"Final Inspection Made                                       ","ApplicationType":"Int/Ext Alterations","Description":"INSTALL 29 SOLAR PANELS ONTO EX'G RESIDENTIAL ROOF","TotalCost":49534,"FinalCO":null,"FinalCODate":null,"CensusTract":"167.01 "}},{"type":"Feature","id":13470,"geometry":null,"properties":{"OBJECTID":13470,"PermitNum":202108480,"IssuedDate":1620637380000,"StatusCurrent":"Final Inspection Made                                       ","ApplicationType":"Int/Ext Alterations","Description":"ROOFTOP SOLAR INSTALLATION 9.2KW (28 PANELS)","TotalCost":45874,"FinalCO":"Y","FinalCODate":1620813780000,"CensusTract":"115.00 "}},{"type":"Feature","id":57298,"geometry":null,"properties":{"OBJECTID":57298,"PermitNum":202108117,"IssuedDate":1620033960000,"StatusCurrent":"Final Inspection Made                                       ","ApplicationType":"Int/Ext Alterations","Description":"ROOFTOP SOLAR INSTALLATION 7.92KW (24 PANELS)","TotalCost":34299,"FinalCO":"Y","FinalCODate":1620212400000,"CensusTract":"154.01 "}},{"type":"Feature","id":59028,"geometry":null,"properties":{"OBJECTID":59028,"PermitNum":202108105,"IssuedDate":1620032100000,"StatusCurrent":"Final Inspection Made                                       ","ApplicationType":"Int/Ext Alterations","Description":"ROOFTOP SOLAR INSTALLATION 9.23KW (26 PANELS)","TotalCost":43888,"FinalCO":"Y","FinalCODate":1642689060000,"CensusTract":"151.00 "}},{"type":"Feature","id":55976,"geometry":null,"properties":{"OBJECTID":55976,"PermitNum":202107937,"IssuedDate":1620030240000,"StatusCurrent":"Final Inspection Made                                       ","ApplicationType":"Int/Ext Alterations","Description":"ROOFTOP SOLAR INSTALLATION 5.9KW (18 PANELS)","TotalCost":25146,"FinalCO":null,"FinalCODate":null,"CensusTract":"155.00 "}},{"type":"Feature","id":22424,"geometry":null,"properties":{"OBJECTID":22424,"PermitNum":202107925,"IssuedDate":1620030180000,"StatusCurrent":"Final Inspection Made                                       ","ApplicationType":"Int/Ext Alterations","Description":"ROOFTOP MOUNTED SOLAR ARRAY","TotalCost":5864,"FinalCO":"Y","FinalCODate":1623340620000,"CensusTract":"106.01 "}},{"type":"Feature","id":6611,"geometry":null,"properties":{"OBJECTID":6611,"PermitNum":202107416,"IssuedDate":1619429280000,"StatusCurrent":"Final Inspection Made                                       ","ApplicationType":"Int/Ext Alterations","Description":"ROOF MOUNTED SOLAR ARRAY","TotalCost":5575,"FinalCO":null,"FinalCODate":null,"CensusTract":"165.06 "}},{"type":"Feature","id":32078,"geometry":null,"properties":{"OBJECTID":32078,"PermitNum":202107413,"IssuedDate":1619429280000,"StatusCurrent":"Final Inspection Made                                       ","ApplicationType":"Int/Ext Alterations","Description":"ROOF MOUNTED SOLAR ARRAY","TotalCost":4989,"FinalCO":null,"FinalCODate":null,"CensusTract":"104.04 "}},{"type":"Feature","id":54237,"geometry":null,"properties":{"OBJECTID":54237,"PermitNum":202107530,"IssuedDate":1619429220000,"StatusCurrent":"Final Inspection Made                                       ","ApplicationType":"Int/Ext Alterations","Description":"INSTALL 22 SOLAR PANELS ON ROOF.","TotalCost":14960,"FinalCO":null,"FinalCODate":null,"CensusTract":"160.08 "}},{"type":"Feature","id":7945,"geometry":null,"properties":{"OBJECTID":7945,"PermitNum":202107420,"IssuedDate":1619428740000,"StatusCurrent":"Final Inspection Made                                       ","ApplicationType":"Int/Ext Alterations","Description":"ROOF MOUNTED SOLAR ARRAY","TotalCost":28000,"FinalCO":null,"FinalCODate":null,"CensusTract":"126.17 "}},{"type":"Feature","id":45759,"geometry":null,"properties":{"OBJECTID":45759,"PermitNum":202107497,"IssuedDate":1619428620000,"StatusCurrent":"Final Inspection Made                                       ","ApplicationType":"Int/Ext Alterations","Description":"ROOFTOP SOLAR INSTALLATION 6.93KW (21 PANELS)","TotalCost":29466,"FinalCO":"Y","FinalCODate":1619530680000,"CensusTract":"160.06 "}},{"type":"Feature","id":55825,"geometry":null,"properties":{"OBJECTID":55825,"PermitNum":202105362,"IssuedDate":1619193240000,"StatusCurrent":"Final Inspection Made                                       ","ApplicationType":"Int/Ext Alterations","Description":"roof mounted solar array","TotalCost":3229,"FinalCO":"Y","FinalCODate":1619442000000,"CensusTract":"157.07 "}},{"type":"Feature","id":59039,"geometry":null,"properties":{"OBJECTID":59039,"PermitNum":202103833,"IssuedDate":1619175420000,"StatusCurrent":"Final Inspection Made                                       ","ApplicationType":"Int/Ext Alterations","Description":"INSTALLATION OF A ROOF-MOUNTED SOLAR PV ARRAY","TotalCost":42776,"FinalCO":"Y","FinalCODate":1619435700000,"CensusTract":"151.00 "}},{"type":"Feature","id":44472,"geometry":null,"properties":{"OBJECTID":44472,"PermitNum":202106617,"IssuedDate":1618831800000,"StatusCurrent":"Final Inspection Made                                       ","ApplicationType":"Int/Ext Alterations","Description":"roof mounted solar array","TotalCost":4691,"FinalCO":null,"FinalCODate":null,"CensusTract":"160.09 "}},{"type":"Feature","id":51634,"geometry":null,"properties":{"OBJECTID":51634,"PermitNum":202107209,"IssuedDate":1618830240000,"StatusCurrent":"Final Inspection Made                                       ","ApplicationType":"Int/Ext Alterations","Description":"ROOFTOP SOLAR INSTALLATION 3.55 KW (10 PANELS)","TotalCost":9830,"FinalCO":"Y","FinalCODate":1623408000000,"CensusTract":"157.03 "}},{"type":"Feature","id":24034,"geometry":null,"properties":{"OBJECTID":24034,"PermitNum":202107206,"IssuedDate":1618830180000,"StatusCurrent":"Final Inspection Made                                       ","ApplicationType":"Int/Ext Alterations","Description":"ROOFTOP SOLAR INSTALATION  6.745 KW(19 PANELS)","TotalCost":30807,"FinalCO":null,"FinalCODate":null,"CensusTract":"128.03 "}},{"type":"Feature","id":56177,"geometry":null,"properties":{"OBJECTID":56177,"PermitNum":202107048,"IssuedDate":1618830120000,"StatusCurrent":"Final Inspection Made                                       ","ApplicationType":"Int/Ext Alterations","Description":"ROOFTOP MOUNTED SOLAR ARRAY","TotalCost":3811,"FinalCO":"Y","FinalCODate":1631019660000,"CensusTract":"154.01 "}},{"type":"Feature","id":6308,"geometry":null,"properties":{"OBJECTID":6308,"PermitNum":202107045,"IssuedDate":1618829760000,"StatusCurrent":"Final Inspection Made                                       ","ApplicationType":"Int/Ext Alterations","Description":"ROOFTOP MOUNTED SOLAR ARRAY","TotalCost":9382,"FinalCO":null,"FinalCODate":null,"CensusTract":"128.03 "}},{"type":"Feature","id":20950,"geometry":null,"properties":{"OBJECTID":20950,"PermitNum":202107195,"IssuedDate":1618592220000,"StatusCurrent":"Final Inspection Made                                       ","ApplicationType":"Int/Ext Alterations","Description":"ROOFTOP SOLAR INSTALLATION 6.78KW (20 PANELS)","TotalCost":22538,"FinalCO":null,"FinalCODate":null,"CensusTract":"160.11 "}},{"type":"Feature","id":33179,"geometry":null,"properties":{"OBJECTID":33179,"PermitNum":202106425,"IssuedDate":1618220460000,"StatusCurrent":"Final Inspection Made                                       ","ApplicationType":"Int/Ext Alterations","Description":"INSTALL 20 SOLAR PANELS","TotalCost":13600,"FinalCO":"Y","FinalCODate":1625645820000,"CensusTract":"128.03 "}},{"type":"Feature","id":17756,"geometry":null,"properties":{"OBJECTID":17756,"PermitNum":202106423,"IssuedDate":1618220160000,"StatusCurrent":"Final Inspection Made                                       ","ApplicationType":"Int/Ext Alterations","Description":"INSTALL 15 SOLAR PANELS","TotalCost":10200,"FinalCO":"Y","FinalCODate":1625047020000,"CensusTract":"153.00 "}},{"type":"Feature","id":17325,"geometry":null,"properties":{"OBJECTID":17325,"PermitNum":202106533,"IssuedDate":1618219140000,"StatusCurrent":"Final Inspection Made                                       ","ApplicationType":"Int/Ext Alterations","Description":"INSTALL (16) SOLAR PANELS  ONTO EX'G RESIDENTIAL ROOF","TotalCost":38571,"FinalCO":null,"FinalCODate":null,"CensusTract":"153.00 "}},{"type":"Feature","id":19916,"geometry":null,"properties":{"OBJECTID":19916,"PermitNum":202106185,"IssuedDate":1617614100000,"StatusCurrent":"Final Inspection Made                                       ","ApplicationType":"Int/Ext Alterations","Description":"Rooftop mounted solar array","TotalCost":5575,"FinalCO":null,"FinalCODate":null,"CensusTract":"106.02 "}},{"type":"Feature","id":4138,"geometry":null,"properties":{"OBJECTID":4138,"PermitNum":202106044,"IssuedDate":1617613860000,"StatusCurrent":"Final Inspection Made                                       ","ApplicationType":"Int/Ext Alterations","Description":"ROOFTOP SOLAR INSTALLATION 9.94 KW (28 PANELS)","TotalCost":44767,"FinalCO":null,"FinalCODate":null,"CensusTract":"165.06 "}},{"type":"Feature","id":5331,"geometry":null,"properties":{"OBJECTID":5331,"PermitNum":202106174,"IssuedDate":1617613860000,"StatusCurrent":"Final Inspection Made                                       ","ApplicationType":"Int/Ext Alterations","Description":"ROOFTOP SOLAR INSTALLATION 3.55KW(10 PANELS)","TotalCost":13270,"FinalCO":"Y","FinalCODate":1623423960000,"CensusTract":"126.09 "}},{"type":"Feature","id":4682,"geometry":null,"properties":{"OBJECTID":4682,"PermitNum":202106110,"IssuedDate":1617613860000,"StatusCurrent":"Final Inspection Made                                       ","ApplicationType":"Int/Ext Alterations","Description":"Installation of a 6.84 kw mount solar system","TotalCost":16916,"FinalCO":"Y","FinalCODate":1620834000000,"CensusTract":"165.06 "}},{"type":"Feature","id":32814,"geometry":null,"properties":{"OBJECTID":32814,"PermitNum":202105363,"IssuedDate":1617613800000,"StatusCurrent":"Final Inspection Made                                       ","ApplicationType":"Int/Ext Alterations","Description":"roof mounted solar array","TotalCost":7037,"FinalCO":"Y","FinalCODate":1621868160000,"CensusTract":"128.03 "}},{"type":"Feature","id":4247,"geometry":null,"properties":{"OBJECTID":4247,"PermitNum":202106040,"IssuedDate":1617613800000,"StatusCurrent":"Final Inspection Made                                       ","ApplicationType":"Int/Ext Alterations","Description":"ROOFTOP SOLAR INSTALLATION 3.55KW (10 PANELS)","TotalCost":13170,"FinalCO":"Y","FinalCODate":1629720240000,"CensusTract":"165.06 "}},{"type":"Feature","id":33540,"geometry":null,"properties":{"OBJECTID":33540,"PermitNum":202105896,"IssuedDate":1617024720000,"StatusCurrent":"Final Inspection Made                                       ","ApplicationType":"Int/Ext Alterations","Description":"ROOFTOP SOLAR INSTALLATION 9.94KW (28 PANELS)","TotalCost":44125,"FinalCO":"Y","FinalCODate":1627393260000,"CensusTract":"125.08 "}},{"type":"Feature","id":54753,"geometry":null,"properties":{"OBJECTID":54753,"PermitNum":202105889,"IssuedDate":1617024600000,"StatusCurrent":"Final Inspection Made                                       ","ApplicationType":"Int/Ext Alterations","Description":"ROOFTOP SOLAR INSTALLATION 3.3KW (10 PANELS)","TotalCost":12090,"FinalCO":"Y","FinalCODate":1619438820000,"CensusTract":"155.00 "}},{"type":"Feature","id":45893,"geometry":null,"properties":{"OBJECTID":45893,"PermitNum":202103939,"IssuedDate":1617011520000,"StatusCurrent":"Final Inspection Made                                       ","ApplicationType":"Int/Ext Alterations","Description":"Roof mounted solar array on existing building","TotalCost":118040,"FinalCO":"Y","FinalCODate":1619624040000,"CensusTract":"127.03 "}},{"type":"Feature","id":54293,"geometry":null,"properties":{"OBJECTID":54293,"PermitNum":202105864,"IssuedDate":1616598540000,"StatusCurrent":"Final Inspection Made                                       ","ApplicationType":"Int/Ext Alterations","Description":"13 ROOF MOUNTED SOLAR MODULES, GRID TIED 4.16 KW","TotalCost":48248,"FinalCO":null,"FinalCODate":null,"CensusTract":"155.00 "}},{"type":"Feature","id":11383,"geometry":null,"properties":{"OBJECTID":11383,"PermitNum":202105147,"IssuedDate":1616405940000,"StatusCurrent":"Final Inspection Made                                       ","ApplicationType":"Int/Ext Alterations","Description":"ROOFTOP SOLAR INSTALLATION 9.18KW (27 PANELS)","TotalCost":40041,"FinalCO":null,"FinalCODate":null,"CensusTract":"115.00 "}},{"type":"Feature","id":34146,"geometry":null,"properties":{"OBJECTID":34146,"PermitNum":202105250,"IssuedDate":1616402880000,"StatusCurrent":"Final Inspection Made                                       ","ApplicationType":"Int/Ext Alterations","Description":"INSTALL (45) SOLAR PANELS","TotalCost":70367,"FinalCO":null,"FinalCODate":null,"CensusTract":"103.00 "}},{"type":"Feature","id":12126,"geometry":null,"properties":{"OBJECTID":12126,"PermitNum":202019817,"IssuedDate":1615976280000,"StatusCurrent":"Final Inspection Made                                       ","ApplicationType":"Int/Ext Alterations","Description":"23 ROOF MOUNTED SOLAR MODULES, GRID TIED 7.36 KW","TotalCost":44792,"FinalCO":"Y","FinalCODate":1616425800000,"CensusTract":"113.00 "}},{"type":"Feature","id":5423,"geometry":null,"properties":{"OBJECTID":5423,"PermitNum":202104561,"IssuedDate":1615896720000,"StatusCurrent":"Final Inspection Made                                       ","ApplicationType":"Int/Ext Alterations","Description":"INSTALLATION OF SOLAR PANELS ROOF MOUNTED 3.96 KW","TotalCost":18018,"FinalCO":null,"FinalCODate":null,"CensusTract":"165.05 "}},{"type":"Feature","id":57167,"geometry":null,"properties":{"OBJECTID":57167,"PermitNum":202103771,"IssuedDate":1615202280000,"StatusCurrent":"Final Inspection Made                                       ","ApplicationType":"Int/Ext Alterations","Description":"roof mounted solar array","TotalCost":2932,"FinalCO":"Y","FinalCODate":1621852500000,"CensusTract":"154.01 "}},{"type":"Feature","id":45543,"geometry":null,"properties":{"OBJECTID":45543,"PermitNum":202104026,"IssuedDate":1614965460000,"StatusCurrent":"Final Inspection Made                                       ","ApplicationType":"Int/Ext Alterations","Description":"14 ROOF MOUNTED SOLAR MODULES, GRID TIED 4.48 KW","TotalCost":50120,"FinalCO":null,"FinalCODate":null,"CensusTract":"157.03 "}},{"type":"Feature","id":54010,"geometry":null,"properties":{"OBJECTID":54010,"PermitNum":202103733,"IssuedDate":1614789720000,"StatusCurrent":"Final Inspection Made                                       ","ApplicationType":"Int/Ext Alterations","Description":"Rooftop Solar Installation 5.6kw (17 panels)","TotalCost":25161,"FinalCO":"Y","FinalCODate":1614858180000,"CensusTract":"155.00 "}},{"type":"Feature","id":12949,"geometry":null,"properties":{"OBJECTID":12949,"PermitNum":202101468,"IssuedDate":1614768840000,"StatusCurrent":"Final Inspection Made                                       ","ApplicationType":"Int/Ext Alterations","Description":"racking for battery storage","TotalCost":150000,"FinalCO":null,"FinalCODate":null,"CensusTract":"172.00 "}},{"type":"Feature","id":31020,"geometry":null,"properties":{"OBJECTID":31020,"PermitNum":202103683,"IssuedDate":1614595740000,"StatusCurrent":"Final Inspection Made                                       ","ApplicationType":"Int/Ext Alterations","Description":"14 ROOF MOUNTED SOLAR MODULES, GRID TIED 4.40 KW","TotalCost":49896,"FinalCO":null,"FinalCODate":null,"CensusTract":"153.00 "}},{"type":"Feature","id":64,"geometry":null,"properties":{"OBJECTID":64,"PermitNum":202103634,"IssuedDate":1614595260000,"StatusCurrent":"Final Inspection Made                                       ","ApplicationType":"Int/Ext Alterations","Description":"ROOFTOP SOLAR INSTALLATION 7.3KW (22 PANELS)","TotalCost":31504,"FinalCO":"Y","FinalCODate":1617694800000,"CensusTract":"171.00 "}},{"type":"Feature","id":47631,"geometry":null,"properties":{"OBJECTID":47631,"PermitNum":202103279,"IssuedDate":1614096780000,"StatusCurrent":"Final Inspection Made                                       ","ApplicationType":"Miscellaneous","Description":"roof mounted solar array","TotalCost":5277,"FinalCO":null,"FinalCODate":null,"CensusTract":"119.04 "}},{"type":"Feature","id":6023,"geometry":null,"properties":{"OBJECTID":6023,"PermitNum":202103224,"IssuedDate":1614075120000,"StatusCurrent":"Final Inspection Made                                       ","ApplicationType":"Int/Ext Alterations","Description":"ROOFTOP SOLAR INSTALLATION 6.46KW (19 PANELS)","TotalCost":27313,"FinalCO":"Y","FinalCODate":1614871200000,"CensusTract":"128.03 "}},{"type":"Feature","id":13746,"geometry":null,"properties":{"OBJECTID":13746,"PermitNum":202020162,"IssuedDate":1613997180000,"StatusCurrent":"Final Inspection Made                                       ","ApplicationType":"Int/Ext Alterations","Description":"ROOFTOP MOUNTED SOLAR ARRAY","TotalCost":7921,"FinalCO":"Y","FinalCODate":1614154200000,"CensusTract":"115.00 "}},{"type":"Feature","id":39949,"geometry":null,"properties":{"OBJECTID":39949,"PermitNum":202011032,"IssuedDate":1613473800000,"StatusCurrent":"Final Inspection Made                                       ","ApplicationType":"Int/Ext Alterations","Description":"Roof Mounted solar array","TotalCost":11296,"FinalCO":null,"FinalCODate":null,"CensusTract":"125.10 "}},{"type":"Feature","id":34874,"geometry":null,"properties":{"OBJECTID":34874,"PermitNum":202102882,"IssuedDate":1613386620000,"StatusCurrent":"Final Inspection Made                                       ","ApplicationType":"Int/Ext Alterations","Description":"ROOFTOP SOLAR INSTALLATION 6.8KW (20 PANELS)","TotalCost":47517,"FinalCO":null,"FinalCODate":null,"CensusTract":"104.03 "}},{"type":"Feature","id":58638,"geometry":null,"properties":{"OBJECTID":58638,"PermitNum":202102324,"IssuedDate":1612860720000,"StatusCurrent":"Final Inspection Made                                       ","ApplicationType":"Int/Ext Alterations","Description":"Rooftop solar installation 6.8kw (20 panels)","TotalCost":30198,"FinalCO":"Y","FinalCODate":1620996480000,"CensusTract":"151.00 "}},{"type":"Feature","id":9227,"geometry":null,"properties":{"OBJECTID":9227,"PermitNum":202102476,"IssuedDate":1612772880000,"StatusCurrent":"Final Inspection Made                                       ","ApplicationType":"Int/Ext Alterations","Description":"ROOFTOP SOLAR INSTALLATION  6.46 KW (19 PANELS)","TotalCost":32817,"FinalCO":null,"FinalCODate":null,"CensusTract":"126.07 "}},{"type":"Feature","id":49563,"geometry":null,"properties":{"OBJECTID":49563,"PermitNum":202102457,"IssuedDate":1612772820000,"StatusCurrent":"Final Inspection Made                                       ","ApplicationType":"Int/Ext Alterations","Description":"ROOFTOP MOUNTED SOLAR ARRAY","TotalCost":4691,"FinalCO":"Y","FinalCODate":1620036360000,"CensusTract":"119.04 "}},{"type":"Feature","id":55353,"geometry":null,"properties":{"OBJECTID":55353,"PermitNum":202102321,"IssuedDate":1612772520000,"StatusCurrent":"Final Inspection Made                                       ","ApplicationType":"Int/Ext Alterations","Description":"15 ROOF MOUNTED SOLAR MODULES, GRID TIED 4.80 KW","TotalCost":51720,"FinalCO":null,"FinalCODate":null,"CensusTract":"157.07 "}},{"type":"Feature","id":19498,"geometry":null,"properties":{"OBJECTID":19498,"PermitNum":202101830,"IssuedDate":1612176600000,"StatusCurrent":"Final Inspection Made                                       ","ApplicationType":"Int/Ext Alterations","Description":"Installation of 26 flush roof mounted solar photovoltaic system panels. \r\n\r\n\r\n","TotalCost":28020,"FinalCO":"Y","FinalCODate":1627457940000,"CensusTract":"153.00 "}},{"type":"Feature","id":57591,"geometry":null,"properties":{"OBJECTID":57591,"PermitNum":202102002,"IssuedDate":1612175520000,"StatusCurrent":"Final Inspection Made                                       ","ApplicationType":"Int/Ext Alterations","Description":"24 roof mounted modules, grid tied 7.68 kw solar and battery install","TotalCost":66696,"FinalCO":null,"FinalCODate":null,"CensusTract":"151.00 "}},{"type":"Feature","id":37203,"geometry":null,"properties":{"OBJECTID":37203,"PermitNum":202101998,"IssuedDate":1612175520000,"StatusCurrent":"Final Inspection Made                                       ","ApplicationType":"Int/Ext Alterations","Description":"ROOF MOUNTED SOLAR PANELS","TotalCost":23800,"FinalCO":null,"FinalCODate":null,"CensusTract":"125.11 "}},{"type":"Feature","id":1722,"geometry":null,"properties":{"OBJECTID":1722,"PermitNum":202101334,"IssuedDate":1611584760000,"StatusCurrent":"Final Inspection Made                                       ","ApplicationType":"Int/Ext Alterations","Description":"Rooftop solar installation 7.14kw (21panels)\r\n","TotalCost":31638,"FinalCO":null,"FinalCODate":null,"CensusTract":"167.01 "}},{"type":"Feature","id":59095,"geometry":null,"properties":{"OBJECTID":59095,"PermitNum":202101452,"IssuedDate":1611570600000,"StatusCurrent":"Final Inspection Made                                       ","ApplicationType":"Int/Ext Alterations","Description":"ROOFTOP SOLAR INSTALLATION 7.14KW (21 PANELS)","TotalCost":31638,"FinalCO":null,"FinalCODate":null,"CensusTract":"151.00 "}},{"type":"Feature","id":3375,"geometry":null,"properties":{"OBJECTID":3375,"PermitNum":202101078,"IssuedDate":1611072000000,"StatusCurrent":"Final Inspection Made                                       ","ApplicationType":"Int/Ext Alterations","Description":"Rooftop solar installation 5.44 kw 16 panels)","TotalCost":23799,"FinalCO":null,"FinalCODate":null,"CensusTract":"128.04 "}},{"type":"Feature","id":3914,"geometry":null,"properties":{"OBJECTID":3914,"PermitNum":202101015,"IssuedDate":1611057660000,"StatusCurrent":"Final Inspection Made                                       ","ApplicationType":"Int/Ext Alterations","Description":"INSTALLATION OF ROOF MOUNTED SOLAR PANELS","TotalCost":42867,"FinalCO":null,"FinalCODate":null,"CensusTract":"126.12 "}},{"type":"Feature","id":34253,"geometry":null,"properties":{"OBJECTID":34253,"PermitNum":202100786,"IssuedDate":1611057480000,"StatusCurrent":"Final Inspection Made                                       ","ApplicationType":"Int/Ext Alterations","Description":"2 roof mounted modules, grid tied 64 kw solar insulation on an existing","TotalCost":2160,"FinalCO":null,"FinalCODate":null,"CensusTract":"125.11 "}},{"type":"Feature","id":3338,"geometry":null,"properties":{"OBJECTID":3338,"PermitNum":202100181,"IssuedDate":1610441340000,"StatusCurrent":"Final Inspection Made                                       ","ApplicationType":"Int/Ext Alterations","Description":"INSTALLATION OF ROOF MOUNTED SOLAR PANELS","TotalCost":29550,"FinalCO":"Y","FinalCODate":1617204600000,"CensusTract":"165.06 "}},{"type":"Feature","id":55954,"geometry":null,"properties":{"OBJECTID":55954,"PermitNum":202021534,"IssuedDate":1609774080000,"StatusCurrent":"Final Inspection Made                                       ","ApplicationType":"Int/Ext Alterations","Description":"roof mounted solar array","TotalCost":14705,"FinalCO":"Y","FinalCODate":1620390120000,"CensusTract":"155.00 "}},{"type":"Feature","id":54905,"geometry":null,"properties":{"OBJECTID":54905,"PermitNum":202021496,"IssuedDate":1609773960000,"StatusCurrent":"Final Inspection Made                                       ","ApplicationType":"Int/Ext Alterations","Description":"roof mounted solar array","TotalCost":17024,"FinalCO":null,"FinalCODate":null,"CensusTract":"154.02 "}},{"type":"Feature","id":16542,"geometry":null,"properties":{"OBJECTID":16542,"PermitNum":202021959,"IssuedDate":1609773900000,"StatusCurrent":"Final Inspection Made                                       ","ApplicationType":"Int/Ext Alterations","Description":"INSTALLATION OF RESIDENTIAL SOLAR PANELS ROOF MOUNTED","TotalCost":25410,"FinalCO":"Y","FinalCODate":1620400260000,"CensusTract":"153.00 "}},{"type":"Feature","id":23564,"geometry":null,"properties":{"OBJECTID":23564,"PermitNum":202018754,"IssuedDate":1608213480000,"StatusCurrent":"Final Inspection Made                                       ","ApplicationType":"Int/Ext Alterations","Description":"INSTALLATION OF A 9.49KW ROOF MOUNT SOLAR SYSTEM","TotalCost":21973,"FinalCO":"Y","FinalCODate":1608297420000,"CensusTract":"105.00 "}},{"type":"Feature","id":45460,"geometry":null,"properties":{"OBJECTID":45460,"PermitNum":202021108,"IssuedDate":1607939280000,"StatusCurrent":"Final Inspection Made                                       ","ApplicationType":"Int/Ext Alterations","Description":"INSTALLATION OF ROOF-MOUNTED SOLAR ARRAY","TotalCost":24345,"FinalCO":null,"FinalCODate":null,"CensusTract":"160.07 "}},{"type":"Feature","id":2116,"geometry":null,"properties":{"OBJECTID":2116,"PermitNum":202021221,"IssuedDate":1607939280000,"StatusCurrent":"Final Inspection Made                                       ","ApplicationType":"Int/Ext Alterations","Description":"INSTALLATION OF ROOF MOUNTED SOLAR PANELS","TotalCost":12705,"FinalCO":"Y","FinalCODate":1619103780000,"CensusTract":"167.01 "}},{"type":"Feature","id":31850,"geometry":null,"properties":{"OBJECTID":31850,"PermitNum":202015008,"IssuedDate":1607600520000,"StatusCurrent":"Final Inspection Made                                       ","ApplicationType":"Int/Ext Alterations","Description":"Installation of a 44.74 kw roof mount solar system","TotalCost":82825,"FinalCO":"Y","FinalCODate":1607697840000,"CensusTract":"161.01 "}},{"type":"Feature","id":34570,"geometry":null,"properties":{"OBJECTID":34570,"PermitNum":202020349,"IssuedDate":1606816320000,"StatusCurrent":"Final Inspection Made                                       ","ApplicationType":"Int/Ext Alterations","Description":"Rooftop mounted solar array","TotalCost":7037,"FinalCO":"Y","FinalCODate":1610106780000,"CensusTract":"125.09 "}},{"type":"Feature","id":56067,"geometry":null,"properties":{"OBJECTID":56067,"PermitNum":202019774,"IssuedDate":1606815180000,"StatusCurrent":"Final Inspection Made                                       ","ApplicationType":"Int/Ext Alterations","Description":"ROOF MOUNTED SOLAR ARRAY","TotalCost":31526,"FinalCO":"Y","FinalCODate":1619789160000,"CensusTract":"157.06 "}},{"type":"Feature","id":3346,"geometry":null,"properties":{"OBJECTID":3346,"PermitNum":202020457,"IssuedDate":1606753920000,"StatusCurrent":"Final Inspection Made                                       ","ApplicationType":"Int/Ext Alterations","Description":"ROOFTOP MOUNTED SOLAR ARRAY","TotalCost":3518,"FinalCO":"Y","FinalCODate":1614154200000,"CensusTract":"128.04 "}},{"type":"Feature","id":2374,"geometry":null,"properties":{"OBJECTID":2374,"PermitNum":202020238,"IssuedDate":1606144860000,"StatusCurrent":"Final Inspection Made                                       ","ApplicationType":"Int/Ext Alterations","Description":"INSTALLATION OF ROOF MOUNTED SOLAR ARRAY","TotalCost":26320,"FinalCO":"Y","FinalCODate":1610436120000,"CensusTract":"165.02 "}},{"type":"Feature","id":33125,"geometry":null,"properties":{"OBJECTID":33125,"PermitNum":202019728,"IssuedDate":1605522540000,"StatusCurrent":"Final Inspection Made                                       ","ApplicationType":"Int/Ext Alterations","Description":"roof mounted solar array","TotalCost":7037,"FinalCO":null,"FinalCODate":null,"CensusTract":"125.09 "}},{"type":"Feature","id":24492,"geometry":null,"properties":{"OBJECTID":24492,"PermitNum":202019704,"IssuedDate":1605520680000,"StatusCurrent":"Final Inspection Made                                       ","ApplicationType":"Int/Ext Alterations","Description":"INSTALLATION OF ROOF-MOUNTED SOLAR ARRAY","TotalCost":15418,"FinalCO":null,"FinalCODate":null,"CensusTract":"107.01 "}},{"type":"Feature","id":52724,"geometry":null,"properties":{"OBJECTID":52724,"PermitNum":202019422,"IssuedDate":1605520440000,"StatusCurrent":"Final Inspection Made                                       ","ApplicationType":"Int/Ext Alterations","Description":"INSTALLATION OF ROOF MOUNTED SOLAR PANELS","TotalCost":28450,"FinalCO":"Y","FinalCODate":1619525460000,"CensusTract":"157.04 "}},{"type":"Feature","id":52578,"geometry":null,"properties":{"OBJECTID":52578,"PermitNum":202019418,"IssuedDate":1605520260000,"StatusCurrent":"Final Inspection Made                                       ","ApplicationType":"Int/Ext Alterations","Description":"INSTALLATION OF ROOF MOUNTED SOLAR PANELS","TotalCost":22370,"FinalCO":"Y","FinalCODate":1616159760000,"CensusTract":"154.02 "}},{"type":"Feature","id":4215,"geometry":null,"properties":{"OBJECTID":4215,"PermitNum":202019413,"IssuedDate":1605520140000,"StatusCurrent":"Final Inspection Made                                       ","ApplicationType":"Int/Ext Alterations","Description":"INSTALLATION OF A ROOF MOUNTED SOLAR","TotalCost":26972,"FinalCO":null,"FinalCODate":null,"CensusTract":"126.11 "}},{"type":"Feature","id":57696,"geometry":null,"properties":{"OBJECTID":57696,"PermitNum":202019053,"IssuedDate":1604919900000,"StatusCurrent":"Final Inspection Made                                       ","ApplicationType":"Int/Ext Alterations","Description":"ROOFTOP MOUNTED SOLAR ARRAY","TotalCost":5903,"FinalCO":"Y","FinalCODate":1614152940000,"CensusTract":"151.00 "}},{"type":"Feature","id":55774,"geometry":null,"properties":{"OBJECTID":55774,"PermitNum":202019052,"IssuedDate":1604914380000,"StatusCurrent":"Final Inspection Made                                       ","ApplicationType":"Int/Ext Alterations","Description":"ROOFTOP MOUNTD SOLAR ARRAY","TotalCost":4683,"FinalCO":null,"FinalCODate":null,"CensusTract":"157.07 "}},{"type":"Feature","id":17573,"geometry":null,"properties":{"OBJECTID":17573,"PermitNum":202019146,"IssuedDate":1604489340000,"StatusCurrent":"Final Inspection Made                                       ","ApplicationType":"Int/Ext Alterations","Description":"rooftop mounted solar array","TotalCost":4379,"FinalCO":"Y","FinalCODate":1614154140000,"CensusTract":"153.00 "}},{"type":"Feature","id":15908,"geometry":null,"properties":{"OBJECTID":15908,"PermitNum":202018563,"IssuedDate":1604310240000,"StatusCurrent":"Final Inspection Made                                       ","ApplicationType":"Int/Ext Alterations","Description":"INSTALLATION OF ROOF MOUNTED SOLAR PANELS","TotalCost":25420,"FinalCO":"Y","FinalCODate":1611746400000,"CensusTract":"153.00 "}},{"type":"Feature","id":30437,"geometry":null,"properties":{"OBJECTID":30437,"PermitNum":202016339,"IssuedDate":1604064540000,"StatusCurrent":"Final Inspection Made                                       ","ApplicationType":"Int/Ext Alterations","Description":"roof mounted solar array","TotalCost":19380,"FinalCO":null,"FinalCODate":null,"CensusTract":"104.01 "}},{"type":"Feature","id":24100,"geometry":null,"properties":{"OBJECTID":24100,"PermitNum":202018297,"IssuedDate":1603703460000,"StatusCurrent":"Final Inspection Made                                       ","ApplicationType":"Int/Ext Alterations","Description":"INSTALLATION OF 9.57 KW ROOF MOUNT SOLAR SYSTEM","TotalCost":16671,"FinalCO":"Y","FinalCODate":1608297480000,"CensusTract":"105.00 "}},{"type":"Feature","id":48009,"geometry":null,"properties":{"OBJECTID":48009,"PermitNum":202017706,"IssuedDate":1603122960000,"StatusCurrent":"Final Inspection Made                                       ","ApplicationType":"Int/Ext Alterations","Description":"ROOFTOP MOUNTED SOLAR ARRAY","TotalCost":9866,"FinalCO":"Y","FinalCODate":1610622960000,"CensusTract":"160.06 "}},{"type":"Feature","id":56748,"geometry":null,"properties":{"OBJECTID":56748,"PermitNum":202017727,"IssuedDate":1603122900000,"StatusCurrent":"Final Inspection Made                                       ","ApplicationType":"Int/Ext Alterations","Description":"INSTALLATION OF (33) ROOFTOP SOLAR MODULES","TotalCost":38393,"FinalCO":"Y","FinalCODate":1610464380000,"CensusTract":"157.06 "}},{"type":"Feature","id":31010,"geometry":null,"properties":{"OBJECTID":31010,"PermitNum":202017429,"IssuedDate":1602495480000,"StatusCurrent":"Final Inspection Made                                       ","ApplicationType":"Int/Ext Alterations","Description":"Install 28 solar panels on roof.","TotalCost":18480,"FinalCO":"Y","FinalCODate":1620400320000,"CensusTract":"153.00 "}},{"type":"Feature","id":26366,"geometry":null,"properties":{"OBJECTID":26366,"PermitNum":202017430,"IssuedDate":1602495480000,"StatusCurrent":"Final Inspection Made                                       ","ApplicationType":"Int/Ext Alterations","Description":"INSTALL 16 SOLAR PANELS ON ROOF.","TotalCost":10560,"FinalCO":null,"FinalCODate":null,"CensusTract":"161.03 "}},{"type":"Feature","id":35638,"geometry":null,"properties":{"OBJECTID":35638,"PermitNum":202017398,"IssuedDate":1602495480000,"StatusCurrent":"Final Inspection Made                                       ","ApplicationType":"Int/Ext Alterations","Description":"ROOF MOUNTED SOLAR PANELS","TotalCost":10997,"FinalCO":"Y","FinalCODate":1643213700000,"CensusTract":"125.08 "}},{"type":"Feature","id":31007,"geometry":null,"properties":{"OBJECTID":31007,"PermitNum":202017431,"IssuedDate":1602495420000,"StatusCurrent":"Final Inspection Made                                       ","ApplicationType":"Int/Ext Alterations","Description":"Install 40 solar panels on roof.","TotalCost":26400,"FinalCO":"Y","FinalCODate":1620400260000,"CensusTract":"153.00 "}},{"type":"Feature","id":9195,"geometry":null,"properties":{"OBJECTID":9195,"PermitNum":202015508,"IssuedDate":1602237000000,"StatusCurrent":"Final Inspection Made                                       ","ApplicationType":"Int/Ext Alterations","Description":"INSTALLATION OF SOLAR PANELS","TotalCost":19872,"FinalCO":"Y","FinalCODate":1606725180000,"CensusTract":"126.07 "}},{"type":"Feature","id":9400,"geometry":null,"properties":{"OBJECTID":9400,"PermitNum":202016896,"IssuedDate":1601976000000,"StatusCurrent":"Final Inspection Made                                       ","ApplicationType":"Int/Ext Alterations","Description":"roof mounted solar array","TotalCost":8600,"FinalCO":"Y","FinalCODate":1616685000000,"CensusTract":"126.08 "}},{"type":"Feature","id":32504,"geometry":null,"properties":{"OBJECTID":32504,"PermitNum":202016809,"IssuedDate":1601897400000,"StatusCurrent":"Final Inspection Made                                       ","ApplicationType":"Int/Ext Alterations","Description":"18 ROOF MOUNTED SOLAR MODULES, GRID TIED 5.78 KW","TotalCost":54712,"FinalCO":null,"FinalCODate":null,"CensusTract":"127.06 "}},{"type":"Feature","id":47883,"geometry":null,"properties":{"OBJECTID":47883,"PermitNum":202017037,"IssuedDate":1601897400000,"StatusCurrent":"Final Inspection Made                                       ","ApplicationType":"Int/Ext Alterations","Description":"22 ROOF MOUNTED SOLAR MODULES, GRID TIED 7.04 KW","TotalCost":63240,"FinalCO":"Y","FinalCODate":1627044960000,"CensusTract":"160.09 "}},{"type":"Feature","id":45663,"geometry":null,"properties":{"OBJECTID":45663,"PermitNum":202017170,"IssuedDate":1601896800000,"StatusCurrent":"Final Inspection Made                                       ","ApplicationType":"Int/Ext Alterations","Description":"INSTALLATION OF ROOF-MOUNTED SOLAR ARRAY","TotalCost":22713,"FinalCO":"Y","FinalCODate":1604495160000,"CensusTract":"160.07 "}},{"type":"Feature","id":6252,"geometry":null,"properties":{"OBJECTID":6252,"PermitNum":202016827,"IssuedDate":1601896500000,"StatusCurrent":"Final Inspection Made                                       ","ApplicationType":"Int/Ext Alterations","Description":"ROOF MOUNTED SOLAR PANELS","TotalCost":24408,"FinalCO":"Y","FinalCODate":1603899120000,"CensusTract":"126.17 "}},{"type":"Feature","id":47305,"geometry":null,"properties":{"OBJECTID":47305,"PermitNum":202016486,"IssuedDate":1601286300000,"StatusCurrent":"Final Inspection Made                                       ","ApplicationType":"Int/Ext Alterations","Description":"ROOFTOP SOLAR INSTALLATION 6.8KW (23 PANELS)","TotalCost":15640,"FinalCO":"Y","FinalCODate":1612941840000,"CensusTract":"160.07 "}},{"type":"Feature","id":3329,"geometry":null,"properties":{"OBJECTID":3329,"PermitNum":202016769,"IssuedDate":1601030220000,"StatusCurrent":"Final Inspection Made                                       ","ApplicationType":"Int/Ext Alterations","Description":"roof mounted solar array","TotalCost":7122,"FinalCO":"Y","FinalCODate":1606915380000,"CensusTract":"165.06 "}},{"type":"Feature","id":35644,"geometry":null,"properties":{"OBJECTID":35644,"PermitNum":202012276,"IssuedDate":1600855620000,"StatusCurrent":"Final Inspection Made                                       ","ApplicationType":"Int/Ext Alterations","Description":"Installation of a residential roof mounted solar pv array.","TotalCost":37850,"FinalCO":"Y","FinalCODate":1600944240000,"CensusTract":"104.04 "}},{"type":"Feature","id":23541,"geometry":null,"properties":{"OBJECTID":23541,"PermitNum":202016330,"IssuedDate":1600848000000,"StatusCurrent":"Final Inspection Made                                       ","ApplicationType":"Int/Ext Alterations","Description":"INSTALLATION OF A ROOF-MOUNTED SOLAR ARRAY","TotalCost":21273,"FinalCO":"Y","FinalCODate":1604416320000,"CensusTract":"107.01 "}},{"type":"Feature","id":35900,"geometry":null,"properties":{"OBJECTID":35900,"PermitNum":202015497,"IssuedDate":1600080660000,"StatusCurrent":"Final Inspection Made                                       ","ApplicationType":"Int/Ext Alterations","Description":"ROOFTOP MOUNTED SOLAR ARRAY","TotalCost":16357,"FinalCO":null,"FinalCODate":null,"CensusTract":"103.00 "}},{"type":"Feature","id":21631,"geometry":null,"properties":{"OBJECTID":21631,"PermitNum":202015495,"IssuedDate":1600080480000,"StatusCurrent":"Final Inspection Made                                       ","ApplicationType":"Int/Ext Alterations","Description":"ROOFTOP MOUNTED SOLAR ARRAY","TotalCost":19574,"FinalCO":"Y","FinalCODate":1606836600000,"CensusTract":"127.07 "}},{"type":"Feature","id":58733,"geometry":null,"properties":{"OBJECTID":58733,"PermitNum":202015649,"IssuedDate":1600079520000,"StatusCurrent":"Final Inspection Made                                       ","ApplicationType":"Int/Ext Alterations","Description":"INSTALLATION OF A ROOF-MOUNTED SOLAR ARRAY","TotalCost":24726,"FinalCO":"Y","FinalCODate":1602583860000,"CensusTract":"151.00 "}},{"type":"Feature","id":38437,"geometry":null,"properties":{"OBJECTID":38437,"PermitNum":202015644,"IssuedDate":1600079400000,"StatusCurrent":"Final Inspection Made                                       ","ApplicationType":"Int/Ext Alterations","Description":"INSTALLATION OF A ROOF-MOUNTED SOLAR ARRAY","TotalCost":29000,"FinalCO":"Y","FinalCODate":1602681660000,"CensusTract":"161.01 "}},{"type":"Feature","id":46665,"geometry":null,"properties":{"OBJECTID":46665,"PermitNum":202015621,"IssuedDate":1600079400000,"StatusCurrent":"Final Inspection Made                                       ","ApplicationType":"Int/Ext Alterations","Description":"INSTALLATION OF A ROOF-MOUNTED SOLAR ARRAY","TotalCost":28670,"FinalCO":"Y","FinalCODate":1604917500000,"CensusTract":"160.09 "}},{"type":"Feature","id":9208,"geometry":null,"properties":{"OBJECTID":9208,"PermitNum":202015834,"IssuedDate":1600078740000,"StatusCurrent":"Final Inspection Made                                       ","ApplicationType":"Int/Ext Alterations","Description":"ROOFTOP MOUNTED SOLAR ARRAY","TotalCost":14748,"FinalCO":null,"FinalCODate":null,"CensusTract":"126.07 "}},{"type":"Feature","id":51939,"geometry":null,"properties":{"OBJECTID":51939,"PermitNum":202015576,"IssuedDate":1600078680000,"StatusCurrent":"Final Inspection Made                                       ","ApplicationType":"Int/Ext Alterations","Description":"INSTALLATION OF (15) SOLAR PANELS","TotalCost":7000,"FinalCO":"Y","FinalCODate":1619180280000,"CensusTract":"155.00 "}},{"type":"Feature","id":5189,"geometry":null,"properties":{"OBJECTID":5189,"PermitNum":202015502,"IssuedDate":1600078020000,"StatusCurrent":"Final Inspection Made                                       ","ApplicationType":"Int/Ext Alterations","Description":"INSTALLATION OF A FLUSH ROOF MOUNTED SOLAR","TotalCost":13977,"FinalCO":null,"FinalCODate":null,"CensusTract":"126.09 "}},{"type":"Feature","id":50744,"geometry":null,"properties":{"OBJECTID":50744,"PermitNum":202008346,"IssuedDate":1599823260000,"StatusCurrent":"Final Inspection Made                                       ","ApplicationType":"Int/Ext Alterations","Description":"INSTALL 31 SOLAR PANELS ON ROOF","TotalCost":16817,"FinalCO":"Y","FinalCODate":1616677680000,"CensusTract":"154.02 "}},{"type":"Feature","id":22829,"geometry":null,"properties":{"OBJECTID":22829,"PermitNum":202014964,"IssuedDate":1599663900000,"StatusCurrent":"Final Inspection Made                                       ","ApplicationType":"Int/Ext Demolition","Description":"roof mounted solar array","TotalCost":12457,"FinalCO":"Y","FinalCODate":1604502240000,"CensusTract":"128.03 "}},{"type":"Feature","id":19481,"geometry":null,"properties":{"OBJECTID":19481,"PermitNum":202015064,"IssuedDate":1599663300000,"StatusCurrent":"Final Inspection Made                                       ","ApplicationType":"Int/Ext Alterations","Description":"roof mounted solar array","TotalCost":17626,"FinalCO":null,"FinalCODate":null,"CensusTract":"153.00 "}},{"type":"Feature","id":19935,"geometry":null,"properties":{"OBJECTID":19935,"PermitNum":202015393,"IssuedDate":1599660720000,"StatusCurrent":"Final Inspection Made                                       ","ApplicationType":"Int/Ext Alterations","Description":"Solar panels-- rooftop mounted solar array","TotalCost":19487,"FinalCO":"Y","FinalCODate":1606725060000,"CensusTract":"111.01 "}},{"type":"Feature","id":2818,"geometry":null,"properties":{"OBJECTID":2818,"PermitNum":202014963,"IssuedDate":1599571800000,"StatusCurrent":"Final Inspection Made                                       ","ApplicationType":"Int/Ext Alterations","Description":"Roof Mounted Solar Array","TotalCost":8993,"FinalCO":null,"FinalCODate":null,"CensusTract":"126.12 "}},{"type":"Feature","id":52442,"geometry":null,"properties":{"OBJECTID":52442,"PermitNum":202015441,"IssuedDate":1599570540000,"StatusCurrent":"Final Inspection Made                                       ","ApplicationType":"Int/Ext Alterations","Description":"ROOF MOUNTED SOLAR PV ARRAY","TotalCost":21302,"FinalCO":"Y","FinalCODate":1602748980000,"CensusTract":"154.02 "}},{"type":"Feature","id":58395,"geometry":null,"properties":{"OBJECTID":58395,"PermitNum":202015150,"IssuedDate":1599569400000,"StatusCurrent":"Final Inspection Made                                       ","ApplicationType":"Int/Ext Alterations","Description":"INSTALL 28 SOLAR PANELS ON ROOF","TotalCost":18480,"FinalCO":null,"FinalCODate":null,"CensusTract":"151.00 "}},{"type":"Feature","id":7369,"geometry":null,"properties":{"OBJECTID":7369,"PermitNum":202015151,"IssuedDate":1599563880000,"StatusCurrent":"Final Inspection Made                                       ","ApplicationType":"Int/Ext Alterations","Description":"INSTALL 28 SOLAR PANELS ON ROOF","TotalCost":18480,"FinalCO":"Y","FinalCODate":1617204660000,"CensusTract":"126.17 "}},{"type":"Feature","id":35670,"geometry":null,"properties":{"OBJECTID":35670,"PermitNum":202015289,"IssuedDate":1599047160000,"StatusCurrent":"Final Inspection Made                                       ","ApplicationType":"Int/Ext Alterations","Description":"roof mounted solar array","TotalCost":4168,"FinalCO":null,"FinalCODate":null,"CensusTract":"103.00 "}},{"type":"Feature","id":57648,"geometry":null,"properties":{"OBJECTID":57648,"PermitNum":202014815,"IssuedDate":1598870280000,"StatusCurrent":"Final Inspection Made                                       ","ApplicationType":"Int/Ext Alterations","Description":"roof mounted solar array","TotalCost":4564,"FinalCO":null,"FinalCODate":null,"CensusTract":"151.00 "}},{"type":"Feature","id":51583,"geometry":null,"properties":{"OBJECTID":51583,"PermitNum":202014919,"IssuedDate":1598870220000,"StatusCurrent":"Final Inspection Made                                       ","ApplicationType":"Int/Ext Alterations","Description":"roof mounted solar array","TotalCost":8920,"FinalCO":null,"FinalCODate":null,"CensusTract":"154.02 "}},{"type":"Feature","id":6235,"geometry":null,"properties":{"OBJECTID":6235,"PermitNum":202014685,"IssuedDate":1598629500000,"StatusCurrent":"Final Inspection Made                                       ","ApplicationType":"Int/Ext Alterations","Description":"Photovoltaic roof mount","TotalCost":26438,"FinalCO":"Y","FinalCODate":1602580320000,"CensusTract":"128.03 "}},{"type":"Feature","id":39896,"geometry":null,"properties":{"OBJECTID":39896,"PermitNum":202014604,"IssuedDate":1598259600000,"StatusCurrent":"Final Inspection Made                                       ","ApplicationType":"Int/Ext Alterations","Description":"ROOFTOP MOUNTED SOLAR ARRAY","TotalCost":28190,"FinalCO":"Y","FinalCODate":1603274400000,"CensusTract":"160.07 "}},{"type":"Feature","id":4406,"geometry":null,"properties":{"OBJECTID":4406,"PermitNum":202014316,"IssuedDate":1598257200000,"StatusCurrent":"Final Inspection Made                                       ","ApplicationType":"Int/Ext Alterations","Description":"ROOF MOUNTED SOLAR PV ARRAY","TotalCost":20300,"FinalCO":"Y","FinalCODate":1600865460000,"CensusTract":"126.12 "}},{"type":"Feature","id":52186,"geometry":null,"properties":{"OBJECTID":52186,"PermitNum":202010062,"IssuedDate":1597405380000,"StatusCurrent":"Final Inspection Made                                       ","ApplicationType":"Int/Ext Alterations","Description":"INSTALL 16 SOLAR PANELS ON ROOF","TotalCost":8820,"FinalCO":null,"FinalCODate":null,"CensusTract":"154.02 "}},{"type":"Feature","id":19,"geometry":null,"properties":{"OBJECTID":19,"PermitNum":202013936,"IssuedDate":1597147080000,"StatusCurrent":"Final Inspection Made                                       ","ApplicationType":"Int/Ext Alterations","Description":"Roof Mounted Solar Array","TotalCost":8200,"FinalCO":"Y","FinalCODate":1619097180000,"CensusTract":"171.00 "}},{"type":"Feature","id":55865,"geometry":null,"properties":{"OBJECTID":55865,"PermitNum":202013216,"IssuedDate":1597052340000,"StatusCurrent":"Final Inspection Made                                       ","ApplicationType":"Int/Ext Alterations","Description":"ROOF MOUNTED SOLAR PV ARRAY","TotalCost":23296,"FinalCO":"Y","FinalCODate":1600776000000,"CensusTract":"157.04 "}},{"type":"Feature","id":21468,"geometry":null,"properties":{"OBJECTID":21468,"PermitNum":202013472,"IssuedDate":1597051200000,"StatusCurrent":"Final Inspection Made                                       ","ApplicationType":"Int/Ext Alterations","Description":"Rooftop mounted solar array","TotalCost":18763,"FinalCO":"Y","FinalCODate":1600695720000,"CensusTract":"128.03 "}},{"type":"Feature","id":54587,"geometry":null,"properties":{"OBJECTID":54587,"PermitNum":202008348,"IssuedDate":1596819180000,"StatusCurrent":"Final Inspection Made                                       ","ApplicationType":"Int/Ext Alterations","Description":"INSTALL 28 SOLAR PANELS ON ROOF","TotalCost":15190,"FinalCO":"Y","FinalCODate":1611838980000,"CensusTract":"155.00 "}},{"type":"Feature","id":41945,"geometry":null,"properties":{"OBJECTID":41945,"PermitNum":202013178,"IssuedDate":1596619260000,"StatusCurrent":"Final Inspection Made                                       ","ApplicationType":"Int/Ext Alterations","Description":"ROOFTOP SOLAR INSTALLATION 9.100 kw","TotalCost":20930,"FinalCO":"Y","FinalCODate":1612875540000,"CensusTract":"125.10 "}},{"type":"Feature","id":11835,"geometry":null,"properties":{"OBJECTID":11835,"PermitNum":202012834,"IssuedDate":1596445020000,"StatusCurrent":"Final Inspection Made                                       ","ApplicationType":"Int/Ext Alterations","Description":"Solar-photovoltaic roof mount system","TotalCost":31047,"FinalCO":"Y","FinalCODate":1603269180000,"CensusTract":"128.03 "}},{"type":"Feature","id":55872,"geometry":null,"properties":{"OBJECTID":55872,"PermitNum":202012831,"IssuedDate":1596444960000,"StatusCurrent":"Final Inspection Made                                       ","ApplicationType":"Int/Ext Alterations","Description":"roof mounted solar array","TotalCost":5752,"FinalCO":null,"FinalCODate":null,"CensusTract":"157.07 "}},{"type":"Feature","id":42832,"geometry":null,"properties":{"OBJECTID":42832,"PermitNum":202012832,"IssuedDate":1596444960000,"StatusCurrent":"Final Inspection Made                                       ","ApplicationType":"Int/Ext Alterations","Description":"roof mounted solar array","TotalCost":7699,"FinalCO":"Y","FinalCODate":1616677740000,"CensusTract":"154.02 "}},{"type":"Feature","id":22241,"geometry":null,"properties":{"OBJECTID":22241,"PermitNum":202009435,"IssuedDate":1596202320000,"StatusCurrent":"Final Inspection Made                                       ","ApplicationType":"Int/Ext Alterations","Description":"E-PLAN. ADDITION OF SOLAR PANELS TO THE ROOF.","TotalCost":70000,"FinalCO":"Y","FinalCODate":1596814500000,"CensusTract":"160.11 "}},{"type":"Feature","id":40989,"geometry":null,"properties":{"OBJECTID":40989,"PermitNum":202012514,"IssuedDate":1595846640000,"StatusCurrent":"Final Inspection Made                                       ","ApplicationType":"Int/Ext Alterations","Description":"ROOFTOP MOUNTED SOLAR ARRAY","TotalCost":11851,"FinalCO":"Y","FinalCODate":1605872640000,"CensusTract":"125.03 "}},{"type":"Feature","id":5971,"geometry":null,"properties":{"OBJECTID":5971,"PermitNum":202012435,"IssuedDate":1595842740000,"StatusCurrent":"Final Inspection Made                                       ","ApplicationType":"Int/Ext Alterations","Description":"ROOFTOP MOUNTED SOLAR ARRAY","TotalCost":14163,"FinalCO":"Y","FinalCODate":1599655440000,"CensusTract":"165.05 "}},{"type":"Feature","id":58952,"geometry":null,"properties":{"OBJECTID":58952,"PermitNum":202012450,"IssuedDate":1595842320000,"StatusCurrent":"Final Inspection Made                                       ","ApplicationType":"Int/Ext Alterations","Description":"INSTALL 16 SOLAR PANELS ON ROOF","TotalCost":10080,"FinalCO":"Y","FinalCODate":1616677740000,"CensusTract":"151.00 "}},{"type":"Feature","id":17805,"geometry":null,"properties":{"OBJECTID":17805,"PermitNum":202012511,"IssuedDate":1595842260000,"StatusCurrent":"Final Inspection Made                                       ","ApplicationType":"Int/Ext Alterations","Description":"ROOFTOP MOUNTED SOLAR ARRAY","TotalCost":8992,"FinalCO":null,"FinalCODate":null,"CensusTract":"126.01 "}},{"type":"Feature","id":44712,"geometry":null,"properties":{"OBJECTID":44712,"PermitNum":202012240,"IssuedDate":1595840040000,"StatusCurrent":"Final Inspection Made                                       ","ApplicationType":"Int/Ext Alterations","Description":"photovoltaic roof mounted solar array","TotalCost":17625,"FinalCO":"Y","FinalCODate":1602576540000,"CensusTract":"127.03 "}},{"type":"Feature","id":32953,"geometry":null,"properties":{"OBJECTID":32953,"PermitNum":202012696,"IssuedDate":1595607180000,"StatusCurrent":"Final Inspection Made                                       ","ApplicationType":"Int/Ext Alterations","Description":"roof mounted solar array","TotalCost":29465,"FinalCO":"Y","FinalCODate":1603802700000,"CensusTract":"125.08 "}},{"type":"Feature","id":55101,"geometry":null,"properties":{"OBJECTID":55101,"PermitNum":202006486,"IssuedDate":1595252040000,"StatusCurrent":"Final Inspection Made                                       ","ApplicationType":"Int/Ext Alterations","Description":"INSTALL 19 SOLAR PANELS ON ROOF","TotalCost":10307,"FinalCO":"Y","FinalCODate":1596114000000,"CensusTract":"155.00 "}},{"type":"Feature","id":55960,"geometry":null,"properties":{"OBJECTID":55960,"PermitNum":202011791,"IssuedDate":1595233920000,"StatusCurrent":"Final Inspection Made                                       ","ApplicationType":"Int/Ext Alterations","Description":"ROOFTOP SOLAR PV INSTALLATION","TotalCost":20925,"FinalCO":"Y","FinalCODate":1598431200000,"CensusTract":"155.00 "}},{"type":"Feature","id":41019,"geometry":null,"properties":{"OBJECTID":41019,"PermitNum":202012034,"IssuedDate":1595233800000,"StatusCurrent":"Final Inspection Made                                       ","ApplicationType":"Int/Ext Alterations","Description":"INSTALLATION OF A 14.76KW ROOF MOUNT SOLAR SYSTEM","TotalCost":30996,"FinalCO":"Y","FinalCODate":1597319340000,"CensusTract":"125.10 "}},{"type":"Feature","id":56870,"geometry":null,"properties":{"OBJECTID":56870,"PermitNum":202011623,"IssuedDate":1594651800000,"StatusCurrent":"Final Inspection Made                                       ","ApplicationType":"Int/Ext Alterations","Description":"Roof Mounted Solar Array","TotalCost":12457,"FinalCO":"Y","FinalCODate":1606912200000,"CensusTract":"157.06 "}},{"type":"Feature","id":36036,"geometry":null,"properties":{"OBJECTID":36036,"PermitNum":202011397,"IssuedDate":1594633200000,"StatusCurrent":"Final Inspection Made                                       ","ApplicationType":"Int/Ext Alterations","Description":"22 ROOF MOUNTED SOLAR MODULES 7.040 KW","TotalCost":28604,"FinalCO":"Y","FinalCODate":1606224180000,"CensusTract":"153.00 "}},{"type":"Feature","id":58907,"geometry":null,"properties":{"OBJECTID":58907,"PermitNum":202010716,"IssuedDate":1593511860000,"StatusCurrent":"Final Inspection Made                                       ","ApplicationType":"Int/Ext Alterations","Description":"INSTALL 16 SOLAR PANELS ON ROOF","TotalCost":8820,"FinalCO":"Y","FinalCODate":1597680360000,"CensusTract":"151.00 "}},{"type":"Feature","id":5443,"geometry":null,"properties":{"OBJECTID":5443,"PermitNum":202010626,"IssuedDate":1593438000000,"StatusCurrent":"Final Inspection Made                                       ","ApplicationType":"Int/Ext Alterations","Description":"INSTALL 26 SOLAR PANELS ON ROOF","TotalCost":14332,"FinalCO":"Y","FinalCODate":1596104280000,"CensusTract":"126.10 "}},{"type":"Feature","id":56759,"geometry":null,"properties":{"OBJECTID":56759,"PermitNum":202010880,"IssuedDate":1593437940000,"StatusCurrent":"Final Inspection Made                                       ","ApplicationType":"Int/Ext Alterations","Description":"ROOF MOUNTED SOLAR PV ARRAY","TotalCost":49390,"FinalCO":"Y","FinalCODate":1602250320000,"CensusTract":"157.06 "}},{"type":"Feature","id":4465,"geometry":null,"properties":{"OBJECTID":4465,"PermitNum":202010609,"IssuedDate":1593437280000,"StatusCurrent":"Final Inspection Made                                       ","ApplicationType":"Int/Ext Alterations","Description":"INSTALLATION OF SOLAR PANELS ON EXISTING RESIDENTIAL ROOF 8.25 KW.","TotalCost":10900,"FinalCO":null,"FinalCODate":null,"CensusTract":"165.06 "}},{"type":"Feature","id":158,"geometry":null,"properties":{"OBJECTID":158,"PermitNum":202010590,"IssuedDate":1593437160000,"StatusCurrent":"Final Inspection Made                                       ","ApplicationType":"Int/Ext Alterations","Description":"INSTALLATION OF A ROOF MOUNTED SOLAR SYSTEM (38)","TotalCost":51000,"FinalCO":null,"FinalCODate":null,"CensusTract":"167.01 "}},{"type":"Feature","id":24382,"geometry":null,"properties":{"OBJECTID":24382,"PermitNum":202010326,"IssuedDate":1592815860000,"StatusCurrent":"Final Inspection Made                                       ","ApplicationType":"Int/Ext Alterations","Description":"ROOF MOUNTED SOLAR ARRAY","TotalCost":10714,"FinalCO":"Y","FinalCODate":1599655380000,"CensusTract":"105.00 "}},{"type":"Feature","id":3350,"geometry":null,"properties":{"OBJECTID":3350,"PermitNum":202009984,"IssuedDate":1592299980000,"StatusCurrent":"Final Inspection Made                                       ","ApplicationType":"Miscellaneous","Description":"ROOFTOP MOUNTED SOLAR ARRAY","TotalCost":16452,"FinalCO":"Y","FinalCODate":1600357380000,"CensusTract":"165.06 "}},{"type":"Feature","id":57413,"geometry":null,"properties":{"OBJECTID":57413,"PermitNum":202009720,"IssuedDate":1592214900000,"StatusCurrent":"Final Inspection Made                                       ","ApplicationType":"Int/Ext Alterations","Description":"INSTALL 10 SOLAR PANELS ON ROOF","TotalCost":5512,"FinalCO":"Y","FinalCODate":1596631020000,"CensusTract":"154.01 "}},{"type":"Feature","id":27252,"geometry":null,"properties":{"OBJECTID":27252,"PermitNum":202009554,"IssuedDate":1591807920000,"StatusCurrent":"Final Inspection Made                                       ","ApplicationType":"Int/Ext Alterations","Description":"Installation of a residential roof-mounted solar pv array via doi opt 2.","TotalCost":26520,"FinalCO":null,"FinalCODate":null,"CensusTract":"109.00 "}},{"type":"Feature","id":57632,"geometry":null,"properties":{"OBJECTID":57632,"PermitNum":202009166,"IssuedDate":1591608000000,"StatusCurrent":"Final Inspection Made                                       ","ApplicationType":"Int/Ext Alterations","Description":"Install 27 solar panels on roof.","TotalCost":14883,"FinalCO":"Y","FinalCODate":1620647640000,"CensusTract":"151.00 "}},{"type":"Feature","id":26364,"geometry":null,"properties":{"OBJECTID":26364,"PermitNum":202009033,"IssuedDate":1591095480000,"StatusCurrent":"Final Inspection Made                                       ","ApplicationType":"Int/Ext Alterations","Description":"ROOF MOUNTED SOLAR PV ARRAY","TotalCost":24100,"FinalCO":"Y","FinalCODate":1594376700000,"CensusTract":"125.05 "}},{"type":"Feature","id":47522,"geometry":null,"properties":{"OBJECTID":47522,"PermitNum":202009032,"IssuedDate":1591095420000,"StatusCurrent":"Final Inspection Made                                       ","ApplicationType":"Int/Ext Alterations","Description":"ROOF MOUNTED SOLAR PV ARRAY","TotalCost":37802,"FinalCO":null,"FinalCODate":null,"CensusTract":"160.08 "}},{"type":"Feature","id":22861,"geometry":null,"properties":{"OBJECTID":22861,"PermitNum":202008836,"IssuedDate":1591086420000,"StatusCurrent":"Final Inspection Made                                       ","ApplicationType":"Int/Ext Alterations","Description":"12 ROOF MOUNTED SOLAR MODULES GRID TIED 3.840 KW","TotalCost":24220,"FinalCO":null,"FinalCODate":null,"CensusTract":"128.03 "}},{"type":"Feature","id":32455,"geometry":null,"properties":{"OBJECTID":32455,"PermitNum":202008776,"IssuedDate":1591009320000,"StatusCurrent":"Final Inspection Made                                       ","ApplicationType":"Int/Ext Alterations","Description":"INSTALLATION OF SOLAR PANELS ON EXISTING ROOF","TotalCost":10505,"FinalCO":"Y","FinalCODate":1649422200000,"CensusTract":"127.06 "}},{"type":"Feature","id":45,"geometry":null,"properties":{"OBJECTID":45,"PermitNum":202008603,"IssuedDate":1591007520000,"StatusCurrent":"Final Inspection Made                                       ","ApplicationType":"Int/Ext Alterations","Description":"Solar panels","TotalCost":7700,"FinalCO":"Y","FinalCODate":1607078220000,"CensusTract":"171.00 "}},{"type":"Feature","id":32635,"geometry":null,"properties":{"OBJECTID":32635,"PermitNum":202008602,"IssuedDate":1591007460000,"StatusCurrent":"Final Inspection Made                                       ","ApplicationType":"Int/Ext Alterations","Description":"Solar Panels","TotalCost":6900,"FinalCO":"Y","FinalCODate":1605188160000,"CensusTract":"128.03 "}},{"type":"Feature","id":57890,"geometry":null,"properties":{"OBJECTID":57890,"PermitNum":202008805,"IssuedDate":1591006380000,"StatusCurrent":"Final Inspection Made                                       ","ApplicationType":"Int/Ext Alterations","Description":"Install 16 solar panels on roof.","TotalCost":8820,"FinalCO":"Y","FinalCODate":1596122400000,"CensusTract":"151.00 "}},{"type":"Feature","id":48774,"geometry":null,"properties":{"OBJECTID":48774,"PermitNum":202007464,"IssuedDate":1590766440000,"StatusCurrent":"Final Inspection Made                                       ","ApplicationType":"Int/Ext Alterations","Description":"INSTALL 25 SOLAR PANELS ON ROOF","TotalCost":13562,"FinalCO":null,"FinalCODate":null,"CensusTract":"119.04 "}},{"type":"Feature","id":58804,"geometry":null,"properties":{"OBJECTID":58804,"PermitNum":202009025,"IssuedDate":1590742440000,"StatusCurrent":"Final Inspection Made                                       ","ApplicationType":"Int/Ext Alterations","Description":"ROOF MOUNTED SOLAR PV ARRAY","TotalCost":65326,"FinalCO":"Y","FinalCODate":1602074520000,"CensusTract":"151.00 "}},{"type":"Feature","id":126,"geometry":null,"properties":{"OBJECTID":126,"PermitNum":202008400,"IssuedDate":1590486660000,"StatusCurrent":"Final Inspection Made                                       ","ApplicationType":"Int/Ext Alterations","Description":"roof mounted solar pv","TotalCost":14800,"FinalCO":"Y","FinalCODate":1599048660000,"CensusTract":"167.01 "}},{"type":"Feature","id":26750,"geometry":null,"properties":{"OBJECTID":26750,"PermitNum":202008118,"IssuedDate":1589797080000,"StatusCurrent":"Final Inspection Made                                       ","ApplicationType":"Int/Ext Alterations","Description":"14 ROOF MOUNTED SOLAR MODULES, GRID TIED 4.48 KW","TotalCost":29627,"FinalCO":"Y","FinalCODate":1603899060000,"CensusTract":"161.03 "}},{"type":"Feature","id":136,"geometry":null,"properties":{"OBJECTID":136,"PermitNum":202007945,"IssuedDate":1589284980000,"StatusCurrent":"Final Inspection Made                                       ","ApplicationType":"Int/Ext Alterations","Description":"ROOFTOP MOUNTED SOLAR ARRAY","TotalCost":17000,"FinalCO":"Y","FinalCODate":1599060600000,"CensusTract":"167.01 "}},{"type":"Feature","id":6293,"geometry":null,"properties":{"OBJECTID":6293,"PermitNum":202007930,"IssuedDate":1589284920000,"StatusCurrent":"Final Inspection Made                                       ","ApplicationType":"Int/Ext Alterations","Description":"ROOFTOP MOUNTED SOLAR ARRAY","TotalCost":8992,"FinalCO":"Y","FinalCODate":1610629200000,"CensusTract":"128.03 "}},{"type":"Feature","id":27182,"geometry":null,"properties":{"OBJECTID":27182,"PermitNum":202007762,"IssuedDate":1589191740000,"StatusCurrent":"Final Inspection Made                                       ","ApplicationType":"Int/Ext Alterations","Description":"ROOF MOUNTED SOLAR PANELS","TotalCost":18219,"FinalCO":"Y","FinalCODate":1599830280000,"CensusTract":"109.00 "}},{"type":"Feature","id":3357,"geometry":null,"properties":{"OBJECTID":3357,"PermitNum":202007928,"IssuedDate":1588935900000,"StatusCurrent":"Final Inspection Made                                       ","ApplicationType":"Int/Ext Alterations","Description":"ROOFTOP MOUNTED SOLAR ARRAY","TotalCost":15884,"FinalCO":"Y","FinalCODate":1598368500000,"CensusTract":"165.06 "}},{"type":"Feature","id":22036,"geometry":null,"properties":{"OBJECTID":22036,"PermitNum":202005043,"IssuedDate":1588772820000,"StatusCurrent":"Final Inspection Made                                       ","ApplicationType":"Int/Ext Alterations","Description":"Solar on the roof","TotalCost":103500,"FinalCO":"Y","FinalCODate":1592840760000,"CensusTract":"106.02 "}},{"type":"Feature","id":28167,"geometry":null,"properties":{"OBJECTID":28167,"PermitNum":202007518,"IssuedDate":1588683120000,"StatusCurrent":"Final Inspection Made                                       ","ApplicationType":"Int/Ext Alterations","Description":"5 ROOF MOUNTED SOLAR MODULES, GRID TIED 1.60 KW","TotalCost":5016,"FinalCO":null,"FinalCODate":null,"CensusTract":"125.05 "}},{"type":"Feature","id":2785,"geometry":null,"properties":{"OBJECTID":2785,"PermitNum":202007624,"IssuedDate":1588678980000,"StatusCurrent":"Final Inspection Made                                       ","ApplicationType":"Int/Ext Alterations","Description":"SOLAR PANELS","TotalCost":11800,"FinalCO":"Y","FinalCODate":1611330060000,"CensusTract":"168.00 "}},{"type":"Feature","id":16818,"geometry":null,"properties":{"OBJECTID":16818,"PermitNum":202007627,"IssuedDate":1588677060000,"StatusCurrent":"Final Inspection Made                                       ","ApplicationType":"Int/Ext Alterations","Description":"INSTALLATION OF SOLAR PANELS TO ROOF OF EXISTING HOME","TotalCost":7424,"FinalCO":"Y","FinalCODate":1599836520000,"CensusTract":"153.00 "}},{"type":"Feature","id":35442,"geometry":null,"properties":{"OBJECTID":35442,"PermitNum":202006946,"IssuedDate":1587985320000,"StatusCurrent":"Final Inspection Made                                       ","ApplicationType":"Int/Ext Alterations","Description":"ROOF MOUNTED SOLAR ARRAY","TotalCost":18259,"FinalCO":"Y","FinalCODate":1591696680000,"CensusTract":"125.11 "}},{"type":"Feature","id":6076,"geometry":null,"properties":{"OBJECTID":6076,"PermitNum":202005994,"IssuedDate":1587465420000,"StatusCurrent":"Final Inspection Made                                       ","ApplicationType":"Int/Ext Alterations","Description":"rooftop mounted solar array","TotalCost":24518,"FinalCO":"Y","FinalCODate":1599655380000,"CensusTract":"165.05 "}},{"type":"Feature","id":6098,"geometry":null,"properties":{"OBJECTID":6098,"PermitNum":202006487,"IssuedDate":1587465420000,"StatusCurrent":"Final Inspection Made                                       ","ApplicationType":"Int/Ext Alterations","Description":"INSTALL 18 SOLAR PANELS ON ROOF","TotalCost":9765,"FinalCO":null,"FinalCODate":null,"CensusTract":"128.05 "}},{"type":"Feature","id":43120,"geometry":null,"properties":{"OBJECTID":43120,"PermitNum":202005759,"IssuedDate":1586946600000,"StatusCurrent":"Final Inspection Made                                       ","ApplicationType":"Int/Ext Alterations","Description":"INSTALL PHOTO VOLTAIC ROOFTOP MOUNTED SOLAR","TotalCost":17074,"FinalCO":"Y","FinalCODate":1589877060000,"CensusTract":"125.10 "}},{"type":"Feature","id":5311,"geometry":null,"properties":{"OBJECTID":5311,"PermitNum":202005639,"IssuedDate":1586427420000,"StatusCurrent":"Final Inspection Made                                       ","ApplicationType":"Int/Ext Alterations","Description":"INSTALL 12 SOLAR PANELS ON ROOF","TotalCost":6510,"FinalCO":null,"FinalCODate":null,"CensusTract":"126.09 "}},{"type":"Feature","id":55467,"geometry":null,"properties":{"OBJECTID":55467,"PermitNum":202002802,"IssuedDate":1586182860000,"StatusCurrent":"Final Inspection Made                                       ","ApplicationType":"Int/Ext Alterations","Description":"roof mounted solar array","TotalCost":38125,"FinalCO":"Y","FinalCODate":1586270700000,"CensusTract":"155.00 "}},{"type":"Feature","id":47399,"geometry":null,"properties":{"OBJECTID":47399,"PermitNum":202002059,"IssuedDate":1585829640000,"StatusCurrent":"Final Inspection Made                                       ","ApplicationType":"Miscellaneous","Description":"Rooftop mounted solar array","TotalCost":19348,"FinalCO":"Y","FinalCODate":1603377720000,"CensusTract":"154.02 "}},{"type":"Feature","id":13726,"geometry":null,"properties":{"OBJECTID":13726,"PermitNum":202005260,"IssuedDate":1585829580000,"StatusCurrent":"Final Inspection Made                                       ","ApplicationType":"Int/Ext Alterations","Description":"INSTALL 32 SOLAR PANELS ON ROOF","TotalCost":17360,"FinalCO":"Y","FinalCODate":1610463480000,"CensusTract":"128.03 "}},{"type":"Feature","id":38390,"geometry":null,"properties":{"OBJECTID":38390,"PermitNum":202005179,"IssuedDate":1585826880000,"StatusCurrent":"Final Inspection Made                                       ","ApplicationType":"Int/Ext Alterations","Description":"Residential roof mounted solar","TotalCost":13078,"FinalCO":"Y","FinalCODate":1601450400000,"CensusTract":"102.00 "}},{"type":"Feature","id":27164,"geometry":null,"properties":{"OBJECTID":27164,"PermitNum":202005172,"IssuedDate":1585825680000,"StatusCurrent":"Final Inspection Made                                       ","ApplicationType":"Int/Ext Alterations","Description":"Roof top solar installation","TotalCost":21838,"FinalCO":"Y","FinalCODate":1587997860000,"CensusTract":"125.05 "}},{"type":"Feature","id":48748,"geometry":null,"properties":{"OBJECTID":48748,"PermitNum":202005033,"IssuedDate":1585664460000,"StatusCurrent":"Final Inspection Made                                       ","ApplicationType":"Int/Ext Alterations","Description":"INSTALL 29 SOLAR PANELS ON ROOF","TotalCost":15732,"FinalCO":"Y","FinalCODate":1588676640000,"CensusTract":"119.05 "}},{"type":"Feature","id":4129,"geometry":null,"properties":{"OBJECTID":4129,"PermitNum":202003614,"IssuedDate":1585579260000,"StatusCurrent":"Final Inspection Made                                       ","ApplicationType":"Int/Ext Alterations","Description":"INSTALLATION OF SOLAR PANELS","TotalCost":18600,"FinalCO":null,"FinalCODate":null,"CensusTract":"126.11 "}},{"type":"Feature","id":55721,"geometry":null,"properties":{"OBJECTID":55721,"PermitNum":202004816,"IssuedDate":1585309380000,"StatusCurrent":"Final Inspection Made                                       ","ApplicationType":"Int/Ext Alterations","Description":"INSTALL 36 SOLAR PANELS ON ROOF","TotalCost":19530,"FinalCO":"Y","FinalCODate":1614778680000,"CensusTract":"157.06 "}},{"type":"Feature","id":19227,"geometry":null,"properties":{"OBJECTID":19227,"PermitNum":202001838,"IssuedDate":1584454980000,"StatusCurrent":"Final Inspection Made                                       ","ApplicationType":"Int/Ext Alterations","Description":"E-PLAN. INSTALLATION OF A 28.52 KW ROOF MOUNT SOLAR SYSTEM.","TotalCost":52762,"FinalCO":"Y","FinalCODate":1586856000000,"CensusTract":"106.02 "}},{"type":"Feature","id":46470,"geometry":null,"properties":{"OBJECTID":46470,"PermitNum":202003849,"IssuedDate":1584453660000,"StatusCurrent":"Final Inspection Made                                       ","ApplicationType":"Int/Ext Alterations","Description":"Rooftop mounted solar array","TotalCost":15885,"FinalCO":"Y","FinalCODate":1596459660000,"CensusTract":"160.09 "}},{"type":"Feature","id":45632,"geometry":null,"properties":{"OBJECTID":45632,"PermitNum":202004030,"IssuedDate":1584450300000,"StatusCurrent":"Final Inspection Made                                       ","ApplicationType":"Int/Ext Alterations","Description":"Rooftop mounted solar array","TotalCost":19918,"FinalCO":"Y","FinalCODate":1597762920000,"CensusTract":"127.03 "}},{"type":"Feature","id":54963,"geometry":null,"properties":{"OBJECTID":54963,"PermitNum":202000227,"IssuedDate":1584352620000,"StatusCurrent":"Final Inspection Made                                       ","ApplicationType":"Int/Ext Alterations","Description":"roof mounted solar array","TotalCost":10231,"FinalCO":null,"FinalCODate":null,"CensusTract":"155.00 "}},{"type":"Feature","id":36759,"geometry":null,"properties":{"OBJECTID":36759,"PermitNum":202003672,"IssuedDate":1584010080000,"StatusCurrent":"Final Inspection Made                                       ","ApplicationType":"Int/Ext Alterations","Description":"INSTALLATION OF ROOF MOUNTED SOLAR PANELS--(36) PANELS","TotalCost":35200,"FinalCO":"Y","FinalCODate":1585818180000,"CensusTract":"125.11 "}},{"type":"Feature","id":13135,"geometry":null,"properties":{"OBJECTID":13135,"PermitNum":201916936,"IssuedDate":1583927640000,"StatusCurrent":"Final Inspection Made                                       ","ApplicationType":"Int/Ext Alterations","Description":"Roof mounted solar panels       Courtney   704-288-0141","TotalCost":19728,"FinalCO":null,"FinalCODate":null,"CensusTract":"112.00 "}},{"type":"Feature","id":46970,"geometry":null,"properties":{"OBJECTID":46970,"PermitNum":202003762,"IssuedDate":1583750400000,"StatusCurrent":"Final Inspection Made                                       ","ApplicationType":"Int/Ext Alterations","Description":"Rooftop mounted solar array","TotalCost":22776,"FinalCO":"Y","FinalCODate":1603109520000,"CensusTract":"160.09 "}},{"type":"Feature","id":54827,"geometry":null,"properties":{"OBJECTID":54827,"PermitNum":202003629,"IssuedDate":1583750340000,"StatusCurrent":"Final Inspection Made                                       ","ApplicationType":"Int/Ext Alterations","Description":"Rooftop mounted solar array","TotalCost":8425,"FinalCO":"Y","FinalCODate":1593502680000,"CensusTract":"155.00 "}},{"type":"Feature","id":3978,"geometry":null,"properties":{"OBJECTID":3978,"PermitNum":202003634,"IssuedDate":1583743200000,"StatusCurrent":"Final Inspection Made                                       ","ApplicationType":"Int/Ext Alterations","Description":"Rooftop mounted solar array","TotalCost":14747,"FinalCO":null,"FinalCODate":null,"CensusTract":"165.06 "}},{"type":"Feature","id":56182,"geometry":null,"properties":{"OBJECTID":56182,"PermitNum":202003174,"IssuedDate":1583311500000,"StatusCurrent":"Final Inspection Made                                       ","ApplicationType":"Int/Ext Alterations","Description":"INSTALLATION FOR ROOFTOP MOUNTED SOLAR ARRAY","TotalCost":22775,"FinalCO":"Y","FinalCODate":1597141860000,"CensusTract":"157.06 "}},{"type":"Feature","id":33070,"geometry":null,"properties":{"OBJECTID":33070,"PermitNum":202003173,"IssuedDate":1583311440000,"StatusCurrent":"Final Inspection Made                                       ","ApplicationType":"Int/Ext Alterations","Description":"INSTALLATION OF ROOFTOP MOUNTED SOLAR ARRAY","TotalCost":15884,"FinalCO":null,"FinalCODate":null,"CensusTract":"128.03 "}},{"type":"Feature","id":16457,"geometry":null,"properties":{"OBJECTID":16457,"PermitNum":202003244,"IssuedDate":1583251260000,"StatusCurrent":"Final Inspection Made                                       ","ApplicationType":"Int/Ext Alterations","Description":"INSTALLATION OF SOLAR PANELS  ON EXISTING ROOF","TotalCost":8221,"FinalCO":"Y","FinalCODate":1600873200000,"CensusTract":"153.00 "}},{"type":"Feature","id":51207,"geometry":null,"properties":{"OBJECTID":51207,"PermitNum":202003242,"IssuedDate":1583251260000,"StatusCurrent":"Final Inspection Made                                       ","ApplicationType":"Int/Ext Alterations","Description":"INSTALLATION OF SOLAR PANELS  ON EXISTING ROOF","TotalCost":6394,"FinalCO":null,"FinalCODate":null,"CensusTract":"154.02 "}},{"type":"Feature","id":16727,"geometry":null,"properties":{"OBJECTID":16727,"PermitNum":202003240,"IssuedDate":1583251200000,"StatusCurrent":"Final Inspection Made                                       ","ApplicationType":"Int/Ext Alterations","Description":"INSTALLATION OF SOLAR PANELS  ON EXISTING ROOF","TotalCost":15529,"FinalCO":"Y","FinalCODate":1600873200000,"CensusTract":"153.00 "}},{"type":"Feature","id":3316,"geometry":null,"properties":{"OBJECTID":3316,"PermitNum":202003226,"IssuedDate":1583251140000,"StatusCurrent":"Final Inspection Made                                       ","ApplicationType":"Int/Ext Alterations","Description":"INSTALLATION OF SOLAR PANELS TO ROOF","TotalCost":19278,"FinalCO":null,"FinalCODate":null,"CensusTract":"165.06 "}},{"type":"Feature","id":44320,"geometry":null,"properties":{"OBJECTID":44320,"PermitNum":202003245,"IssuedDate":1583241720000,"StatusCurrent":"Final Inspection Made                                       ","ApplicationType":"Int/Ext Alterations","Description":"INSTALLATION OF SOLAR PANELS  ON EXISTING ROOF","TotalCost":7308,"FinalCO":null,"FinalCODate":null,"CensusTract":"160.09 "}},{"type":"Feature","id":5467,"geometry":null,"properties":{"OBJECTID":5467,"PermitNum":202002934,"IssuedDate":1582799040000,"StatusCurrent":"Final Inspection Made                                       ","ApplicationType":"Int/Ext Alterations","Description":"ROOFTOP MOUNTED SOLAR ARRAY","TotalCost":10715,"FinalCO":"Y","FinalCODate":1594204380000,"CensusTract":"165.05 "}},{"type":"Feature","id":5029,"geometry":null,"properties":{"OBJECTID":5029,"PermitNum":202002541,"IssuedDate":1582100400000,"StatusCurrent":"Final Inspection Made                                       ","ApplicationType":"Int/Ext Alterations","Description":"Install 21 solar panels on roof.","TotalCost":11392,"FinalCO":null,"FinalCODate":null,"CensusTract":"126.10 "}},{"type":"Feature","id":21938,"geometry":null,"properties":{"OBJECTID":21938,"PermitNum":202002492,"IssuedDate":1582024740000,"StatusCurrent":"Final Inspection Made                                       ","ApplicationType":"Miscellaneous","Description":"Install of roof mount 4.725 kw solar PV system","TotalCost":17820,"FinalCO":"Y","FinalCODate":1588236720000,"CensusTract":"125.04 "}},{"type":"Feature","id":58975,"geometry":null,"properties":{"OBJECTID":58975,"PermitNum":202000226,"IssuedDate":1581346260000,"StatusCurrent":"Final Inspection Made                                       ","ApplicationType":"Int/Ext Alterations","Description":"rooftop mounted solar array","TotalCost":10236,"FinalCO":"Y","FinalCODate":1603284060000,"CensusTract":"151.00 "}},{"type":"Feature","id":26351,"geometry":null,"properties":{"OBJECTID":26351,"PermitNum":202001889,"IssuedDate":1581321600000,"StatusCurrent":"Final Inspection Made                                       ","ApplicationType":"Miscellaneous","Description":"Installation of roof- mounted 8.5 kw solar panels","TotalCost":26440,"FinalCO":"Y","FinalCODate":1596187320000,"CensusTract":"125.05 "}},{"type":"Feature","id":56038,"geometry":null,"properties":{"OBJECTID":56038,"PermitNum":202001895,"IssuedDate":1581320640000,"StatusCurrent":"Final Inspection Made                                       ","ApplicationType":"Int/Ext Alterations","Description":"Rooftop mounted solar array","TotalCost":13594,"FinalCO":"Y","FinalCODate":1594721940000,"CensusTract":"157.06 "}},{"type":"Feature","id":58386,"geometry":null,"properties":{"OBJECTID":58386,"PermitNum":202001894,"IssuedDate":1581320640000,"StatusCurrent":"Final Inspection Made                                       ","ApplicationType":"Miscellaneous","Description":"INSTALLATION-- ROOFTOP MOUNTED SOLAR ARRAY","TotalCost":11283,"FinalCO":"Y","FinalCODate":1594124700000,"CensusTract":"151.00 "}},{"type":"Feature","id":20966,"geometry":null,"properties":{"OBJECTID":20966,"PermitNum":202001890,"IssuedDate":1581320640000,"StatusCurrent":"Final Inspection Made                                       ","ApplicationType":"Int/Ext Alterations","Description":"Rooftop mounted solar array","TotalCost":17037,"FinalCO":null,"FinalCODate":null,"CensusTract":"128.03 "}},{"type":"Feature","id":31930,"geometry":null,"properties":{"OBJECTID":31930,"PermitNum":202001892,"IssuedDate":1581320640000,"StatusCurrent":"Final Inspection Made                                       ","ApplicationType":"Miscellaneous","Description":"INSTALLATION-- ROOFTOP MOUNTED SOLAR ARRAY","TotalCost":15884,"FinalCO":null,"FinalCODate":null,"CensusTract":"153.00 "}},{"type":"Feature","id":5546,"geometry":null,"properties":{"OBJECTID":5546,"PermitNum":202001691,"IssuedDate":1580907840000,"StatusCurrent":"Final Inspection Made                                       ","ApplicationType":"Int/Ext Alterations","Description":"8 roof mounted modules grid tied 2.40 kw solar installation on an existing residence","TotalCost":35576,"FinalCO":"Y","FinalCODate":1600096560000,"CensusTract":"126.10 "}},{"type":"Feature","id":53863,"geometry":null,"properties":{"OBJECTID":53863,"PermitNum":202001573,"IssuedDate":1580829780000,"StatusCurrent":"Final Inspection Made                                       ","ApplicationType":"Int/Ext Alterations","Description":"INSTALLATION OF ROOFTOP MOUNTED SOLAR ARRAY","TotalCost":15709,"FinalCO":"Y","FinalCODate":1607443260000,"CensusTract":"160.08 "}},{"type":"Feature","id":54966,"geometry":null,"properties":{"OBJECTID":54966,"PermitNum":202001496,"IssuedDate":1580829660000,"StatusCurrent":"Final Inspection Made                                       ","ApplicationType":"Int/Ext Alterations","Description":"Installation of rooftop mounted solar array","TotalCost":17037,"FinalCO":"Y","FinalCODate":1605005640000,"CensusTract":"155.00 "}},{"type":"Feature","id":28216,"geometry":null,"properties":{"OBJECTID":28216,"PermitNum":202001487,"IssuedDate":1580804820000,"StatusCurrent":"Final Inspection Made                                       ","ApplicationType":"Int/Ext Alterations","Description":"INSTALLATION OF ROOF MOUNTED SOLAR PANELS (22)","TotalCost":22000,"FinalCO":null,"FinalCODate":null,"CensusTract":"109.00 "}},{"type":"Feature","id":23091,"geometry":null,"properties":{"OBJECTID":23091,"PermitNum":201921601,"IssuedDate":1580303280000,"StatusCurrent":"Final Inspection Made                                       ","ApplicationType":"Int/Ext Alterations","Description":"INSTALL 24 ROOF MOUNTED MODULES, GRID TIED 7.4 KW SOLAR INSTALLATION","TotalCost":29016,"FinalCO":null,"FinalCODate":null,"CensusTract":"128.03 "}},{"type":"Feature","id":52979,"geometry":null,"properties":{"OBJECTID":52979,"PermitNum":202001178,"IssuedDate":1580285520000,"StatusCurrent":"Final Inspection Made                                       ","ApplicationType":"Miscellaneous","Description":"roof mounted solar array","TotalCost":11852,"FinalCO":"Y","FinalCODate":1595842500000,"CensusTract":"157.03 "}},{"type":"Feature","id":52581,"geometry":null,"properties":{"OBJECTID":52581,"PermitNum":202001184,"IssuedDate":1580285460000,"StatusCurrent":"Final Inspection Made                                       ","ApplicationType":"Miscellaneous","Description":"rooftop mounted solar array","TotalCost":10146,"FinalCO":"Y","FinalCODate":1597318980000,"CensusTract":"157.03 "}},{"type":"Feature","id":12662,"geometry":null,"properties":{"OBJECTID":12662,"PermitNum":202001187,"IssuedDate":1580284560000,"StatusCurrent":"Final Inspection Made                                       ","ApplicationType":"Miscellaneous","Description":"roof mounted solar array","TotalCost":15884,"FinalCO":null,"FinalCODate":null,"CensusTract":"172.00 "}},{"type":"Feature","id":49078,"geometry":null,"properties":{"OBJECTID":49078,"PermitNum":202001183,"IssuedDate":1580284560000,"StatusCurrent":"Final Inspection Made                                       ","ApplicationType":"Miscellaneous","Description":"rooftop mounted solar array","TotalCost":14163,"FinalCO":"Y","FinalCODate":1597314120000,"CensusTract":"154.02 "}},{"type":"Feature","id":27912,"geometry":null,"properties":{"OBJECTID":27912,"PermitNum":201921508,"IssuedDate":1578991140000,"StatusCurrent":"Final Inspection Made                                       ","ApplicationType":"Int/Ext Alterations","Description":"PV solar system","TotalCost":18442,"FinalCO":null,"FinalCODate":null,"CensusTract":"125.05 "}},{"type":"Feature","id":2638,"geometry":null,"properties":{"OBJECTID":2638,"PermitNum":202000142,"IssuedDate":1578991140000,"StatusCurrent":"Final Inspection Made                                       ","ApplicationType":"Int/Ext Alterations","Description":"INSTALLATION OF A 13.73 KW ROOF MOUNT SOLAR SYSTEM","TotalCost":31591,"FinalCO":null,"FinalCODate":null,"CensusTract":"165.02 "}},{"type":"Feature","id":38753,"geometry":null,"properties":{"OBJECTID":38753,"PermitNum":201919491,"IssuedDate":1578921300000,"StatusCurrent":"Final Inspection Made                                       ","ApplicationType":"New Construction","Description":"E-PLAN. INSTALLATION OF A SOLAR FARM. TRC PROJECT NUMBER 2019-2402.  NOT A PUBLIC UTILITY PER LEGAL .  FOOTING AND SUPPORTS FOR PV ELECTRICAL INSTALLATION.  SPECIAL INSPECTIONS REQ'D.  NO LIEN FORM REQ'D ON CITY PROPERTY. ELECTRICAL PERMIT REQ'D.","TotalCost":4776397,"FinalCO":"Y","FinalCODate":1606823580000,"CensusTract":"128.03 "}},{"type":"Feature","id":51202,"geometry":null,"properties":{"OBJECTID":51202,"PermitNum":201920886,"IssuedDate":1576832100000,"StatusCurrent":"Final Inspection Made                                       ","ApplicationType":"Int/Ext Alterations","Description":"Rooftop mounted solar array","TotalCost":16724,"FinalCO":"Y","FinalCODate":1597159380000,"CensusTract":"154.02 "}},{"type":"Feature","id":47571,"geometry":null,"properties":{"OBJECTID":47571,"PermitNum":201921219,"IssuedDate":1576832100000,"StatusCurrent":"Final Inspection Made                                       ","ApplicationType":"Int/Ext Alterations","Description":"INSTALLATION OF ROOFTOP MOUNTED SOLAR ARRAY","TotalCost":23949,"FinalCO":"Y","FinalCODate":1603202100000,"CensusTract":"119.04 "}},{"type":"Feature","id":47161,"geometry":null,"properties":{"OBJECTID":47161,"PermitNum":201920885,"IssuedDate":1576832100000,"StatusCurrent":"Final Inspection Made                                       ","ApplicationType":"Int/Ext Alterations","Description":"Rooftop mounted solar array","TotalCost":10531,"FinalCO":null,"FinalCODate":null,"CensusTract":"154.02 "}},{"type":"Feature","id":56779,"geometry":null,"properties":{"OBJECTID":56779,"PermitNum":201921220,"IssuedDate":1576832040000,"StatusCurrent":"Final Inspection Made                                       ","ApplicationType":"Int/Ext Alterations","Description":"INSTALLATION OF ROOFTOP MOUNTED SOLAR ARRAY","TotalCost":15884,"FinalCO":null,"FinalCODate":null,"CensusTract":"157.06 "}},{"type":"Feature","id":16639,"geometry":null,"properties":{"OBJECTID":16639,"PermitNum":201921221,"IssuedDate":1576832040000,"StatusCurrent":"Final Inspection Made                                       ","ApplicationType":"Int/Ext Alterations","Description":"INSTALLATION OF ROOFTOP MOUNTED SOLAR ARRAY","TotalCost":16453,"FinalCO":null,"FinalCODate":null,"CensusTract":"153.00 "}},{"type":"Feature","id":20443,"geometry":null,"properties":{"OBJECTID":20443,"PermitNum":201921270,"IssuedDate":1576832040000,"StatusCurrent":"Final Inspection Made                                       ","ApplicationType":"Int/Ext Alterations","Description":"INSTALL 20 SOLAR PANELS ON ROOF","TotalCost":10850,"FinalCO":null,"FinalCODate":null,"CensusTract":"106.02 "}},{"type":"Feature","id":54689,"geometry":null,"properties":{"OBJECTID":54689,"PermitNum":201920816,"IssuedDate":1576494780000,"StatusCurrent":"Final Inspection Made                                       ","ApplicationType":"Int/Ext Alterations","Description":"INSTALLATION OF ROOF-MOUNTED 10.39 KW SOLAR PV","TotalCost":29640,"FinalCO":null,"FinalCODate":null,"CensusTract":"157.07 "}},{"type":"Feature","id":49616,"geometry":null,"properties":{"OBJECTID":49616,"PermitNum":201920479,"IssuedDate":1576493640000,"StatusCurrent":"Final Inspection Made                                       ","ApplicationType":"Int/Ext Alterations","Description":"roof mounted solar array","TotalCost":12974,"FinalCO":"Y","FinalCODate":1595842140000,"CensusTract":"119.04 "}},{"type":"Feature","id":5477,"geometry":null,"properties":{"OBJECTID":5477,"PermitNum":201920482,"IssuedDate":1576493520000,"StatusCurrent":"Final Inspection Made                                       ","ApplicationType":"Int/Ext Demolition","Description":"roof mounted solar array","TotalCost":14163,"FinalCO":null,"FinalCODate":null,"CensusTract":"128.05 "}},{"type":"Feature","id":3122,"geometry":null,"properties":{"OBJECTID":3122,"PermitNum":201920709,"IssuedDate":1576493460000,"StatusCurrent":"Final Inspection Made                                       ","ApplicationType":"Int/Ext Alterations","Description":"ROOFTOP MOUNTED SOLAR ARRAY","TotalCost":15316,"FinalCO":null,"FinalCODate":null,"CensusTract":"165.06 "}},{"type":"Feature","id":49733,"geometry":null,"properties":{"OBJECTID":49733,"PermitNum":201920355,"IssuedDate":1576059660000,"StatusCurrent":"Final Inspection Made                                       ","ApplicationType":"Int/Ext Alterations","Description":"INSTALLATION OF SOLAR PANELS","TotalCost":11620,"FinalCO":null,"FinalCODate":null,"CensusTract":"160.09 "}},{"type":"Feature","id":12869,"geometry":null,"properties":{"OBJECTID":12869,"PermitNum":201920105,"IssuedDate":1575634200000,"StatusCurrent":"Final Inspection Made                                       ","ApplicationType":"Int/Ext Alterations","Description":"Install 42 solar panels on roof.","TotalCost":22785,"FinalCO":null,"FinalCODate":null,"CensusTract":"172.00 "}},{"type":"Feature","id":12960,"geometry":null,"properties":{"OBJECTID":12960,"PermitNum":201920114,"IssuedDate":1575632040000,"StatusCurrent":"Final Inspection Made                                       ","ApplicationType":"Int/Ext Alterations","Description":"INSTALL (44) SOLAR PANELS ON ROOF","TotalCost":23870,"FinalCO":null,"FinalCODate":null,"CensusTract":"113.00 "}},{"type":"Feature","id":5425,"geometry":null,"properties":{"OBJECTID":5425,"PermitNum":201919792,"IssuedDate":1574763720000,"StatusCurrent":"Final Inspection Made                                       ","ApplicationType":"Int/Ext Alterations","Description":"5.49 KW ROOFTOP MOUNTED SOLAR ARRAY","TotalCost":16717,"FinalCO":"Y","FinalCODate":1603292820000,"CensusTract":"128.05 "}},{"type":"Feature","id":133,"geometry":null,"properties":{"OBJECTID":133,"PermitNum":201919294,"IssuedDate":1574351700000,"StatusCurrent":"Final Inspection Made                                       ","ApplicationType":"Int/Ext Alterations","Description":"INSTALL (22) ROOF MOUNTED MODULES, GRID TIED 6.8 KW SOLAR","TotalCost":26598,"FinalCO":null,"FinalCODate":null,"CensusTract":"167.01 "}},{"type":"Feature","id":32670,"geometry":null,"properties":{"OBJECTID":32670,"PermitNum":201919707,"IssuedDate":1574351100000,"StatusCurrent":"Final Inspection Made                                       ","ApplicationType":"Int/Ext Alterations","Description":"ROOF TOP PV SOLAR INSTALLATION","TotalCost":13540,"FinalCO":null,"FinalCODate":null,"CensusTract":"128.03 "}},{"type":"Feature","id":55761,"geometry":null,"properties":{"OBJECTID":55761,"PermitNum":201919624,"IssuedDate":1574350860000,"StatusCurrent":"Final Inspection Made                                       ","ApplicationType":"Int/Ext Alterations","Description":"INSTALL ROOF MOUNTED, GRID TIED SOLAR PV (29) PANELS","TotalCost":28000,"FinalCO":null,"FinalCODate":null,"CensusTract":"157.04 "}},{"type":"Feature","id":3427,"geometry":null,"properties":{"OBJECTID":3427,"PermitNum":201919481,"IssuedDate":1574249880000,"StatusCurrent":"Final Inspection Made                                       ","ApplicationType":"Int/Ext Alterations","Description":"INSTALL (11) SOLAR PANELS ON ROOF","TotalCost":5967,"FinalCO":null,"FinalCODate":null,"CensusTract":"128.04 "}},{"type":"Feature","id":47796,"geometry":null,"properties":{"OBJECTID":47796,"PermitNum":201919483,"IssuedDate":1574241480000,"StatusCurrent":"Final Inspection Made                                       ","ApplicationType":"Int/Ext Alterations","Description":"INSTALL (32) SOLAR PANELS ON ROOF","TotalCost":17360,"FinalCO":null,"FinalCODate":null,"CensusTract":"154.02 "}},{"type":"Feature","id":34088,"geometry":null,"properties":{"OBJECTID":34088,"PermitNum":201919421,"IssuedDate":1574241360000,"StatusCurrent":"Final Inspection Made                                       ","ApplicationType":"Int/Ext Alterations","Description":"INSTALL (8) ROOF MOUNTED MODULES GRID TIED 2.40 KW SOLAR INSTALLATION ON EXISTING RESIDENCE","TotalCost":13922,"FinalCO":null,"FinalCODate":null,"CensusTract":"127.05 "}},{"type":"Feature","id":17800,"geometry":null,"properties":{"OBJECTID":17800,"PermitNum":201919344,"IssuedDate":1574241240000,"StatusCurrent":"Final Inspection Made                                       ","ApplicationType":"Int/Ext Alterations","Description":"INSTALL 36 SOLAR PANELS ON ROOF","TotalCost":19530,"FinalCO":null,"FinalCODate":null,"CensusTract":"153.00 "}},{"type":"Feature","id":30906,"geometry":null,"properties":{"OBJECTID":30906,"PermitNum":201918680,"IssuedDate":1574066640000,"StatusCurrent":"Final Inspection Made                                       ","ApplicationType":"Int/Ext Alterations","Description":"INSTALLATION OF A 11.78 KW ROOF MOUNT SOLAR SYSTEM","TotalCost":28124,"FinalCO":null,"FinalCODate":null,"CensusTract":"125.09 "}},{"type":"Feature","id":45276,"geometry":null,"properties":{"OBJECTID":45276,"PermitNum":201919002,"IssuedDate":1573651740000,"StatusCurrent":"Final Inspection Made                                       ","ApplicationType":"Int/Ext Alterations","Description":"INSTALL 4.88 KW ROOFTOP MOUNTED SOLAR ARRAY","TotalCost":11853,"FinalCO":"Y","FinalCODate":1595848740000,"CensusTract":"160.06 "}},{"type":"Feature","id":20173,"geometry":null,"properties":{"OBJECTID":20173,"PermitNum":201919021,"IssuedDate":1573651260000,"StatusCurrent":"Final Inspection Made                                       ","ApplicationType":"Int/Ext Alterations","Description":"INSTALLATION OF RESIDENTIAL ROOF-MOUNTED SOLAR (PV) ARRAY","TotalCost":20250,"FinalCO":null,"FinalCODate":null,"CensusTract":"106.02 "}},{"type":"Feature","id":2227,"geometry":null,"properties":{"OBJECTID":2227,"PermitNum":201918977,"IssuedDate":1573650960000,"StatusCurrent":"Final Inspection Made                                       ","ApplicationType":"Int/Ext Alterations","Description":"INSTALL 16 SOLAR PANELS ON ROOF","TotalCost":8680,"FinalCO":null,"FinalCODate":null,"CensusTract":"167.01 "}},{"type":"Feature","id":5012,"geometry":null,"properties":{"OBJECTID":5012,"PermitNum":201918971,"IssuedDate":1573650900000,"StatusCurrent":"Final Inspection Made                                       ","ApplicationType":"Int/Ext Alterations","Description":"Install 30 solar panels on roof.","TotalCost":16275,"FinalCO":null,"FinalCODate":null,"CensusTract":"126.10 "}},{"type":"Feature","id":55046,"geometry":null,"properties":{"OBJECTID":55046,"PermitNum":201918810,"IssuedDate":1573637760000,"StatusCurrent":"Final Inspection Made                                       ","ApplicationType":"Int/Ext Alterations","Description":"Install PV Solar,-size 5.58/  PV modules-(18) SAAE HT60-156M 310W Inverter (18) Enphase \r\nTQ 7-60","TotalCost":21762,"FinalCO":"Y","FinalCODate":1586337120000,"CensusTract":"160.08 "}},{"type":"Feature","id":28290,"geometry":null,"properties":{"OBJECTID":28290,"PermitNum":201918539,"IssuedDate":1572886560000,"StatusCurrent":"Final Inspection Made                                       ","ApplicationType":"Int/Ext Alterations","Description":"Roof mounted solar panels      Edward   828 332 3003","TotalCost":25000,"FinalCO":null,"FinalCODate":null,"CensusTract":"125.05 "}},{"type":"Feature","id":184,"geometry":null,"properties":{"OBJECTID":184,"PermitNum":201918626,"IssuedDate":1572886500000,"StatusCurrent":"Final Inspection Made                                       ","ApplicationType":"Int/Ext Alterations","Description":"INSTALL (PV) SOLAR INSTALL SYSTEM- 9.92 KW (PV MODULES- 32)","TotalCost":29688,"FinalCO":null,"FinalCODate":null,"CensusTract":"167.01 "}},{"type":"Feature","id":2023,"geometry":null,"properties":{"OBJECTID":2023,"PermitNum":201918601,"IssuedDate":1572886380000,"StatusCurrent":"Final Inspection Made                                       ","ApplicationType":"Int/Ext Alterations","Description":"INSTALL 7.63 KW ROOFTOP MOUNTED SOLAR ARRAY.","TotalCost":17037,"FinalCO":"Y","FinalCODate":1587380760000,"CensusTract":"167.01 "}},{"type":"Feature","id":3487,"geometry":null,"properties":{"OBJECTID":3487,"PermitNum":201918566,"IssuedDate":1572885720000,"StatusCurrent":"Final Inspection Made                                       ","ApplicationType":"Int/Ext Alterations","Description":"INSTALL (24) SOLAR PANELS ON ROOF","TotalCost":13020,"FinalCO":null,"FinalCODate":null,"CensusTract":"126.11 "}},{"type":"Feature","id":6475,"geometry":null,"properties":{"OBJECTID":6475,"PermitNum":201918567,"IssuedDate":1572885660000,"StatusCurrent":"Final Inspection Made                                       ","ApplicationType":"Int/Ext Alterations","Description":"INSTALL (28) SOLAR PANELS ON ROOF","TotalCost":15190,"FinalCO":null,"FinalCODate":null,"CensusTract":"128.03 "}},{"type":"Feature","id":6390,"geometry":null,"properties":{"OBJECTID":6390,"PermitNum":201918568,"IssuedDate":1572885660000,"StatusCurrent":"Final Inspection Made                                       ","ApplicationType":"Int/Ext Alterations","Description":"INSTALL (36) SOLAR PANELS ON ROOF","TotalCost":19530,"FinalCO":"Y","FinalCODate":1574342220000,"CensusTract":"128.03 "}},{"type":"Feature","id":2309,"geometry":null,"properties":{"OBJECTID":2309,"PermitNum":201918564,"IssuedDate":1572885600000,"StatusCurrent":"Final Inspection Made                                       ","ApplicationType":"Int/Ext Alterations","Description":"INSTALL (30) SOLAR PANELS ON ROOF","TotalCost":16275,"FinalCO":null,"FinalCODate":null,"CensusTract":"168.00 "}},{"type":"Feature","id":12417,"geometry":null,"properties":{"OBJECTID":12417,"PermitNum":201918565,"IssuedDate":1572885600000,"StatusCurrent":"Final Inspection Made                                       ","ApplicationType":"Int/Ext Alterations","Description":"INSTALL (34) SOLAR PANELS ON ROOF","TotalCost":18445,"FinalCO":null,"FinalCODate":null,"CensusTract":"113.00 "}},{"type":"Feature","id":27210,"geometry":null,"properties":{"OBJECTID":27210,"PermitNum":201918562,"IssuedDate":1572885540000,"StatusCurrent":"Final Inspection Made                                       ","ApplicationType":"Int/Ext Alterations","Description":"INSTALL (17) SOLAR PANELS ON ROOF","TotalCost":9222,"FinalCO":"Y","FinalCODate":1580313600000,"CensusTract":"161.02 "}},{"type":"Feature","id":33880,"geometry":null,"properties":{"OBJECTID":33880,"PermitNum":201918416,"IssuedDate":1572611520000,"StatusCurrent":"Final Inspection Made                                       ","ApplicationType":"Int/Ext Alterations","Description":"Install 17 roof mounted modules grid tied 5.10 kw solar panels","TotalCost":24240,"FinalCO":null,"FinalCODate":null,"CensusTract":"153.00 "}},{"type":"Feature","id":35604,"geometry":null,"properties":{"OBJECTID":35604,"PermitNum":201917786,"IssuedDate":1572011160000,"StatusCurrent":"Final Inspection Made                                       ","ApplicationType":"Int/Ext Alterations","Description":"7.8 kw rooftop mounted solar array","TotalCost":16754,"FinalCO":null,"FinalCODate":null,"CensusTract":"153.00 "}},{"type":"Feature","id":3561,"geometry":null,"properties":{"OBJECTID":3561,"PermitNum":201918099,"IssuedDate":1572010920000,"StatusCurrent":"Final Inspection Made                                       ","ApplicationType":"Int/Ext Alterations","Description":"Roof mounted solar panels       Pica Nagano   385 482 0045","TotalCost":16273,"FinalCO":"Y","FinalCODate":1582214640000,"CensusTract":"165.05 "}},{"type":"Feature","id":38074,"geometry":null,"properties":{"OBJECTID":38074,"PermitNum":201917726,"IssuedDate":1572010500000,"StatusCurrent":"Final Inspection Made                                       ","ApplicationType":"Int/Ext Alterations","Description":"INSTALL 25-- SOLAR PANELS ON ROOF","TotalCost":13562,"FinalCO":"Y","FinalCODate":1579794840000,"CensusTract":"125.11 "}},{"type":"Feature","id":6419,"geometry":null,"properties":{"OBJECTID":6419,"PermitNum":201917950,"IssuedDate":1572010440000,"StatusCurrent":"Final Inspection Made                                       ","ApplicationType":"Int/Ext Alterations","Description":"INSTALL (38) SOLAR PANELS ON ROOF","TotalCost":20615,"FinalCO":null,"FinalCODate":null,"CensusTract":"128.03 "}},{"type":"Feature","id":38589,"geometry":null,"properties":{"OBJECTID":38589,"PermitNum":201917316,"IssuedDate":1572009240000,"StatusCurrent":"Final Inspection Made                                       ","ApplicationType":"Int/Ext Alterations","Description":"INSTALL (23) SOLAR PANELS ON ROOF","TotalCost":12477,"FinalCO":"Y","FinalCODate":1586270640000,"CensusTract":"125.11 "}},{"type":"Feature","id":37502,"geometry":null,"properties":{"OBJECTID":37502,"PermitNum":201917538,"IssuedDate":1571657220000,"StatusCurrent":"Final Inspection Made                                       ","ApplicationType":"Int/Ext Alterations","Description":"Roof Mounted Solar Panels          Chris   919-833-9096","TotalCost":4441,"FinalCO":"Y","FinalCODate":1591780560000,"CensusTract":"125.08 "}},{"type":"Feature","id":5572,"geometry":null,"properties":{"OBJECTID":5572,"PermitNum":201917154,"IssuedDate":1571401320000,"StatusCurrent":"Final Inspection Made                                       ","ApplicationType":"Int/Ext Alterations","Description":"Roof  mounted  solar  panels    contact:   434-465-6788","TotalCost":24087,"FinalCO":null,"FinalCODate":null,"CensusTract":"165.06 "}},{"type":"Feature","id":36462,"geometry":null,"properties":{"OBJECTID":36462,"PermitNum":201916519,"IssuedDate":1571130000000,"StatusCurrent":"Final Inspection Made                                       ","ApplicationType":"Int/Ext Alterations","Description":"Roof  mounted  solar  panels                        Chris   919 833 9096","TotalCost":16500,"FinalCO":"Y","FinalCODate":1573556160000,"CensusTract":"125.08 "}},{"type":"Feature","id":56098,"geometry":null,"properties":{"OBJECTID":56098,"PermitNum":201916825,"IssuedDate":1570801860000,"StatusCurrent":"Final Inspection Made                                       ","ApplicationType":"Int/Ext Alterations","Description":"Roof mounted solar panels      Courtney    704-288-0141","TotalCost":37125,"FinalCO":null,"FinalCODate":null,"CensusTract":"157.06 "}},{"type":"Feature","id":49829,"geometry":null,"properties":{"OBJECTID":49829,"PermitNum":201916098,"IssuedDate":1570793280000,"StatusCurrent":"Final Inspection Made                                       ","ApplicationType":"Int/Ext Alterations","Description":"Roof  mounted  solar  panels       Chris 919-833-9096","TotalCost":15750,"FinalCO":"Y","FinalCODate":1573747620000,"CensusTract":"160.08 "}},{"type":"Feature","id":33704,"geometry":null,"properties":{"OBJECTID":33704,"PermitNum":201915945,"IssuedDate":1570618260000,"StatusCurrent":"Final Inspection Made                                       ","ApplicationType":"Int/Ext Alterations","Description":"ROOF MOUNTED SOLAR PANELS        Whitney Smith   843-270-7773","TotalCost":20601,"FinalCO":null,"FinalCODate":null,"CensusTract":"125.09 "}},{"type":"Feature","id":54249,"geometry":null,"properties":{"OBJECTID":54249,"PermitNum":201912074,"IssuedDate":1570617540000,"StatusCurrent":"Final Inspection Made                                       ","ApplicationType":"New Construction","Description":"4.5 KW ROOFTOP MOUNTED SOLAR ARRAY","TotalCost":9651,"FinalCO":null,"FinalCODate":null,"CensusTract":"155.00 "}},{"type":"Feature","id":30176,"geometry":null,"properties":{"OBJECTID":30176,"PermitNum":201915700,"IssuedDate":1570467000000,"StatusCurrent":"Final Inspection Made                                       ","ApplicationType":"Int/Ext Alterations","Description":"ROOF  MOUNTED  SOLAR  PANELS          Sid   843 720 1844","TotalCost":13020,"FinalCO":null,"FinalCODate":null,"CensusTract":"125.05 "}},{"type":"Feature","id":26242,"geometry":null,"properties":{"OBJECTID":26242,"PermitNum":201914514,"IssuedDate":1568979000000,"StatusCurrent":"Final Inspection Made                                       ","ApplicationType":"Int/Ext Alterations","Description":"Installation of roof mounted solar panels     Chris  919-833-9096","TotalCost":27342,"FinalCO":"Y","FinalCODate":1571047320000,"CensusTract":"161.02 "}},{"type":"Feature","id":52031,"geometry":null,"properties":{"OBJECTID":52031,"PermitNum":201915741,"IssuedDate":1568979000000,"StatusCurrent":"Final Inspection Made                                       ","ApplicationType":"Int/Ext Alterations","Description":"Roof Mounted Solar Panels                     Chris   919 833 9096","TotalCost":20000,"FinalCO":"Y","FinalCODate":1571326800000,"CensusTract":"157.04 "}},{"type":"Feature","id":6855,"geometry":null,"properties":{"OBJECTID":6855,"PermitNum":201915167,"IssuedDate":1568890740000,"StatusCurrent":"Final Inspection Made                                       ","ApplicationType":"Int/Ext Alterations","Description":"INSTALL 28-- SOLAR PANELS ON ROOF","TotalCost":15190,"FinalCO":null,"FinalCODate":null,"CensusTract":"128.03 "}},{"type":"Feature","id":35602,"geometry":null,"properties":{"OBJECTID":35602,"PermitNum":201914088,"IssuedDate":1568622300000,"StatusCurrent":"Final Inspection Made                                       ","ApplicationType":"Int/Ext Alterations","Description":"Installation of roof mounted solar panels     Don   385-482-0045","TotalCost":15318,"FinalCO":null,"FinalCODate":null,"CensusTract":"153.00 "}},{"type":"Feature","id":58571,"geometry":null,"properties":{"OBJECTID":58571,"PermitNum":201914708,"IssuedDate":1568621220000,"StatusCurrent":"Final Inspection Made                                       ","ApplicationType":"Int/Ext Alterations","Description":"Installation of roof mounted solar panels     Courtney    704-288-0141","TotalCost":19182,"FinalCO":null,"FinalCODate":null,"CensusTract":"151.00 "}},{"type":"Feature","id":3995,"geometry":null,"properties":{"OBJECTID":3995,"PermitNum":201914574,"IssuedDate":1568621160000,"StatusCurrent":"Final Inspection Made                                       ","ApplicationType":"Int/Ext Alterations","Description":"Installation of roof mounted solar panels       Carla   704-677-7894","TotalCost":21366,"FinalCO":null,"FinalCODate":null,"CensusTract":"165.06 "}},{"type":"Feature","id":25826,"geometry":null,"properties":{"OBJECTID":25826,"PermitNum":201914442,"IssuedDate":1567613220000,"StatusCurrent":"Final Inspection Made                                       ","ApplicationType":"Int/Ext Alterations","Description":"SOLAR PANELS ON ROOF","TotalCost":14000,"FinalCO":"Y","FinalCODate":1572855360000,"CensusTract":"125.04 "}},{"type":"Feature","id":47979,"geometry":null,"properties":{"OBJECTID":47979,"PermitNum":201914227,"IssuedDate":1567613160000,"StatusCurrent":"Final Inspection Made                                       ","ApplicationType":"Int/Ext Alterations","Description":"6 KW ROOFTOP MOUNTED SOLAR ARRAY","TotalCost":12957,"FinalCO":null,"FinalCODate":null,"CensusTract":"157.03 "}},{"type":"Feature","id":34994,"geometry":null,"properties":{"OBJECTID":34994,"PermitNum":201914228,"IssuedDate":1567613100000,"StatusCurrent":"Final Inspection Made                                       ","ApplicationType":"Int/Ext Alterations","Description":"6.3 KW ROOFTOP MOUNTED SOLAR ARRAY","TotalCost":12492,"FinalCO":null,"FinalCODate":null,"CensusTract":"153.00 "}},{"type":"Feature","id":45585,"geometry":null,"properties":{"OBJECTID":45585,"PermitNum":201914008,"IssuedDate":1566921000000,"StatusCurrent":"Final Inspection Made                                       ","ApplicationType":"Int/Ext Alterations","Description":"Installation of roof mounted solar panels       Courtney  704-288-0141","TotalCost":23350,"FinalCO":null,"FinalCODate":null,"CensusTract":"119.05 "}},{"type":"Feature","id":28166,"geometry":null,"properties":{"OBJECTID":28166,"PermitNum":201913841,"IssuedDate":1566556200000,"StatusCurrent":"Final Inspection Made                                       ","ApplicationType":"Int/Ext Alterations","Description":"Roof mounted solar panel installation     Courtney   704-288-0141","TotalCost":17490,"FinalCO":null,"FinalCODate":null,"CensusTract":"125.05 "}},{"type":"Feature","id":48633,"geometry":null,"properties":{"OBJECTID":48633,"PermitNum":201913279,"IssuedDate":1565366400000,"StatusCurrent":"Final Inspection Made                                       ","ApplicationType":"Int/Ext Alterations","Description":"roof mounted solar panels       Carla    704-677-7894","TotalCost":17992,"FinalCO":null,"FinalCODate":null,"CensusTract":"154.02 "}},{"type":"Feature","id":3181,"geometry":null,"properties":{"OBJECTID":3181,"PermitNum":201913281,"IssuedDate":1565366400000,"StatusCurrent":"Final Inspection Made                                       ","ApplicationType":"Int/Ext Alterations","Description":"roof mounted solar panels         Carla    704-677-7894","TotalCost":20241,"FinalCO":null,"FinalCODate":null,"CensusTract":"126.09 "}},{"type":"Feature","id":55491,"geometry":null,"properties":{"OBJECTID":55491,"PermitNum":201913278,"IssuedDate":1565366340000,"StatusCurrent":"Final Inspection Made                                       ","ApplicationType":"Int/Ext Alterations","Description":"roof mounted solar panels         Carla  704-677-7894","TotalCost":18555,"FinalCO":null,"FinalCODate":null,"CensusTract":"155.00 "}},{"type":"Feature","id":51666,"geometry":null,"properties":{"OBJECTID":51666,"PermitNum":201913282,"IssuedDate":1565366160000,"StatusCurrent":"Final Inspection Made                                       ","ApplicationType":"Int/Ext Alterations","Description":"roof mounted solar panels       Carla   704-677-7894","TotalCost":12600,"FinalCO":"Y","FinalCODate":1569839820000,"CensusTract":"155.00 "}},{"type":"Feature","id":1584,"geometry":null,"properties":{"OBJECTID":1584,"PermitNum":201913283,"IssuedDate":1565366100000,"StatusCurrent":"Final Inspection Made                                       ","ApplicationType":"Int/Ext Alterations","Description":"roof mounted solar panels         Carla   704-677-7894","TotalCost":16305,"FinalCO":null,"FinalCODate":null,"CensusTract":"167.01 "}},{"type":"Feature","id":56254,"geometry":null,"properties":{"OBJECTID":56254,"PermitNum":201912750,"IssuedDate":1565179740000,"StatusCurrent":"Final Inspection Made                                       ","ApplicationType":"Int/Ext Alterations","Description":"roof mounted solar panel installation       Chris   919-833-9096","TotalCost":29925,"FinalCO":null,"FinalCODate":null,"CensusTract":"157.04 "}},{"type":"Feature","id":49054,"geometry":null,"properties":{"OBJECTID":49054,"PermitNum":201912293,"IssuedDate":1564995360000,"StatusCurrent":"Final Inspection Made                                       ","ApplicationType":"Int/Ext Alterations","Description":"INSTALL 30 SOLAR PANELS ON ROOF","TotalCost":15750,"FinalCO":null,"FinalCODate":null,"CensusTract":"154.02 "}},{"type":"Feature","id":50583,"geometry":null,"properties":{"OBJECTID":50583,"PermitNum":201912349,"IssuedDate":1564995300000,"StatusCurrent":"Final Inspection Made                                       ","ApplicationType":"Int/Ext Alterations","Description":"Roof mounted solar panels       Don   385-482-0045","TotalCost":16728,"FinalCO":"Y","FinalCODate":1596114960000,"CensusTract":"160.08 "}},{"type":"Feature","id":55064,"geometry":null,"properties":{"OBJECTID":55064,"PermitNum":201912441,"IssuedDate":1564995180000,"StatusCurrent":"Final Inspection Made                                       ","ApplicationType":"Int/Ext Alterations","Description":"Rooftop mounted solar panels       Don   385-482-0045","TotalCost":14367,"FinalCO":"Y","FinalCODate":1594124640000,"CensusTract":"155.00 "}},{"type":"Feature","id":17577,"geometry":null,"properties":{"OBJECTID":17577,"PermitNum":201912159,"IssuedDate":1564145640000,"StatusCurrent":"Final Inspection Made                                       ","ApplicationType":"Int/Ext Alterations","Description":"INSTALL 6.9 KW ROOFTOP MOUNTED SOLAR ARRAY","TotalCost":13422,"FinalCO":null,"FinalCODate":null,"CensusTract":"153.00 "}},{"type":"Feature","id":16204,"geometry":null,"properties":{"OBJECTID":16204,"PermitNum":201911864,"IssuedDate":1563358620000,"StatusCurrent":"Final Inspection Made                                       ","ApplicationType":"Addition","Description":"16 ROOF MOUNTED solar panels             Courtney    704-288-0141","TotalCost":57350,"FinalCO":null,"FinalCODate":null,"CensusTract":"111.01 "}},{"type":"Feature","id":48203,"geometry":null,"properties":{"OBJECTID":48203,"PermitNum":201911952,"IssuedDate":1563358560000,"StatusCurrent":"Final Inspection Made                                       ","ApplicationType":"Addition","Description":"INSTALL ROOF MOUNTED SOLAR PANEL, GRID TIED","TotalCost":40257,"FinalCO":null,"FinalCODate":null,"CensusTract":"157.03 "}},{"type":"Feature","id":5382,"geometry":null,"properties":{"OBJECTID":5382,"PermitNum":201910273,"IssuedDate":1563281460000,"StatusCurrent":"Final Inspection Made                                       ","ApplicationType":"New Construction","Description":"Installation & wiring of solar modules on roof of house","TotalCost":32066,"FinalCO":null,"FinalCODate":null,"CensusTract":"126.10 "}},{"type":"Feature","id":47316,"geometry":null,"properties":{"OBJECTID":47316,"PermitNum":201911088,"IssuedDate":1562687640000,"StatusCurrent":"Final Inspection Made                                       ","ApplicationType":"Addition","Description":"Installation of roof mounted solar pv array solar panels.   Chris   919-833-9096","TotalCost":21300,"FinalCO":null,"FinalCODate":null,"CensusTract":"160.09 "}},{"type":"Feature","id":2462,"geometry":null,"properties":{"OBJECTID":2462,"PermitNum":201911130,"IssuedDate":1562687580000,"StatusCurrent":"Final Inspection Made                                       ","ApplicationType":"New Construction","Description":"7.8 KW ROOFTOP MOUNTED SOLAR ARRAY","TotalCost":14853,"FinalCO":null,"FinalCODate":null,"CensusTract":"167.01 "}},{"type":"Feature","id":20657,"geometry":null,"properties":{"OBJECTID":20657,"PermitNum":201911150,"IssuedDate":1562685000000,"StatusCurrent":"Final Inspection Made                                       ","ApplicationType":"Addition","Description":"installation of a residential roof mounted solar pv array    Chris   919-833-9096","TotalCost":23920,"FinalCO":null,"FinalCODate":null,"CensusTract":"106.02 "}},{"type":"Feature","id":7546,"geometry":null,"properties":{"OBJECTID":7546,"PermitNum":201910795,"IssuedDate":1562586960000,"StatusCurrent":"Final Inspection Made                                       ","ApplicationType":"New Construction","Description":"INSTALL (32) SOLAR PANELS ON ROOF","TotalCost":16800,"FinalCO":null,"FinalCODate":null,"CensusTract":"128.03 "}},{"type":"Feature","id":3130,"geometry":null,"properties":{"OBJECTID":3130,"PermitNum":201910470,"IssuedDate":1562582820000,"StatusCurrent":"Final Inspection Made                                       ","ApplicationType":"Addition","Description":"Solar installation;  9 roof mounted modules      Courtney   704-288-0141","TotalCost":15098,"FinalCO":null,"FinalCODate":null,"CensusTract":"128.04 "}},{"type":"Feature","id":39797,"geometry":null,"properties":{"OBJECTID":39797,"PermitNum":201909936,"IssuedDate":1561049280000,"StatusCurrent":"Final Inspection Made                                       ","ApplicationType":"Addition","Description":"Installation of a residential roof-mounted solar pv array    Chris   919-833-9096","TotalCost":45500,"FinalCO":null,"FinalCODate":null,"CensusTract":"125.10 "}},{"type":"Feature","id":32106,"geometry":null,"properties":{"OBJECTID":32106,"PermitNum":201909922,"IssuedDate":1561049220000,"StatusCurrent":"Final Inspection Made                                       ","ApplicationType":"New Construction","Description":"INSTALL 16' OOF MOUNTED MODULES GRID TIED-SOLAR INSTALLATION ON EXISTING RESIDENCE","TotalCost":22500,"FinalCO":null,"FinalCODate":null,"CensusTract":"128.03 "}},{"type":"Feature","id":48842,"geometry":null,"properties":{"OBJECTID":48842,"PermitNum":201909931,"IssuedDate":1561049220000,"StatusCurrent":"Final Inspection Made                                       ","ApplicationType":"Addition","Description":"Solar panel installation;  20 roof mounted modules      Brooke   704-635-2144","TotalCost":27000,"FinalCO":"Y","FinalCODate":1575533400000,"CensusTract":"160.07 "}},{"type":"Feature","id":17983,"geometry":null,"properties":{"OBJECTID":17983,"PermitNum":201909850,"IssuedDate":1561049160000,"StatusCurrent":"Final Inspection Made                                       ","ApplicationType":"Addition","Description":"Solar panels installation;  15 roof mounted modules        Brooke   704-635-2144","TotalCost":22500,"FinalCO":null,"FinalCODate":null,"CensusTract":"106.01 "}},{"type":"Feature","id":12728,"geometry":null,"properties":{"OBJECTID":12728,"PermitNum":201909139,"IssuedDate":1560872100000,"StatusCurrent":"Final Inspection Made                                       ","ApplicationType":"Addition","Description":"Installation of solar PV system      Jon   540-949-6553","TotalCost":23746,"FinalCO":null,"FinalCODate":null,"CensusTract":"172.00 "}},{"type":"Feature","id":54255,"geometry":null,"properties":{"OBJECTID":54255,"PermitNum":201909060,"IssuedDate":1560526680000,"StatusCurrent":"Final Inspection Made                                       ","ApplicationType":"Addition","Description":"Installation of solar PV system      Jon   540-460-8099","TotalCost":27450,"FinalCO":null,"FinalCODate":null,"CensusTract":"160.08 "}},{"type":"Feature","id":56127,"geometry":null,"properties":{"OBJECTID":56127,"PermitNum":201909059,"IssuedDate":1560526680000,"StatusCurrent":"Final Inspection Made                                       ","ApplicationType":"Addition","Description":"Installation of solar PV system      Jon   540-460-8099","TotalCost":22199,"FinalCO":null,"FinalCODate":null,"CensusTract":"157.04 "}},{"type":"Feature","id":33007,"geometry":null,"properties":{"OBJECTID":33007,"PermitNum":201908803,"IssuedDate":1560526500000,"StatusCurrent":"Final Inspection Made                                       ","ApplicationType":"Addition","Description":"INSTALLATION OF A 9.3 KW ROOF MOUNT SOLAR SYSTEM","TotalCost":23250,"FinalCO":"Y","FinalCODate":1566999180000,"CensusTract":"125.11 "}},{"type":"Feature","id":2659,"geometry":null,"properties":{"OBJECTID":2659,"PermitNum":201908804,"IssuedDate":1560526440000,"StatusCurrent":"Final Inspection Made                                       ","ApplicationType":"Addition","Description":"INSTALLATION OF A 8.6 KW ROOF MOUNT SOLAR SYSTEM","TotalCost":20150,"FinalCO":null,"FinalCODate":null,"CensusTract":"126.12 "}},{"type":"Feature","id":54456,"geometry":null,"properties":{"OBJECTID":54456,"PermitNum":201909373,"IssuedDate":1560526320000,"StatusCurrent":"Final Inspection Made                                       ","ApplicationType":"Int/Ext Alterations","Description":"Installing (x24) roof mounted solar panels on the home.","TotalCost":22680,"FinalCO":"Y","FinalCODate":1564672620000,"CensusTract":"157.06 "}},{"type":"Feature","id":5237,"geometry":null,"properties":{"OBJECTID":5237,"PermitNum":201907003,"IssuedDate":1559294220000,"StatusCurrent":"Final Inspection Made                                       ","ApplicationType":"Int/Ext Alterations","Description":"6.6 KW ROOFTOP MOUNTED SOLAR ARRAY","TotalCost":12957,"FinalCO":null,"FinalCODate":null,"CensusTract":"126.09 "}},{"type":"Feature","id":32838,"geometry":null,"properties":{"OBJECTID":32838,"PermitNum":201905019,"IssuedDate":1559223660000,"StatusCurrent":"Final Inspection Made                                       ","ApplicationType":"Int/Ext Alterations","Description":"Installation of a roof mounted solar array on existing structure","TotalCost":300000,"FinalCO":null,"FinalCODate":null,"CensusTract":"160.11 "}},{"type":"Feature","id":32839,"geometry":null,"properties":{"OBJECTID":32839,"PermitNum":201907152,"IssuedDate":1559223180000,"StatusCurrent":"Final Inspection Made                                       ","ApplicationType":"Int/Ext Alterations","Description":"INSTALLATION OF ROOM MOUNTED SOLAR ARRAY ON EXISTING STRUCTURE","TotalCost":21000,"FinalCO":null,"FinalCODate":null,"CensusTract":"160.11 "}},{"type":"Feature","id":54232,"geometry":null,"properties":{"OBJECTID":54232,"PermitNum":201908506,"IssuedDate":1559130480000,"StatusCurrent":"Final Inspection Made                                       ","ApplicationType":"Addition","Description":"Installation of a roof mounted solar pv system      Brittany    434-465-6788","TotalCost":26495,"FinalCO":"Y","FinalCODate":1566378780000,"CensusTract":"160.08 "}},{"type":"Feature","id":37671,"geometry":null,"properties":{"OBJECTID":37671,"PermitNum":201908252,"IssuedDate":1559130420000,"StatusCurrent":"Final Inspection Made                                       ","ApplicationType":"Addition","Description":"Installation of a residential roof mounted solar pv array     Chris   919-833-9096","TotalCost":25004,"FinalCO":null,"FinalCODate":null,"CensusTract":"125.11 "}},{"type":"Feature","id":27727,"geometry":null,"properties":{"OBJECTID":27727,"PermitNum":201907760,"IssuedDate":1558720020000,"StatusCurrent":"Final Inspection Made                                       ","ApplicationType":"Addition","Description":"Installation of a roof mounted solar system    Shahzaib Khan   919-948-6475","TotalCost":21427,"FinalCO":null,"FinalCODate":null,"CensusTract":"125.05 "}},{"type":"Feature","id":39502,"geometry":null,"properties":{"OBJECTID":39502,"PermitNum":201907763,"IssuedDate":1558720020000,"StatusCurrent":"Final Inspection Made                                       ","ApplicationType":"Addition","Description":"Installation of a roof mounted solar system     Shahzaib  919-948-6475","TotalCost":28520,"FinalCO":null,"FinalCODate":null,"CensusTract":"125.10 "}},{"type":"Feature","id":2175,"geometry":null,"properties":{"OBJECTID":2175,"PermitNum":201907853,"IssuedDate":1558719660000,"StatusCurrent":"Final Inspection Made                                       ","ApplicationType":"New Construction","Description":"Install roof top mounted solar array     Don   385-483-0045","TotalCost":12492,"FinalCO":"Y","FinalCODate":1566462900000,"CensusTract":"167.01 "}},{"type":"Feature","id":5684,"geometry":null,"properties":{"OBJECTID":5684,"PermitNum":201907676,"IssuedDate":1558719420000,"StatusCurrent":"Final Inspection Made                                       ","ApplicationType":"Addition","Description":"Installation of a flush roof mounted Solar PV System.   Brittany  434-465-6788","TotalCost":25193,"FinalCO":null,"FinalCODate":null,"CensusTract":"165.06 "}},{"type":"Feature","id":41502,"geometry":null,"properties":{"OBJECTID":41502,"PermitNum":201907399,"IssuedDate":1557926340000,"StatusCurrent":"Final Inspection Made                                       ","ApplicationType":"Addition","Description":"Installation of a residential roof-mounted solar pv array      Chris    919-833-9096","TotalCost":20500,"FinalCO":null,"FinalCODate":null,"CensusTract":"125.10 "}},{"type":"Feature","id":1570,"geometry":null,"properties":{"OBJECTID":1570,"PermitNum":201907224,"IssuedDate":1557841080000,"StatusCurrent":"Final Inspection Made                                       ","ApplicationType":"New Construction","Description":"5.4 KW ROOFTOP MOUNTED SOLAR ARRAY","TotalCost":11082,"FinalCO":null,"FinalCODate":null,"CensusTract":"167.01 "}},{"type":"Feature","id":32141,"geometry":null,"properties":{"OBJECTID":32141,"PermitNum":201907226,"IssuedDate":1557841020000,"StatusCurrent":"Final Inspection Made                                       ","ApplicationType":"New Construction","Description":"11.4 KW ROOFTOP MOUNTED SOLAR ARRAY","TotalCost":20498,"FinalCO":null,"FinalCODate":null,"CensusTract":"128.03 "}},{"type":"Feature","id":43831,"geometry":null,"properties":{"OBJECTID":43831,"PermitNum":201907114,"IssuedDate":1557838080000,"StatusCurrent":"Final Inspection Made                                       ","ApplicationType":"Addition","Description":"INSTALLATION OF RESIDENATIAL ROOF-MOUNTED SOLAR PV ARRAY","TotalCost":24250,"FinalCO":null,"FinalCODate":null,"CensusTract":"160.07 "}},{"type":"Feature","id":8912,"geometry":null,"properties":{"OBJECTID":8912,"PermitNum":201907115,"IssuedDate":1557838020000,"StatusCurrent":"Final Inspection Made                                       ","ApplicationType":"Addition","Description":"INSTALLATION OF RESIDENTIAL ROOF-MOUNTED SOLAR PV ARRAY.","TotalCost":23456,"FinalCO":null,"FinalCODate":null,"CensusTract":"126.17 "}},{"type":"Feature","id":13793,"geometry":null,"properties":{"OBJECTID":13793,"PermitNum":201906662,"IssuedDate":1556900700000,"StatusCurrent":"Final Inspection Made                                       ","ApplicationType":"Addition","Description":"15 roof mounted  solar installation     Brooke   704-635-2144","TotalCost":21825,"FinalCO":"Y","FinalCODate":1562081940000,"CensusTract":"114.00 "}},{"type":"Feature","id":3194,"geometry":null,"properties":{"OBJECTID":3194,"PermitNum":201905387,"IssuedDate":1556099340000,"StatusCurrent":"Final Inspection Made                                       ","ApplicationType":"Int/Ext Alterations","Description":"3 KW ROOFTOP MOUNTED SOLAR ARRAY","TotalCost":7312,"FinalCO":null,"FinalCODate":null,"CensusTract":"128.04 "}},{"type":"Feature","id":19655,"geometry":null,"properties":{"OBJECTID":19655,"PermitNum":201901375,"IssuedDate":1555504860000,"StatusCurrent":"Final Inspection Made                                       ","ApplicationType":"Int/Ext Alterations","Description":"SOLAR ARRAY TO CANOPY STRUCTURE OF THE BUS DEPOT","TotalCost":176500,"FinalCO":"Y","FinalCODate":1557330600000,"CensusTract":"108.00 "}},{"type":"Feature","id":48064,"geometry":null,"properties":{"OBJECTID":48064,"PermitNum":201904651,"IssuedDate":1553866380000,"StatusCurrent":"Final Inspection Made                                       ","ApplicationType":"Addition","Description":"INSTALLATION OF A RESIDENTIAL ROOF-MOUNTED SOLAR PV ARRAY","TotalCost":29500,"FinalCO":"Y","FinalCODate":1555948560000,"CensusTract":"160.09 "}},{"type":"Feature","id":48210,"geometry":null,"properties":{"OBJECTID":48210,"PermitNum":201904653,"IssuedDate":1553866380000,"StatusCurrent":"Final Inspection Made                                       ","ApplicationType":"Addition","Description":"INSTALLATION OF A RESIDENTIAL ROOF-MOUNTED SOLAR PV ARRAY","TotalCost":36540,"FinalCO":"Y","FinalCODate":1555602060000,"CensusTract":"160.09 "}},{"type":"Feature","id":20392,"geometry":null,"properties":{"OBJECTID":20392,"PermitNum":201904449,"IssuedDate":1553865540000,"StatusCurrent":"Final Inspection Made                                       ","ApplicationType":"Int/Ext Alterations","Description":"solar panel installation  8 roof mounted modules       Brooke  704-635-2144","TotalCost":13200,"FinalCO":null,"FinalCODate":null,"CensusTract":"106.01 "}},{"type":"Feature","id":24928,"geometry":null,"properties":{"OBJECTID":24928,"PermitNum":201902570,"IssuedDate":1553694780000,"StatusCurrent":"Final Inspection Made                                       ","ApplicationType":"Int/Ext Alterations","Description":"Roof top solar panel installation;   21 panels      Isayana  480-492-4232","TotalCost":29999,"FinalCO":"Y","FinalCODate":1612359780000,"CensusTract":"161.03 "}},{"type":"Feature","id":22914,"geometry":null,"properties":{"OBJECTID":22914,"PermitNum":201901250,"IssuedDate":1553080560000,"StatusCurrent":"Final Inspection Made                                       ","ApplicationType":"Int/Ext Alterations","Description":"installation of roof mounted solar array on existing structure.","TotalCost":55172,"FinalCO":null,"FinalCODate":null,"CensusTract":"160.11 "}},{"type":"Feature","id":47323,"geometry":null,"properties":{"OBJECTID":47323,"PermitNum":201903144,"IssuedDate":1551719220000,"StatusCurrent":"Final Inspection Made                                       ","ApplicationType":"Int/Ext Alterations","Description":"22 roof mounted modules, grid tied 6.60 kw solar, installation","TotalCost":35462,"FinalCO":"Y","FinalCODate":1560759540000,"CensusTract":"160.07 "}},{"type":"Feature","id":18427,"geometry":null,"properties":{"OBJECTID":18427,"PermitNum":201903037,"IssuedDate":1551454500000,"StatusCurrent":"Final Inspection Made                                       ","ApplicationType":"Int/Ext Alterations","Description":"INSTALLING (X32) ROOF MOUNTED SOLAR PANELS","TotalCost":30000,"FinalCO":"Y","FinalCODate":1592907240000,"CensusTract":"106.01 "}},{"type":"Feature","id":36841,"geometry":null,"properties":{"OBJECTID":36841,"PermitNum":201902049,"IssuedDate":1551196320000,"StatusCurrent":"Final Inspection Made                                       ","ApplicationType":"Int/Ext Alterations","Description":"Solar Installation  10 roof mounted modules     Brooke    704-635-2144","TotalCost":13200,"FinalCO":"Y","FinalCODate":1553596560000,"CensusTract":"102.00 "}},{"type":"Feature","id":45501,"geometry":null,"properties":{"OBJECTID":45501,"PermitNum":201902701,"IssuedDate":1551175680000,"StatusCurrent":"Final Inspection Made                                       ","ApplicationType":"Int/Ext Alterations","Description":"24  roof mounted solar panels     contact:  Brooke   704-635-2144","TotalCost":33462,"FinalCO":null,"FinalCODate":null,"CensusTract":"127.03 "}},{"type":"Feature","id":54707,"geometry":null,"properties":{"OBJECTID":54707,"PermitNum":201900886,"IssuedDate":1548329220000,"StatusCurrent":"Final Inspection Made                                       ","ApplicationType":"Int/Ext Alterations","Description":"INSTALLING (24) ROOF MOUNTED SOLAR PANELS ON THE ROOF OF THE HOME.","TotalCost":26500,"FinalCO":"Y","FinalCODate":1592579520000,"CensusTract":"157.06 "}},{"type":"Feature","id":2754,"geometry":null,"properties":{"OBJECTID":2754,"PermitNum":201900701,"IssuedDate":1548329220000,"StatusCurrent":"Final Inspection Made                                       ","ApplicationType":"Int/Ext Alterations","Description":"INSTALL 15 SOLAR PANELS ON ROOF","TotalCost":7740,"FinalCO":null,"FinalCODate":null,"CensusTract":"168.00 "}},{"type":"Feature","id":54942,"geometry":null,"properties":{"OBJECTID":54942,"PermitNum":201900758,"IssuedDate":1548329160000,"StatusCurrent":"Final Inspection Made                                       ","ApplicationType":"Int/Ext Alterations","Description":"INSTALLATION OF A RESIDENTIAL ROOF-MOUNTED SOLAR (PV) ARRAY","TotalCost":35500,"FinalCO":null,"FinalCODate":null,"CensusTract":"157.06 "}},{"type":"Feature","id":21328,"geometry":null,"properties":{"OBJECTID":21328,"PermitNum":201900444,"IssuedDate":1547479380000,"StatusCurrent":"Final Inspection Made                                       ","ApplicationType":"Int/Ext Alterations","Description":"Install solar panels on roof     Christian    704-561-1202","TotalCost":29000,"FinalCO":"Y","FinalCODate":1581417660000,"CensusTract":"106.02 "}},{"type":"Feature","id":2411,"geometry":null,"properties":{"OBJECTID":2411,"PermitNum":201900443,"IssuedDate":1547479260000,"StatusCurrent":"Final Inspection Made                                       ","ApplicationType":"Int/Ext Alterations","Description":"3.9 KW ROOFTOP MOUNTED SOLAR ARRAY","TotalCost":8722,"FinalCO":null,"FinalCODate":null,"CensusTract":"167.01 "}},{"type":"Feature","id":17341,"geometry":null,"properties":{"OBJECTID":17341,"PermitNum":201823431,"IssuedDate":1547214780000,"StatusCurrent":"Final Inspection Made                                       ","ApplicationType":"Int/Ext Alterations","Description":"installation of a residential roof-mounted solar PV array.","TotalCost":15355,"FinalCO":"Y","FinalCODate":1547653860000,"CensusTract":"107.02 "}},{"type":"Feature","id":28654,"geometry":null,"properties":{"OBJECTID":28654,"PermitNum":201821861,"IssuedDate":1547036940000,"StatusCurrent":"Final Inspection Made                                       ","ApplicationType":"Int/Ext Alterations","Description":"E-PLAN. INSTALLATION OF AN 11.22 DC KW ROOF MOUNTED SOLAR ARRAY.","TotalCost":31700,"FinalCO":null,"FinalCODate":null,"CensusTract":"128.03 "}},{"type":"Feature","id":1590,"geometry":null,"properties":{"OBJECTID":1590,"PermitNum":201824032,"IssuedDate":1545909060000,"StatusCurrent":"Final Inspection Made                                       ","ApplicationType":"Int/Ext Alterations","Description":"installation of a residential' 3kw roof-mounted solar PV array.","TotalCost":7312,"FinalCO":"Y","FinalCODate":1560870840000,"CensusTract":"167.01 "}},{"type":"Feature","id":33823,"geometry":null,"properties":{"OBJECTID":33823,"PermitNum":201823963,"IssuedDate":1545908940000,"StatusCurrent":"Final Inspection Made                                       ","ApplicationType":"Int/Ext Alterations","Description":"14 panels roof mounted modules. grid tied 4.27 KW solar installation on existing residence     Brooke   704-635-2144","TotalCost":21649,"FinalCO":"Y","FinalCODate":1553855400000,"CensusTract":"125.11 "}},{"type":"Feature","id":2131,"geometry":null,"properties":{"OBJECTID":2131,"PermitNum":201823988,"IssuedDate":1545908940000,"StatusCurrent":"Final Inspection Made                                       ","ApplicationType":"Addition","Description":"INSTALLATION OF ROOF MOUNTED SOLAR PANELS","TotalCost":20500,"FinalCO":null,"FinalCODate":null,"CensusTract":"165.02 "}},{"type":"Feature","id":6379,"geometry":null,"properties":{"OBJECTID":6379,"PermitNum":201823887,"IssuedDate":1545315420000,"StatusCurrent":"Final Inspection Made                                       ","ApplicationType":"Addition","Description":"INSTALLATION OF ROOF MOUNTED SOLAR PANELS","TotalCost":19500,"FinalCO":"Y","FinalCODate":1547540520000,"CensusTract":"165.06 "}},{"type":"Feature","id":9173,"geometry":null,"properties":{"OBJECTID":9173,"PermitNum":201823924,"IssuedDate":1545315000000,"StatusCurrent":"Final Inspection Made                                       ","ApplicationType":"Addition","Description":"INSTALLATION OF SOLAR PANELS","TotalCost":10320,"FinalCO":"Y","FinalCODate":1551366960000,"CensusTract":"126.17 "}},{"type":"Feature","id":56249,"geometry":null,"properties":{"OBJECTID":56249,"PermitNum":201823922,"IssuedDate":1545315000000,"StatusCurrent":"Final Inspection Made                                       ","ApplicationType":"Addition","Description":"INSTALLATION OF SOLAR PANELS","TotalCost":26316,"FinalCO":null,"FinalCODate":null,"CensusTract":"157.04 "}},{"type":"Feature","id":53507,"geometry":null,"properties":{"OBJECTID":53507,"PermitNum":201823926,"IssuedDate":1545315000000,"StatusCurrent":"Final Inspection Made                                       ","ApplicationType":"Addition","Description":"INSTALLATION OF SOLAR PANELS","TotalCost":13416,"FinalCO":"Y","FinalCODate":1549886940000,"CensusTract":"157.04 "}},{"type":"Feature","id":47914,"geometry":null,"properties":{"OBJECTID":47914,"PermitNum":201822862,"IssuedDate":1544180820000,"StatusCurrent":"Final Inspection Made                                       ","ApplicationType":"Int/Ext Alterations","Description":"16 panels, roof mounted modules, grid tied, solar installation on existing residence    Brooke  704-635-2144","TotalCost":23195,"FinalCO":null,"FinalCODate":null,"CensusTract":"160.06 "}},{"type":"Feature","id":45856,"geometry":null,"properties":{"OBJECTID":45856,"PermitNum":201822682,"IssuedDate":1543421520000,"StatusCurrent":"Final Inspection Made                                       ","ApplicationType":"Int/Ext Alterations","Description":"install 17' roof mounted modules, grid tied--5.19kw solar installation in existing residence","TotalCost":23333,"FinalCO":null,"FinalCODate":null,"CensusTract":"127.04 "}},{"type":"Feature","id":34385,"geometry":null,"properties":{"OBJECTID":34385,"PermitNum":201822683,"IssuedDate":1543421460000,"StatusCurrent":"Final Inspection Made                                       ","ApplicationType":"Int/Ext Alterations","Description":"install 17' roof mounted modules, grid tied--5.19kw solar installation in existing residence","TotalCost":28334,"FinalCO":null,"FinalCODate":null,"CensusTract":"125.08 "}},{"type":"Feature","id":34457,"geometry":null,"properties":{"OBJECTID":34457,"PermitNum":201822684,"IssuedDate":1543421460000,"StatusCurrent":"Final Inspection Made                                       ","ApplicationType":"Int/Ext Alterations","Description":"install 23' roof mounted modules, grid tied--7.02kw solar installation in existing residence","TotalCost":41066,"FinalCO":null,"FinalCODate":null,"CensusTract":"127.05 "}},{"type":"Feature","id":56154,"geometry":null,"properties":{"OBJECTID":56154,"PermitNum":201822687,"IssuedDate":1543421400000,"StatusCurrent":"Final Inspection Made                                       ","ApplicationType":"Int/Ext Alterations","Description":"install 29' roof mounted modules, grid tied--8.85 kw solar installation in existing residence","TotalCost":42014,"FinalCO":null,"FinalCODate":null,"CensusTract":"157.04 "}},{"type":"Feature","id":230,"geometry":null,"properties":{"OBJECTID":230,"PermitNum":201822149,"IssuedDate":1543239120000,"StatusCurrent":"Final Inspection Made                                       ","ApplicationType":"Int/Ext Alterations","Description":"14 roof mounted modules; solar installation on existing residence    Brook   704-635-2144","TotalCost":21649,"FinalCO":"Y","FinalCODate":1549539420000,"CensusTract":"167.01 "}},{"type":"Feature","id":40938,"geometry":null,"properties":{"OBJECTID":40938,"PermitNum":201821644,"IssuedDate":1542289200000,"StatusCurrent":"Final Inspection Made                                       ","ApplicationType":"Int/Ext Alterations","Description":"Installation of a residential roof- mounted solar PV array","TotalCost":23855,"FinalCO":"Y","FinalCODate":1547026140000,"CensusTract":"125.10 "}},{"type":"Feature","id":26488,"geometry":null,"properties":{"OBJECTID":26488,"PermitNum":201821066,"IssuedDate":1541755920000,"StatusCurrent":"Final Inspection Made                                       ","ApplicationType":"Int/Ext Alterations","Description":"installation of a residential roof- mounted solar PV array","TotalCost":19668,"FinalCO":"Y","FinalCODate":1544619960000,"CensusTract":"108.00 "}},{"type":"Feature","id":4127,"geometry":null,"properties":{"OBJECTID":4127,"PermitNum":201819936,"IssuedDate":1539963840000,"StatusCurrent":"Final Inspection Made                                       ","ApplicationType":"Int/Ext Alterations","Description":"19 roof mounted modules, grid tied, 5.80 kw solar installation on existing residence   Brooke  704-635-2144","TotalCost":29881,"FinalCO":"Y","FinalCODate":1543581660000,"CensusTract":"126.11 "}},{"type":"Feature","id":41603,"geometry":null,"properties":{"OBJECTID":41603,"PermitNum":201819976,"IssuedDate":1539963780000,"StatusCurrent":"Final Inspection Made                                       ","ApplicationType":"Int/Ext Alterations","Description":"SOLAR  PANELS ON ROOF","TotalCost":33000,"FinalCO":"Y","FinalCODate":1582301520000,"CensusTract":"160.07 "}},{"type":"Feature","id":19671,"geometry":null,"properties":{"OBJECTID":19671,"PermitNum":201819119,"IssuedDate":1538578140000,"StatusCurrent":"Final Inspection Made                                       ","ApplicationType":"Int/Ext Alterations","Description":"INSTALLATION OF A RESIDENTIAL ROOF-MOUNTED SOLAR (PV) ARRAY.","TotalCost":25190,"FinalCO":"Y","FinalCODate":1548332220000,"CensusTract":"106.01 "}},{"type":"Feature","id":38772,"geometry":null,"properties":{"OBJECTID":38772,"PermitNum":201817833,"IssuedDate":1536768600000,"StatusCurrent":"Final Inspection Made                                       ","ApplicationType":"Int/Ext Alterations","Description":"Solar installation on existing residence:  7 roof mounted modules, grid tied 6.49 kw    704-635-2144","TotalCost":7000,"FinalCO":null,"FinalCODate":null,"CensusTract":"104.03 "}},{"type":"Feature","id":55736,"geometry":null,"properties":{"OBJECTID":55736,"PermitNum":201817829,"IssuedDate":1536768600000,"StatusCurrent":"Final Inspection Made                                       ","ApplicationType":"Int/Ext Alterations","Description":"solar installation on existing residence. 15 roof mounted modules. grid tied 4.43","TotalCost":22935,"FinalCO":"Y","FinalCODate":1547482920000,"CensusTract":"157.06 "}},{"type":"Feature","id":34252,"geometry":null,"properties":{"OBJECTID":34252,"PermitNum":201817407,"IssuedDate":1536679980000,"StatusCurrent":"Final Inspection Made                                       ","ApplicationType":"Int/Ext Alterations","Description":"Install 30' roof mounted modules, grid tied, 8.85kw solar installation","TotalCost":43985,"FinalCO":null,"FinalCODate":null,"CensusTract":"125.11 "}},{"type":"Feature","id":37501,"geometry":null,"properties":{"OBJECTID":37501,"PermitNum":201817158,"IssuedDate":1536225660000,"StatusCurrent":"Final Inspection Made                                       ","ApplicationType":"Int/Ext Alterations","Description":"INSTALLATION OF A RESIDENTIAL ROOF-MOUNTED SOLAR PV ARRAY.","TotalCost":35512,"FinalCO":"Y","FinalCODate":1538988420000,"CensusTract":"125.08 "}},{"type":"Feature","id":2114,"geometry":null,"properties":{"OBJECTID":2114,"PermitNum":201816525,"IssuedDate":1535106900000,"StatusCurrent":"Final Inspection Made                                       ","ApplicationType":"Int/Ext Alterations","Description":"installation of a residential roof- mounted solar PV array.","TotalCost":5841,"FinalCO":null,"FinalCODate":null,"CensusTract":"167.01 "}},{"type":"Feature","id":50307,"geometry":null,"properties":{"OBJECTID":50307,"PermitNum":201815725,"IssuedDate":1534840140000,"StatusCurrent":"Final Inspection Made                                       ","ApplicationType":"New Construction","Description":"Professional installation of 6,960 kw DC rooftop solar panel system      Beth   801-754-6400","TotalCost":10231,"FinalCO":"Y","FinalCODate":1540894140000,"CensusTract":"119.05 "}},{"type":"Feature","id":20994,"geometry":null,"properties":{"OBJECTID":20994,"PermitNum":201815910,"IssuedDate":1533905160000,"StatusCurrent":"Final Inspection Made                                       ","ApplicationType":"Int/Ext Alterations","Description":"installation of roof mounted solar array.","TotalCost":26749,"FinalCO":null,"FinalCODate":null,"CensusTract":"160.11 "}},{"type":"Feature","id":6314,"geometry":null,"properties":{"OBJECTID":6314,"PermitNum":201815794,"IssuedDate":1533823800000,"StatusCurrent":"Final Inspection Made                                       ","ApplicationType":"New Construction","Description":"new 15 roof mounted modules, grid tied, 4.43 kw solar installation on existing residence.","TotalCost":22435,"FinalCO":"Y","FinalCODate":1540386120000,"CensusTract":"165.06 "}},{"type":"Feature","id":47562,"geometry":null,"properties":{"OBJECTID":47562,"PermitNum":201814941,"IssuedDate":1533312240000,"StatusCurrent":"Final Inspection Made                                       ","ApplicationType":"New Construction","Description":"installation of a residential roof-mounted solar PV array","TotalCost":9000,"FinalCO":"Y","FinalCODate":1539687060000,"CensusTract":"160.07 "}},{"type":"Feature","id":10110,"geometry":null,"properties":{"OBJECTID":10110,"PermitNum":201814938,"IssuedDate":1533312240000,"StatusCurrent":"Final Inspection Made                                       ","ApplicationType":"New Construction","Description":"installation of a residential roof-mounted solar Pv array","TotalCost":15000,"FinalCO":null,"FinalCODate":null,"CensusTract":"114.00 "}},{"type":"Feature","id":5350,"geometry":null,"properties":{"OBJECTID":5350,"PermitNum":201814689,"IssuedDate":1533039240000,"StatusCurrent":"Final Inspection Made                                       ","ApplicationType":"New Construction","Description":"Installation of a residential roof-mounted solar pv array    Chris 919-833-9096","TotalCost":12425,"FinalCO":null,"FinalCODate":null,"CensusTract":"126.10 "}},{"type":"Feature","id":48681,"geometry":null,"properties":{"OBJECTID":48681,"PermitNum":201813980,"IssuedDate":1533039240000,"StatusCurrent":"Final Inspection Made                                       ","ApplicationType":"New Construction","Description":"Installation of a residential roof-mounted solar PV array.","TotalCost":28468,"FinalCO":"Y","FinalCODate":1535530380000,"CensusTract":"160.08 "}},{"type":"Feature","id":19295,"geometry":null,"properties":{"OBJECTID":19295,"PermitNum":201813982,"IssuedDate":1533039180000,"StatusCurrent":"Final Inspection Made                                       ","ApplicationType":"New Construction","Description":"Installation of a residential roof-mounted solar PV array.","TotalCost":24360,"FinalCO":"Y","FinalCODate":1536243060000,"CensusTract":"106.01 "}},{"type":"Feature","id":36517,"geometry":null,"properties":{"OBJECTID":36517,"PermitNum":201814455,"IssuedDate":1533039060000,"StatusCurrent":"Final Inspection Made                                       ","ApplicationType":"Addition","Description":"INSTALLATION OF ROOD MOUNTED 10.03 KW SOLAR (PV SYSTEM) CONSISTING OF 34 MODULES AND (1) INVERTER.","TotalCost":31800,"FinalCO":null,"FinalCODate":null,"CensusTract":"104.04 "}},{"type":"Feature","id":41747,"geometry":null,"properties":{"OBJECTID":41747,"PermitNum":201812339,"IssuedDate":1530875340000,"StatusCurrent":"Final Inspection Made                                       ","ApplicationType":"Addition","Description":"15 roof mounted modules, grid tied, 4.43 kw solar solar installation on existing residence   Megan  704-209-9893","TotalCost":21771,"FinalCO":null,"FinalCODate":null,"CensusTract":"160.07 "}},{"type":"Feature","id":41322,"geometry":null,"properties":{"OBJECTID":41322,"PermitNum":201811980,"IssuedDate":1530875340000,"StatusCurrent":"Final Inspection Made                                       ","ApplicationType":"Addition","Description":"18' roof mounted solar 5.31 kw","TotalCost":25426,"FinalCO":null,"FinalCODate":null,"CensusTract":"125.03 "}},{"type":"Feature","id":11051,"geometry":null,"properties":{"OBJECTID":11051,"PermitNum":201810047,"IssuedDate":1527584040000,"StatusCurrent":"Final Inspection Made                                       ","ApplicationType":"Addition","Description":"INSTALLATION OF A RESIDENTIAL ROOF-MOUNTED SOLAR PV ARRAY.","TotalCost":29029,"FinalCO":null,"FinalCODate":null,"CensusTract":"116.02 "}},{"type":"Feature","id":12424,"geometry":null,"properties":{"OBJECTID":12424,"PermitNum":201807311,"IssuedDate":1523273340000,"StatusCurrent":"Final Inspection Made                                       ","ApplicationType":"Addition","Description":"Installation of a residential roof-mounted solar pv array      Chris   919-833-9096","TotalCost":27579,"FinalCO":null,"FinalCODate":null,"CensusTract":"172.00 "}},{"type":"Feature","id":51861,"geometry":null,"properties":{"OBJECTID":51861,"PermitNum":201803541,"IssuedDate":1523005920000,"StatusCurrent":"Final Inspection Made                                       ","ApplicationType":"Miscellaneous","Description":"Roof Mounted Solar System install per deign plan","TotalCost":24500,"FinalCO":"Y","FinalCODate":1524748740000,"CensusTract":"119.05 "}},{"type":"Feature","id":33994,"geometry":null,"properties":{"OBJECTID":33994,"PermitNum":201804860,"IssuedDate":1520959860000,"StatusCurrent":"Final Inspection Made                                       ","ApplicationType":"Addition","Description":"Installation of a residential roof-mounted solar PV array      Chris   919-833-9096","TotalCost":36696,"FinalCO":null,"FinalCODate":null,"CensusTract":"125.11 "}},{"type":"Feature","id":3063,"geometry":null,"properties":{"OBJECTID":3063,"PermitNum":201805379,"IssuedDate":1520955660000,"StatusCurrent":"Final Inspection Made                                       ","ApplicationType":"Addition","Description":"installation of a residential roof-mounted solar PV array.","TotalCost":22330,"FinalCO":"Y","FinalCODate":1523635920000,"CensusTract":"126.09 "}},{"type":"Feature","id":58440,"geometry":null,"properties":{"OBJECTID":58440,"PermitNum":201800276,"IssuedDate":1520937000000,"StatusCurrent":"Final Inspection Made                                       ","ApplicationType":"Addition","Description":"ADDITION--INSTALL 11' ROOF MOUNTED MODULES-GRID TIED, 3.14 KW SOLAR INSTALLATION","TotalCost":16973,"FinalCO":"Y","FinalCODate":1521546840000,"CensusTract":"151.00 "}},{"type":"Feature","id":39801,"geometry":null,"properties":{"OBJECTID":39801,"PermitNum":201720583,"IssuedDate":1518794160000,"StatusCurrent":"Final Inspection Made                                       ","ApplicationType":"Addition","Description":"ADDITON OF SOLAR PANELS--OWNER WILLIAM GOEBEL- 336-202-6485","TotalCost":23000,"FinalCO":"Y","FinalCODate":1521208500000,"CensusTract":"125.09 "}},{"type":"Feature","id":33172,"geometry":null,"properties":{"OBJECTID":33172,"PermitNum":201800265,"IssuedDate":1516629120000,"StatusCurrent":"Final Inspection Made                                       ","ApplicationType":"Addition","Description":"ADDITION--INSTALL ROOF MOUNT SOLAR PV ARRAY","TotalCost":12000,"FinalCO":null,"FinalCODate":null,"CensusTract":"128.03 "}},{"type":"Feature","id":50538,"geometry":null,"properties":{"OBJECTID":50538,"PermitNum":201718244,"IssuedDate":1507739400000,"StatusCurrent":"Final Inspection Made                                       ","ApplicationType":"Addition","Description":"8 roof mounted modules, grid-ties, 2.28 kw solar install on existing      Bryan  704-800-6780","TotalCost":12084,"FinalCO":"Y","FinalCODate":1512556320000,"CensusTract":"160.09 "}},{"type":"Feature","id":18765,"geometry":null,"properties":{"OBJECTID":18765,"PermitNum":201717998,"IssuedDate":1507739100000,"StatusCurrent":"Final Inspection Made                                       ","ApplicationType":"Addition","Description":"Installation of roof mounted solar array and structured re-enforcement as indicated in PV 2.4.","TotalCost":29410,"FinalCO":"Y","FinalCODate":1512556320000,"CensusTract":"108.00 "}},{"type":"Feature","id":39312,"geometry":null,"properties":{"OBJECTID":39312,"PermitNum":201717921,"IssuedDate":1507738920000,"StatusCurrent":"Final Inspection Made                                       ","ApplicationType":"Addition","Description":"Install solar panels on roof","TotalCost":18000,"FinalCO":"Y","FinalCODate":1512556320000,"CensusTract":"162.01 "}},{"type":"Feature","id":33460,"geometry":null,"properties":{"OBJECTID":33460,"PermitNum":201717682,"IssuedDate":1507546680000,"StatusCurrent":"Final Inspection Made                                       ","ApplicationType":"Addition","Description":"Installation of a residential roof mounted solar pv array    contact  Chris   919-833-9096","TotalCost":13930,"FinalCO":"Y","FinalCODate":1512555300000,"CensusTract":"125.11 "}},{"type":"Feature","id":31039,"geometry":null,"properties":{"OBJECTID":31039,"PermitNum":201717524,"IssuedDate":1507198320000,"StatusCurrent":"Final Inspection Made                                       ","ApplicationType":"Addition","Description":"add 30' roof mounted modules, grid-tied. 8.55kw solar installation on existing","TotalCost":42750,"FinalCO":"Y","FinalCODate":1512555780000,"CensusTract":"161.01 "}},{"type":"Feature","id":14908,"geometry":null,"properties":{"OBJECTID":14908,"PermitNum":201715720,"IssuedDate":1505389920000,"StatusCurrent":"Final Inspection Made                                       ","ApplicationType":"Int/Ext Alterations","Description":"E-PLAN. INSTALL ROOFTOP SOLAR PV SYSTEM ON EXISTING STANDING SEAM ROOFTOP.    TCI FORM ON FILE IN OFFICE","TotalCost":1892248,"FinalCO":"Y","FinalCODate":1514879880000,"CensusTract":"153.00 "}},{"type":"Feature","id":38459,"geometry":null,"properties":{"OBJECTID":38459,"PermitNum":201713370,"IssuedDate":1502106780000,"StatusCurrent":"Final Inspection Made                                       ","ApplicationType":"Addition","Description":"18' roof mounted modules, grid-tied, 5.4kw solar installation on existing.","TotalCost":33500,"FinalCO":"Y","FinalCODate":1512555480000,"CensusTract":"102.00 "}},{"type":"Feature","id":41399,"geometry":null,"properties":{"OBJECTID":41399,"PermitNum":201711128,"IssuedDate":1501511520000,"StatusCurrent":"Final Inspection Made                                       ","ApplicationType":"Addition","Description":"add additional panels, 10' roof mounted modules, grid-tied, 3kw solar install--","TotalCost":5000,"FinalCO":"Y","FinalCODate":1512555360000,"CensusTract":"125.10 "}},{"type":"Feature","id":46687,"geometry":null,"properties":{"OBJECTID":46687,"PermitNum":201712952,"IssuedDate":1501148460000,"StatusCurrent":"Final Inspection Made                                       ","ApplicationType":"Addition","Description":"install solar array on roof of house, backfeed breaker main panel, upgrade MP.","TotalCost":21530,"FinalCO":"Y","FinalCODate":1512555420000,"CensusTract":"157.03 "}},{"type":"Feature","id":47128,"geometry":null,"properties":{"OBJECTID":47128,"PermitNum":201712874,"IssuedDate":1501083180000,"StatusCurrent":"Final Inspection Made                                       ","ApplicationType":"Addition","Description":"addition solar panels","TotalCost":12480,"FinalCO":"Y","FinalCODate":1512555420000,"CensusTract":"160.08 "}},{"type":"Feature","id":17571,"geometry":null,"properties":{"OBJECTID":17571,"PermitNum":201711127,"IssuedDate":1499358120000,"StatusCurrent":"Final Inspection Made                                       ","ApplicationType":"Addition","Description":"add solar panels, 18;' roof mounted modules, grid-tied, 5.4  kw solar installation on existing","TotalCost":27540,"FinalCO":"Y","FinalCODate":1512555300000,"CensusTract":"106.02 "}},{"type":"Feature","id":48017,"geometry":null,"properties":{"OBJECTID":48017,"PermitNum":201711273,"IssuedDate":1498573440000,"StatusCurrent":"Final Inspection Made                                       ","ApplicationType":"Addition","Description":"ADD SOLAR PANEL 10' ROOF MOUNTED MODULES, GRID-TIED, 3KW SOLAR INSTALLATION","TotalCost":5000,"FinalCO":"Y","FinalCODate":1512555300000,"CensusTract":"157.07 "}},{"type":"Feature","id":55298,"geometry":null,"properties":{"OBJECTID":55298,"PermitNum":201709473,"IssuedDate":1496324880000,"StatusCurrent":"Final Inspection Made                                       ","ApplicationType":"Addition","Description":"INSTALL ROOF MOUNTED SOLAR PANELS","TotalCost":20000,"FinalCO":"Y","FinalCODate":1512554760000,"CensusTract":"157.06 "}},{"type":"Feature","id":17938,"geometry":null,"properties":{"OBJECTID":17938,"PermitNum":201709474,"IssuedDate":1496324520000,"StatusCurrent":"Final Inspection Made                                       ","ApplicationType":"Addition","Description":"INSTALL ROOF MOUNTED SOLAR PANELS","TotalCost":18000,"FinalCO":"Y","FinalCODate":1512554820000,"CensusTract":"106.01 "}},{"type":"Feature","id":45121,"geometry":null,"properties":{"OBJECTID":45121,"PermitNum":201709183,"IssuedDate":1495729440000,"StatusCurrent":"Final Inspection Made                                       ","ApplicationType":"Addition","Description":"ADDITION--INSTALL 15.12 KW PHOTOVOLTAIC SOLAR SYSTEM ON SYSTEM ON EXISTING ROOF OF HOME.","TotalCost":49466,"FinalCO":"Y","FinalCODate":1512554760000,"CensusTract":"125.10 "}},{"type":"Feature","id":19252,"geometry":null,"properties":{"OBJECTID":19252,"PermitNum":201707854,"IssuedDate":1493308380000,"StatusCurrent":"Final Inspection Made                                       ","ApplicationType":"Addition","Description":"INSTALLING ROOF MOUNTED SOLAR PANELS","TotalCost":28000,"FinalCO":null,"FinalCODate":null,"CensusTract":"106.01 "}},{"type":"Feature","id":18413,"geometry":null,"properties":{"OBJECTID":18413,"PermitNum":201707856,"IssuedDate":1493308380000,"StatusCurrent":"Final Inspection Made                                       ","ApplicationType":"Addition","Description":"INSTALLING ROOF MOUNTED SOLAR PANELS","TotalCost":16000,"FinalCO":"Y","FinalCODate":1512554700000,"CensusTract":"106.01 "}},{"type":"Feature","id":33959,"geometry":null,"properties":{"OBJECTID":33959,"PermitNum":201705661,"IssuedDate":1491318120000,"StatusCurrent":"Final Inspection Made                                       ","ApplicationType":"Addition","Description":"SOLAR PANEL ADDITION--16 ROOF MOUNTED MODULES, GRID-TIED, 4.8 SOLAR INSTALLATION","TotalCost":25125,"FinalCO":"Y","FinalCODate":1512554460000,"CensusTract":"102.00 "}},{"type":"Feature","id":30470,"geometry":null,"properties":{"OBJECTID":30470,"PermitNum":201705597,"IssuedDate":1491318060000,"StatusCurrent":"Final Inspection Made                                       ","ApplicationType":"Addition","Description":"16' ROOF MOUNTED MODULES, RRID-TIED, 4.8 KW SOLAR INSTALLATION","TotalCost":24730,"FinalCO":"Y","FinalCODate":1512554460000,"CensusTract":"153.00 "}},{"type":"Feature","id":2622,"geometry":null,"properties":{"OBJECTID":2622,"PermitNum":201625500,"IssuedDate":1483697940000,"StatusCurrent":"Final Inspection Made                                       ","ApplicationType":"Miscellaneous","Description":"installation of a residential roof-mounted solar PV array","TotalCost":16258,"FinalCO":"P","FinalCODate":1485793800000,"CensusTract":"126.12 "}},{"type":"Feature","id":5430,"geometry":null,"properties":{"OBJECTID":5430,"PermitNum":201625389,"IssuedDate":1483446600000,"StatusCurrent":"Final Inspection Made                                       ","ApplicationType":"Addition","Description":"17 roof mounted modules, grid-tied, 4.24 kw solar installation      contact:  Bryan   704-800-6780","TotalCost":21836,"FinalCO":null,"FinalCODate":null,"CensusTract":"165.06 "}},{"type":"Feature","id":39747,"geometry":null,"properties":{"OBJECTID":39747,"PermitNum":201625121,"IssuedDate":1483009800000,"StatusCurrent":"Final Inspection Made                                       ","ApplicationType":"Addition","Description":"INSTALLATION OF A RESIDENTIAL ROOF-MOUNTED SOLAR PV ARRAY","TotalCost":15708,"FinalCO":"Y","FinalCODate":1488543900000,"CensusTract":"160.10 "}},{"type":"Feature","id":29616,"geometry":null,"properties":{"OBJECTID":29616,"PermitNum":201624471,"IssuedDate":1481538060000,"StatusCurrent":"Final Inspection Made                                       ","ApplicationType":"Miscellaneous","Description":"ALTERATIONS--INSTALLATION OF AN ADDITION TO A RESIDENTIAL ROOF- MOUNTED SOLAR PV ARRAY.","TotalCost":11985,"FinalCO":"Y","FinalCODate":1512644220000,"CensusTract":"125.05 "}},{"type":"Feature","id":48016,"geometry":null,"properties":{"OBJECTID":48016,"PermitNum":201623419,"IssuedDate":1480591500000,"StatusCurrent":"Final Inspection Made                                       ","ApplicationType":"Addition","Description":"Roof mounted;  solar installation     contact:  Bryan    704-800=6780","TotalCost":15000,"FinalCO":"Y","FinalCODate":1488290940000,"CensusTract":"157.07 "}},{"type":"Feature","id":33574,"geometry":null,"properties":{"OBJECTID":33574,"PermitNum":201618910,"IssuedDate":1474538520000,"StatusCurrent":"Final Inspection Made                                       ","ApplicationType":"Addition","Description":"Solar PV Roof Mount    contact:   Belton    336j-202-5758","TotalCost":5000,"FinalCO":"P","FinalCODate":1481733720000,"CensusTract":"153.00 "}},{"type":"Feature","id":6448,"geometry":null,"properties":{"OBJECTID":6448,"PermitNum":201615894,"IssuedDate":1471444440000,"StatusCurrent":"Final Inspection Made                                       ","ApplicationType":"Int/Ext Alterations","Description":"installation of a residential roof-mounted solar PV array.","TotalCost":17836,"FinalCO":null,"FinalCODate":null,"CensusTract":"165.06 "}},{"type":"Feature","id":13528,"geometry":null,"properties":{"OBJECTID":13528,"PermitNum":201614463,"IssuedDate":1469787360000,"StatusCurrent":"Final Inspection Made                                       ","ApplicationType":"Addition","Description":"INSTALLATION OF A RESIDENTIAL ROOF-MOUNTED SOLAR PV ARRAY.","TotalCost":20896,"FinalCO":"P","FinalCODate":1472661360000,"CensusTract":"112.00 "}},{"type":"Feature","id":55922,"geometry":null,"properties":{"OBJECTID":55922,"PermitNum":201614462,"IssuedDate":1469701740000,"StatusCurrent":"Final Inspection Made                                       ","ApplicationType":"Addition","Description":"INSTALLATION OF A RESIDENTIAL ROOF-MOUNTED SOLAR PV ARRAY.","TotalCost":12544,"FinalCO":"P","FinalCODate":1476112740000,"CensusTract":"157.04 "}},{"type":"Feature","id":34045,"geometry":null,"properties":{"OBJECTID":34045,"PermitNum":201614284,"IssuedDate":1469696340000,"StatusCurrent":"Final Inspection Made                                       ","ApplicationType":"Int/Ext Alterations","Description":"installation of a residential roof-mounted solar PV array","TotalCost":17212,"FinalCO":"P","FinalCODate":1471005720000,"CensusTract":"125.09 "}},{"type":"Feature","id":25020,"geometry":null,"properties":{"OBJECTID":25020,"PermitNum":201613194,"IssuedDate":1468234860000,"StatusCurrent":"Final Inspection Made                                       ","ApplicationType":"Addition","Description":"INSTALLATION OF A RESIDENTIAL ROOF-MOUNTED SOLAR PV ARRAY.","TotalCost":12900,"FinalCO":"P","FinalCODate":1470831720000,"CensusTract":"105.00 "}},{"type":"Feature","id":3499,"geometry":null,"properties":{"OBJECTID":3499,"PermitNum":201612798,"IssuedDate":1467292980000,"StatusCurrent":"Final Inspection Made                                       ","ApplicationType":"Addition","Description":"INSTALLATION OF A RESIDENTIAL ROOF-MOUNTED SOLAR PV ARRAY.","TotalCost":13350,"FinalCO":"P","FinalCODate":1470652380000,"CensusTract":"128.04 "}},{"type":"Feature","id":18430,"geometry":null,"properties":{"OBJECTID":18430,"PermitNum":201609294,"IssuedDate":1466675700000,"StatusCurrent":"Final Inspection Made                                       ","ApplicationType":"Addition","Description":"installation of a residential roof-mounted solar PV array","TotalCost":11690,"FinalCO":"P","FinalCODate":1468338840000,"CensusTract":"106.01 "}},{"type":"Feature","id":48819,"geometry":null,"properties":{"OBJECTID":48819,"PermitNum":201609264,"IssuedDate":1466675640000,"StatusCurrent":"Final Inspection Made                                       ","ApplicationType":"Addition","Description":"installation of a residential roof-mounted solar PV array","TotalCost":13387,"FinalCO":"P","FinalCODate":1468323660000,"CensusTract":"119.04 "}},{"type":"Feature","id":30683,"geometry":null,"properties":{"OBJECTID":30683,"PermitNum":201610546,"IssuedDate":1465551180000,"StatusCurrent":"Final Inspection Made                                       ","ApplicationType":"Addition","Description":"INSTALLATION OF A RESIDENTIAL ROOF-MOUNTED SOLAR PV ARRAY","TotalCost":22950,"FinalCO":"P","FinalCODate":1470650580000,"CensusTract":"125.05 "}},{"type":"Feature","id":27263,"geometry":null,"properties":{"OBJECTID":27263,"PermitNum":201604296,"IssuedDate":1463151180000,"StatusCurrent":"Final Inspection Made                                       ","ApplicationType":"Miscellaneous","Description":"E-PLAN--SOLAR ARRAY","TotalCost":70760,"FinalCO":"P","FinalCODate":1472476140000,"CensusTract":"109.00 "}},{"type":"Feature","id":8077,"geometry":null,"properties":{"OBJECTID":8077,"PermitNum":201603712,"IssuedDate":1461930060000,"StatusCurrent":"Final Inspection Made                                       ","ApplicationType":"Int/Ext Alterations","Description":"demolition of existing solarium, rebuild front addition to existing footprint, exterior and interior renovation of 2998 gross sq.ft. Wendy's restaurant with updated ADA restrooms and parking per A117.1.\r\n","TotalCost":276000,"FinalCO":"Y","FinalCODate":1512722520000,"CensusTract":"126.08 "}},{"type":"Feature","id":55068,"geometry":null,"properties":{"OBJECTID":55068,"PermitNum":201607617,"IssuedDate":1461766440000,"StatusCurrent":"Final Inspection Made                                       ","ApplicationType":"Addition","Description":"INSTALL SOLAR PV SYSTEM--ROOFTOP/ 8PANELS/ 2.2KW","TotalCost":28000,"FinalCO":"P","FinalCODate":1469446260000,"CensusTract":"160.08 "}},{"type":"Feature","id":41398,"geometry":null,"properties":{"OBJECTID":41398,"PermitNum":201607125,"IssuedDate":1461064920000,"StatusCurrent":"Final Inspection Made                                       ","ApplicationType":"Addition","Description":"INSTALLATION OF A RESIDENTIAL ROOF-MOUNTED SOLAR PV ARRAY","TotalCost":12000,"FinalCO":"Y","FinalCODate":1512553380000,"CensusTract":"125.10 "}},{"type":"Feature","id":17613,"geometry":null,"properties":{"OBJECTID":17613,"PermitNum":201604368,"IssuedDate":1459946160000,"StatusCurrent":"Final Inspection Made                                       ","ApplicationType":"Int/Ext Alterations","Description":"Install code compliant 3.92 kw solar system on roof of existing building using UL listed and approved ballast mounted racking system. the new system will combine with an existing PV system from permit number, 201505102. The connection will occur at the existing AC disconnect.","TotalCost":16333,"FinalCO":"P","FinalCODate":1461169560000,"CensusTract":"108.00 "}},{"type":"Feature","id":18024,"geometry":null,"properties":{"OBJECTID":18024,"PermitNum":201604419,"IssuedDate":1458664500000,"StatusCurrent":"Final Inspection Made                                       ","ApplicationType":"Addition","Description":"ADDITION - GROUND MOUNTED, GRID TIED, SOLAR ELECTRIC SYSTEM","TotalCost":19000,"FinalCO":null,"FinalCODate":null,"CensusTract":"106.02 "}},{"type":"Feature","id":5352,"geometry":null,"properties":{"OBJECTID":5352,"PermitNum":201601684,"IssuedDate":1453737600000,"StatusCurrent":"Final Inspection Made                                       ","ApplicationType":"Addition","Description":"INSTALLATION OF A RESIDENTIAL ROOF-MOUNTED SOLAR PV ARRAY","TotalCost":25000,"FinalCO":"P","FinalCODate":1454071860000,"CensusTract":"165.06 "}},{"type":"Feature","id":25203,"geometry":null,"properties":{"OBJECTID":25203,"PermitNum":201521331,"IssuedDate":1452600780000,"StatusCurrent":"Final Inspection Made                                       ","ApplicationType":"Addition","Description":"INSTALLATION OF A RESIDENTIAL ROOF-MOUNTED SOLAR PV ARRAY","TotalCost":24648,"FinalCO":"P","FinalCODate":1455723240000,"CensusTract":"125.05 "}},{"type":"Feature","id":47213,"geometry":null,"properties":{"OBJECTID":47213,"PermitNum":201516063,"IssuedDate":1449134220000,"StatusCurrent":"Final Inspection Made                                       ","ApplicationType":"Int/Ext Alterations","Description":"E-PLAN INSTALLATION OF A ROOD-MOUNTED SOLAR PV ARRAY\r\n(BUTTON COMMERCIAL)","TotalCost":61776,"FinalCO":"P","FinalCODate":1451561700000,"CensusTract":"125.10 "}},{"type":"Feature","id":47369,"geometry":null,"properties":{"OBJECTID":47369,"PermitNum":201516065,"IssuedDate":1449134220000,"StatusCurrent":"Final Inspection Made                                       ","ApplicationType":"Int/Ext Alterations","Description":"E-PLAN INSTALLATION OF A ROOF-MOUNTED SOLAR PV ARRAY\r\nMURPHY GROUP","TotalCost":64303,"FinalCO":null,"FinalCODate":null,"CensusTract":"125.10 "}},{"type":"Feature","id":47392,"geometry":null,"properties":{"OBJECTID":47392,"PermitNum":201516062,"IssuedDate":1449134160000,"StatusCurrent":"Final Inspection Made                                       ","ApplicationType":"Int/Ext Alterations","Description":"E-PLAN -INSTALLATION OF A ROOF-MOUNTED SOLAR PV ARRAY\r\n(AVIATION RISK CONSULTING PV)","TotalCost":42458,"FinalCO":null,"FinalCODate":null,"CensusTract":"125.10 "}},{"type":"Feature","id":25674,"geometry":null,"properties":{"OBJECTID":25674,"PermitNum":201516654,"IssuedDate":1446813840000,"StatusCurrent":"Final Inspection Made                                       ","ApplicationType":"Int/Ext Alterations","Description":"E-PLAN. 6kW GRID TIED SOLAR ELECTRIC SYSTEM. DUKE APPROVED, 240V SINGLE PHASE SERVICE.","TotalCost":27000,"FinalCO":"Y","FinalCODate":1488558060000,"CensusTract":"107.01 "}},{"type":"Feature","id":32136,"geometry":null,"properties":{"OBJECTID":32136,"PermitNum":201517137,"IssuedDate":1445335560000,"StatusCurrent":"Final Inspection Made                                       ","ApplicationType":"Addition","Description":"INSTALLATION OF A RESIDENTIAL ROOF-MOUNTED SOLAR PV ARRAY","TotalCost":21280,"FinalCO":null,"FinalCODate":null,"CensusTract":"125.09 "}},{"type":"Feature","id":23770,"geometry":null,"properties":{"OBJECTID":23770,"PermitNum":201516632,"IssuedDate":1444303980000,"StatusCurrent":"Final Inspection Made                                       ","ApplicationType":"Miscellaneous","Description":"Solar panel installation, grid tied, not battery storage, central inverter      contact:  Christian   980-328-0440","TotalCost":20000,"FinalCO":"P","FinalCODate":1456389240000,"CensusTract":"128.03 "}},{"type":"Feature","id":55921,"geometry":null,"properties":{"OBJECTID":55921,"PermitNum":201516631,"IssuedDate":1444303920000,"StatusCurrent":"Final Inspection Made                                       ","ApplicationType":"Miscellaneous","Description":"installation of a roof mounted solar PV array","TotalCost":30173,"FinalCO":"P","FinalCODate":1446047040000,"CensusTract":"157.04 "}},{"type":"Feature","id":47984,"geometry":null,"properties":{"OBJECTID":47984,"PermitNum":201514844,"IssuedDate":1444126560000,"StatusCurrent":"Final Inspection Made                                       ","ApplicationType":"Miscellaneous","Description":"E-plan.  65\" digital monitors and be topped with a 4 panel photovoltaic solar array each.   No fire fee.","TotalCost":91442,"FinalCO":"P","FinalCODate":1449477180000,"CensusTract":"157.05 "}},{"type":"Feature","id":12327,"geometry":null,"properties":{"OBJECTID":12327,"PermitNum":201515427,"IssuedDate":1442594820000,"StatusCurrent":"Final Inspection Made                                       ","ApplicationType":"New Construction","Description":"INSTALLATION OF A RESIDENTIAL ROOF-MOUNTED SOLAR PV ARRAY","TotalCost":17500,"FinalCO":"P","FinalCODate":1444378620000,"CensusTract":"172.00 "}},{"type":"Feature","id":55971,"geometry":null,"properties":{"OBJECTID":55971,"PermitNum":201513909,"IssuedDate":1440592980000,"StatusCurrent":"Final Inspection Made                                       ","ApplicationType":"New Construction","Description":"installation of a residential roof-mounted solar pv array","TotalCost":24123,"FinalCO":"P","FinalCODate":1442485620000,"CensusTract":"157.04 "}},{"type":"Feature","id":42014,"geometry":null,"properties":{"OBJECTID":42014,"PermitNum":201512243,"IssuedDate":1440500400000,"StatusCurrent":"Final Inspection Made                                       ","ApplicationType":"Int/Ext Alterations","Description":"E-plan.   Adding 2760 solar panels to roof of building.","TotalCost":1400000,"FinalCO":null,"FinalCODate":null,"CensusTract":"127.03 "}},{"type":"Feature","id":30067,"geometry":null,"properties":{"OBJECTID":30067,"PermitNum":201512902,"IssuedDate":1440071460000,"StatusCurrent":"Final Inspection Made                                       ","ApplicationType":"New Construction","Description":"INSTALLATION OF A RESIDENTIAL ROOF-MOUNTED SOLAR PV ARRAY.","TotalCost":22324,"FinalCO":null,"FinalCODate":null,"CensusTract":"125.05 "}},{"type":"Feature","id":55901,"geometry":null,"properties":{"OBJECTID":55901,"PermitNum":201511890,"IssuedDate":1438328340000,"StatusCurrent":"Final Inspection Made                                       ","ApplicationType":"New Construction","Description":"Installation of a roof-mounted solar array","TotalCost":23765,"FinalCO":"P","FinalCODate":1439893860000,"CensusTract":"157.04 "}},{"type":"Feature","id":26389,"geometry":null,"properties":{"OBJECTID":26389,"PermitNum":201510733,"IssuedDate":1436802120000,"StatusCurrent":"Final Inspection Made                                       ","ApplicationType":"Addition","Description":"solar panels","TotalCost":19000,"FinalCO":null,"FinalCODate":null,"CensusTract":"105.00 "}},{"type":"Feature","id":25720,"geometry":null,"properties":{"OBJECTID":25720,"PermitNum":201508083,"IssuedDate":1433148420000,"StatusCurrent":"Final Inspection Made                                       ","ApplicationType":"New Construction","Description":"5 kw  PV solar system      contact:  Daniel   341-2336","TotalCost":20000,"FinalCO":null,"FinalCODate":null,"CensusTract":"125.04 "}},{"type":"Feature","id":17612,"geometry":null,"properties":{"OBJECTID":17612,"PermitNum":201505102,"IssuedDate":1432216080000,"StatusCurrent":"Final Inspection Made                                       ","ApplicationType":"Int/Ext Alterations","Description":"E-PLAN INSTALL 5.2 KW PHOTOVOLTAIC SOLAR SYSTEM ON THE ROOF. ( FAITH COMMUNITY CHURCH)","TotalCost":19396,"FinalCO":null,"FinalCODate":null,"CensusTract":"108.00 "}},{"type":"Feature","id":29197,"geometry":null,"properties":{"OBJECTID":29197,"PermitNum":201506799,"IssuedDate":1431445560000,"StatusCurrent":"Final Inspection Made                                       ","ApplicationType":"New Construction","Description":"5 K W PV ROOF MOUNTED SOLAR SYSTEM","TotalCost":19000,"FinalCO":null,"FinalCODate":null,"CensusTract":"125.05 "}},{"type":"Feature","id":25278,"geometry":null,"properties":{"OBJECTID":25278,"PermitNum":201506497,"IssuedDate":1430905260000,"StatusCurrent":"Final Inspection Made                                       ","ApplicationType":"New Construction","Description":"3.8 KW ROOF MOUNTED SOLAR PV SYSTEM","TotalCost":15000,"FinalCO":null,"FinalCODate":null,"CensusTract":"107.01 "}},{"type":"Feature","id":55501,"geometry":null,"properties":{"OBJECTID":55501,"PermitNum":201505794,"IssuedDate":1429604880000,"StatusCurrent":"Final Inspection Made                                       ","ApplicationType":"New Construction","Description":"INSTALLATION OF A ROOF-MOUNTED SOLAR ARRAY","TotalCost":25398,"FinalCO":null,"FinalCODate":null,"CensusTract":"157.07 "}},{"type":"Feature","id":56291,"geometry":null,"properties":{"OBJECTID":56291,"PermitNum":201504767,"IssuedDate":1428589260000,"StatusCurrent":"Final Inspection Made                                       ","ApplicationType":"New Construction","Description":"INSTALLATION OF A ROOF-MOUNTED SOLAR ARRAY","TotalCost":18750,"FinalCO":"Y","FinalCODate":1488558000000,"CensusTract":"157.04 "}},{"type":"Feature","id":43845,"geometry":null,"properties":{"OBJECTID":43845,"PermitNum":201505121,"IssuedDate":1428573420000,"StatusCurrent":"Final Inspection Made                                       ","ApplicationType":"New Construction","Description":"INSTALLATION OF 12 SOLAR PV PANELS, ROOF-MOUNTED","TotalCost":4000,"FinalCO":null,"FinalCODate":null,"CensusTract":"125.03 "}},{"type":"Feature","id":41912,"geometry":null,"properties":{"OBJECTID":41912,"PermitNum":201502899,"IssuedDate":1426074360000,"StatusCurrent":"Final Inspection Made                                       ","ApplicationType":"Addition","Description":"Installation of a roof mounted solar array    contact:  Luke   919-833-9096","TotalCost":28670,"FinalCO":null,"FinalCODate":null,"CensusTract":"125.10 "}},{"type":"Feature","id":24925,"geometry":null,"properties":{"OBJECTID":24925,"PermitNum":201502211,"IssuedDate":1424360340000,"StatusCurrent":"Final Inspection Made                                       ","ApplicationType":"Addition","Description":"installation of a roof-mounted solar array","TotalCost":22550,"FinalCO":null,"FinalCODate":null,"CensusTract":"107.01 "}},{"type":"Feature","id":28130,"geometry":null,"properties":{"OBJECTID":28130,"PermitNum":201500064,"IssuedDate":1420622520000,"StatusCurrent":"Final Inspection Made                                       ","ApplicationType":"Addition","Description":"SOLAR PV ROOFTOP (6.5 KW)--","TotalCost":20000,"FinalCO":null,"FinalCODate":null,"CensusTract":"108.00 "}},{"type":"Feature","id":55639,"geometry":null,"properties":{"OBJECTID":55639,"PermitNum":201418230,"IssuedDate":1416819660000,"StatusCurrent":"Final Inspection Made                                       ","ApplicationType":"Addition","Description":"solar energy--panels","TotalCost":25000,"FinalCO":null,"FinalCODate":null,"CensusTract":"157.07 "}},{"type":"Feature","id":55117,"geometry":null,"properties":{"OBJECTID":55117,"PermitNum":201417036,"IssuedDate":1414145100000,"StatusCurrent":"Final Inspection Made                                       ","ApplicationType":"Miscellaneous","Description":"SOLAR SHINGLES INSTALL","TotalCost":25000,"FinalCO":null,"FinalCODate":null,"CensusTract":"157.06 "}},{"type":"Feature","id":32950,"geometry":null,"properties":{"OBJECTID":32950,"PermitNum":201416160,"IssuedDate":1413886140000,"StatusCurrent":"Final Inspection Made                                       ","ApplicationType":"Addition","Description":"solar panels","TotalCost":27165,"FinalCO":null,"FinalCODate":null,"CensusTract":"104.04 "}},{"type":"Feature","id":27848,"geometry":null,"properties":{"OBJECTID":27848,"PermitNum":201414657,"IssuedDate":1411401060000,"StatusCurrent":"Final Inspection Made                                       ","ApplicationType":"Addition","Description":"installation of a roof-mounted solar array","TotalCost":28830,"FinalCO":null,"FinalCODate":null,"CensusTract":"109.00 "}},{"type":"Feature","id":39960,"geometry":null,"properties":{"OBJECTID":39960,"PermitNum":201414021,"IssuedDate":1410785940000,"StatusCurrent":"Final Inspection Made                                       ","ApplicationType":"Reroof","Description":"Reroof house and install solar shingle panels     contact:  anthony   382-8743","TotalCost":29580,"FinalCO":null,"FinalCODate":null,"CensusTract":"127.03 "}},{"type":"Feature","id":55559,"geometry":null,"properties":{"OBJECTID":55559,"PermitNum":201412866,"IssuedDate":1409067120000,"StatusCurrent":"Final Inspection Made                                       ","ApplicationType":"Addition","Description":"install solar panels","TotalCost":25047,"FinalCO":null,"FinalCODate":null,"CensusTract":"160.08 "}},{"type":"Feature","id":24262,"geometry":null,"properties":{"OBJECTID":24262,"PermitNum":201408603,"IssuedDate":1404213540000,"StatusCurrent":"Final Inspection Made                                       ","ApplicationType":"Int/Ext Alterations","Description":"installing a solar photovoltaic system on roof located-","TotalCost":862534,"FinalCO":null,"FinalCODate":null,"CensusTract":"161.02 "}},{"type":"Feature","id":3339,"geometry":null,"properties":{"OBJECTID":3339,"PermitNum":201408602,"IssuedDate":1403535540000,"StatusCurrent":"Final Inspection Made                                       ","ApplicationType":"Addition","Description":"insulation of solar panels-(11)","TotalCost":21014,"FinalCO":null,"FinalCODate":null,"CensusTract":"165.06 "}},{"type":"Feature","id":38139,"geometry":null,"properties":{"OBJECTID":38139,"PermitNum":201409404,"IssuedDate":1403535540000,"StatusCurrent":"Final Inspection Made                                       ","ApplicationType":"Addition","Description":"Install solar panels on roof of house     Contact:  336-430-5420","TotalCost":5000,"FinalCO":"P","FinalCODate":1403800920000,"CensusTract":"104.04 "}},{"type":"Feature","id":21233,"geometry":null,"properties":{"OBJECTID":21233,"PermitNum":201404797,"IssuedDate":1396879260000,"StatusCurrent":"Final Inspection Made                                       ","ApplicationType":"Addition","Description":"SOLAR ELECTRIC RESIDENTIAL INSTALL--CONTACT PERSON- KIM CARLYLE- 907-8578","TotalCost":17000,"FinalCO":"P","FinalCODate":1405086420000,"CensusTract":"106.01 "}},{"type":"Feature","id":44624,"geometry":null,"properties":{"OBJECTID":44624,"PermitNum":201401140,"IssuedDate":1390490220000,"StatusCurrent":"Final Inspection Made                                       ","ApplicationType":"Int/Ext Alterations","Description":"SOLAR -PHOTOVOLTAIC SYSTEM ON ROOF--CONTACT PERSON-- LOUIS DIERING-288-2445","TotalCost":19780,"FinalCO":null,"FinalCODate":null,"CensusTract":"125.10 "}},{"type":"Feature","id":7130,"geometry":null,"properties":{"OBJECTID":7130,"PermitNum":201317191,"IssuedDate":1383573480000,"StatusCurrent":"Final Inspection Made                                       ","ApplicationType":"Addition","Description":"installation of roof mounted solar PV array","TotalCost":15000,"FinalCO":null,"FinalCODate":null,"CensusTract":"165.06 "}},{"type":"Feature","id":20564,"geometry":null,"properties":{"OBJECTID":20564,"PermitNum":201314329,"IssuedDate":1379326140000,"StatusCurrent":"Final Inspection Made                                       ","ApplicationType":"Addition","Description":"INSTALLING A 5.2 KW SOLAR PV --CONTACT PERSON ADAM ZAYTOUN- 919-410-3704 CELL","TotalCost":20930,"FinalCO":null,"FinalCODate":null,"CensusTract":"106.02 "}},{"type":"Feature","id":38534,"geometry":null,"properties":{"OBJECTID":38534,"PermitNum":201314144,"IssuedDate":1378397520000,"StatusCurrent":"Final Inspection Made                                       ","ApplicationType":"Addition","Description":"ADDITION - SOLAR SYSTEM ON EXISTING ROOF.","TotalCost":29800,"FinalCO":null,"FinalCODate":null,"CensusTract":"125.11 "}},{"type":"Feature","id":27110,"geometry":null,"properties":{"OBJECTID":27110,"PermitNum":201309445,"IssuedDate":1371741240000,"StatusCurrent":"Final Inspection Made                                       ","ApplicationType":"Int/Ext Alterations","Description":"Installing solar panels on front roof    Contact:  Josh Miller   828-231-4195  Field review and inspection only.  Will need Engineers report on the structure being able to handle the weight of the solar panels","TotalCost":17500,"FinalCO":"P","FinalCODate":1377677880000,"CensusTract":"105.00 "}},{"type":"Feature","id":56333,"geometry":null,"properties":{"OBJECTID":56333,"PermitNum":201303780,"IssuedDate":1364989380000,"StatusCurrent":"Final Inspection Made                                       ","ApplicationType":"Addition","Description":"New Screen Porch / Solarium   15 x 16.5      contact:  Larry Knight   282-3374","TotalCost":25600,"FinalCO":null,"FinalCODate":null,"CensusTract":"157.06 "}},{"type":"Feature","id":43319,"geometry":null,"properties":{"OBJECTID":43319,"PermitNum":201303490,"IssuedDate":1363695960000,"StatusCurrent":"Final Inspection Made                                       ","ApplicationType":"Addition","Description":"ADD TERRACE AND SOLARIUM","TotalCost":32250,"FinalCO":null,"FinalCODate":null,"CensusTract":"125.03 "}},{"type":"Feature","id":45286,"geometry":null,"properties":{"OBJECTID":45286,"PermitNum":201217182,"IssuedDate":1354032300000,"StatusCurrent":"Final Inspection Made                                       ","ApplicationType":"Int/Ext Alterations","Description":"Installation of roof mounted solar photovoltaic array on a two story house     contact:  Karl Stupka   919-833-9096","TotalCost":29295,"FinalCO":null,"FinalCODate":null,"CensusTract":"160.07 "}},{"type":"Feature","id":27180,"geometry":null,"properties":{"OBJECTID":27180,"PermitNum":201217181,"IssuedDate":1354032240000,"StatusCurrent":"Final Inspection Made                                       ","ApplicationType":"Int/Ext Alterations","Description":"Installation of roof-mounted solar photovoltaic array on a two story house    contact:  Julien Glover   919-833-9096","TotalCost":19260,"FinalCO":null,"FinalCODate":null,"CensusTract":"109.00 "}},{"type":"Feature","id":18085,"geometry":null,"properties":{"OBJECTID":18085,"PermitNum":201212817,"IssuedDate":1346931000000,"StatusCurrent":"Final Inspection Made                                       ","ApplicationType":"Int/Ext Alterations","Description":"INSTALLATION OF SOLAR ARRAY ON CITY VIEW APARTMENTS.","TotalCost":24500,"FinalCO":null,"FinalCODate":null,"CensusTract":"112.00 "}},{"type":"Feature","id":17261,"geometry":null,"properties":{"OBJECTID":17261,"PermitNum":201119762,"IssuedDate":1325694480000,"StatusCurrent":"Final Inspection Made                                       ","ApplicationType":"Miscellaneous","Description":"PHOTOVOLTAIC SYSTEM INSTALLATION ON ROOF.","TotalCost":28703,"FinalCO":null,"FinalCODate":null,"CensusTract":"108.01 "}},{"type":"Feature","id":45238,"geometry":null,"properties":{"OBJECTID":45238,"PermitNum":201119181,"IssuedDate":1325598540000,"StatusCurrent":"Final Inspection Made                                       ","ApplicationType":"Addition","Description":"P V  SOLAR ADDITION ON ROOF SPACE OF BARN   CONTACT:  DERICK BRINK  336-210-7733","TotalCost":22300,"FinalCO":null,"FinalCODate":null,"CensusTract":"160.04 "}},{"type":"Feature","id":38791,"geometry":null,"properties":{"OBJECTID":38791,"PermitNum":201118280,"IssuedDate":1323772440000,"StatusCurrent":"Final Inspection Made                                       ","ApplicationType":"Int/Ext Alterations","Description":"INSTALLATION OF SOLAR PANELS ON ROOF; Full approval released per 1/5/2012 email from Watershed Protection/Stormwater Reviewer.","TotalCost":779000,"FinalCO":null,"FinalCODate":null,"CensusTract":"162.01 "}},{"type":"Feature","id":15590,"geometry":null,"properties":{"OBJECTID":15590,"PermitNum":201114638,"IssuedDate":1316701680000,"StatusCurrent":"Final Inspection Made                                       ","ApplicationType":"Int/Ext Alterations","Description":"STRUCTURAL ALTERATIONS & INSTALL SOLAR PANELS ON ROOF","TotalCost":69500,"FinalCO":null,"FinalCODate":null,"CensusTract":"126.01 "}},{"type":"Feature","id":32898,"geometry":null,"properties":{"OBJECTID":32898,"PermitNum":201017884,"IssuedDate":1295620020000,"StatusCurrent":"Final Inspection Made                                       ","ApplicationType":"Int/Ext Alterations","Description":"FRIENDS HOME SOLAR THERMAL PANEL INSTALLATION","TotalCost":145200,"FinalCO":"P","FinalCODate":1296828360000,"CensusTract":"161.01 "}},{"type":"Feature","id":30162,"geometry":null,"properties":{"OBJECTID":30162,"PermitNum":202407200,"IssuedDate":null,"StatusCurrent":"Active                                                      ","ApplicationType":"Int/Ext Alterations","Description":"Residential Solar","TotalCost":14820,"FinalCO":null,"FinalCODate":null,"CensusTract":"127.06 "}},{"type":"Feature","id":10664,"geometry":null,"properties":{"OBJECTID":10664,"PermitNum":202503791,"IssuedDate":null,"StatusCurrent":"Active                                                      ","ApplicationType":"Int/Ext Alterations","Description":"9 roof Mounted Solar Photovoltaic modules on existing residence with battery back up.","TotalCost":42338,"FinalCO":null,"FinalCODate":null,"CensusTract":"115.00 "}},{"type":"Feature","id":14813,"geometry":null,"properties":{"OBJECTID":14813,"PermitNum":202403642,"IssuedDate":null,"StatusCurrent":"Active                                                      ","ApplicationType":"Int/Ext Alterations","Description":"\t\r\nInstall roof-mounted solar PV array 29 panels. 11.310 kW DC **No Battery Storage -No Structural U...","TotalCost":22620,"FinalCO":null,"FinalCODate":null,"CensusTract":"128.03 "}},{"type":"Feature","id":46098,"geometry":null,"properties":{"OBJECTID":46098,"PermitNum":202614799,"IssuedDate":null,"StatusCurrent":"Active                                                      ","ApplicationType":"Int/Ext Alterations","Description":"Installation of roof mounted solar system consisting of 46 panels and 2 inverters/batteries","TotalCost":75900,"FinalCO":null,"FinalCODate":null,"CensusTract":"157.03 "}},{"type":"Feature","id":24462,"geometry":null,"properties":{"OBJECTID":24462,"PermitNum":202316022,"IssuedDate":null,"StatusCurrent":"Active                                                      ","ApplicationType":"Int/Ext Alterations","Description":"Commercial Solar panels on Storage facility.","TotalCost":26840,"FinalCO":null,"FinalCODate":null,"CensusTract":"161.02 "}},{"type":"Feature","id":20274,"geometry":null,"properties":{"OBJECTID":20274,"PermitNum":202615645,"IssuedDate":null,"StatusCurrent":"Active                                                      ","ApplicationType":"Int/Ext Alterations","Description":"Installation of solar panels flat on a residential rooftop.","TotalCost":14960,"FinalCO":null,"FinalCODate":null,"CensusTract":"153.02 "}},{"type":"Feature","id":38721,"geometry":null,"properties":{"OBJECTID":38721,"PermitNum":202420881,"IssuedDate":null,"StatusCurrent":"Active                                                      ","ApplicationType":"Int/Ext Alterations","Description":"Installation of commercial roof top solar 89 panels 48.0kW","TotalCost":24030,"FinalCO":null,"FinalCODate":null,"CensusTract":"104.03 "}},{"type":"Feature","id":42941,"geometry":null,"properties":{"OBJECTID":42941,"PermitNum":202614062,"IssuedDate":null,"StatusCurrent":"Active                                                      ","ApplicationType":"Int/Ext Alterations","Description":"Chase Greensboro Solar - \tInstall solar pv system flush to roof of building, not visible from ground.","TotalCost":64051,"FinalCO":null,"FinalCODate":null,"CensusTract":"161.01 "}},{"type":"Feature","id":40871,"geometry":null,"properties":{"OBJECTID":40871,"PermitNum":202501474,"IssuedDate":null,"StatusCurrent":"Active                                                      ","ApplicationType":"Int/Ext Alterations","Description":"Installation of 14.35kW commercial solar system","TotalCost":13175,"FinalCO":null,"FinalCODate":null,"CensusTract":"102.00 "}},{"type":"Feature","id":28136,"geometry":null,"properties":{"OBJECTID":28136,"PermitNum":202605763,"IssuedDate":null,"StatusCurrent":"Active                                                      ","ApplicationType":"Int/Ext Alterations","Description":"Commercial rooftop installation of 38.28kW solar system","TotalCost":12180,"FinalCO":null,"FinalCODate":null,"CensusTract":"162.01 "}},{"type":"Feature","id":56124,"geometry":null,"properties":{"OBJECTID":56124,"PermitNum":202614907,"IssuedDate":null,"StatusCurrent":"Active                                                      ","ApplicationType":"Int/Ext Alterations","Description":"Upgrade existing Generac PV system to SolarEdge and add a Franklin battery. No existing roof penetrations will be altered.","TotalCost":42749,"FinalCO":null,"FinalCODate":null,"CensusTract":"157.04 "}},{"type":"Feature","id":6330,"geometry":null,"properties":{"OBJECTID":6330,"PermitNum":202322518,"IssuedDate":null,"StatusCurrent":"Active                                                      ","ApplicationType":"Int/Ext Alterations","Description":"\t\r\nRoof mount and wire 19 solar panels to code","TotalCost":19000,"FinalCO":null,"FinalCODate":null,"CensusTract":"128.05 "}},{"type":"Feature","id":52090,"geometry":null,"properties":{"OBJECTID":52090,"PermitNum":202321957,"IssuedDate":null,"StatusCurrent":"Active                                                      ","ApplicationType":"Int/Ext Alterations","Description":"Residential solar","TotalCost":32502,"FinalCO":null,"FinalCODate":null,"CensusTract":"160.09 "}},{"type":"Feature","id":5891,"geometry":null,"properties":{"OBJECTID":5891,"PermitNum":202410428,"IssuedDate":null,"StatusCurrent":"Active                                                      ","ApplicationType":"Int/Ext Alterations","Description":"\t\r\nInstallation of solar panels flat on a residential roof","TotalCost":17973,"FinalCO":null,"FinalCODate":null,"CensusTract":"126.10 "}},{"type":"Feature","id":48908,"geometry":null,"properties":{"OBJECTID":48908,"PermitNum":202615173,"IssuedDate":null,"StatusCurrent":"Active                                                      ","ApplicationType":"Int/Ext Alterations","Description":"\t\r\nInstallation of solar panels flat on a residential roof","TotalCost":22340,"FinalCO":null,"FinalCODate":null,"CensusTract":"119.04 "}},{"type":"Feature","id":29416,"geometry":null,"properties":{"OBJECTID":29416,"PermitNum":202403894,"IssuedDate":null,"StatusCurrent":"Active                                                      ","ApplicationType":"Int/Ext Alterations","Description":"Install roof-mounted solar PV array 16 panels. 6.240 kW DC **No Battery Storage -No Structural Up...","TotalCost":12480,"FinalCO":null,"FinalCODate":null,"CensusTract":"127.06 "}},{"type":"Feature","id":40590,"geometry":null,"properties":{"OBJECTID":40590,"PermitNum":202320623,"IssuedDate":null,"StatusCurrent":"Active                                                      ","ApplicationType":"Int/Ext Alterations","Description":"Roof mount installation of Solar system - Existing permit 202218535 for same site different building.","TotalCost":20250,"FinalCO":null,"FinalCODate":null,"CensusTract":"102.00 "}},{"type":"Feature","id":2840,"geometry":null,"properties":{"OBJECTID":2840,"PermitNum":202403010,"IssuedDate":null,"StatusCurrent":"Active                                                      ","ApplicationType":"Int/Ext Alterations","Description":"Solar \t\r\nInstall roof-mounted solar PV array 25 panels. 10.125 kW DC **No Battery Storage -No Structural","TotalCost":20250,"FinalCO":null,"FinalCODate":null,"CensusTract":"126.12 "}},{"type":"Feature","id":55804,"geometry":null,"properties":{"OBJECTID":55804,"PermitNum":202417069,"IssuedDate":null,"StatusCurrent":"Active                                                      ","ApplicationType":"Int/Ext Alterations","Description":"Residential solar","TotalCost":33700,"FinalCO":null,"FinalCODate":null,"CensusTract":"157.07 "}},{"type":"Feature","id":20064,"geometry":null,"properties":{"OBJECTID":20064,"PermitNum":202615598,"IssuedDate":null,"StatusCurrent":"Active                                                      ","ApplicationType":"Int/Ext Alterations","Description":"Installation of solar panels flat on a residential rooftop.","TotalCost":15785,"FinalCO":null,"FinalCODate":null,"CensusTract":"153.02 "}},{"type":"Feature","id":41737,"geometry":null,"properties":{"OBJECTID":41737,"PermitNum":202507530,"IssuedDate":null,"StatusCurrent":"Active                                                      ","ApplicationType":"Int/Ext Alterations","Description":"24 roof mounted solar photovoltaic modules on existing residence.","TotalCost":78371,"FinalCO":null,"FinalCODate":null,"CensusTract":"127.04 "}},{"type":"Feature","id":27980,"geometry":null,"properties":{"OBJECTID":27980,"PermitNum":202605755,"IssuedDate":null,"StatusCurrent":"Active                                                      ","ApplicationType":"Int/Ext Alterations","Description":"Commercial installation of 48.14kW rooftop solar system","TotalCost":36105,"FinalCO":null,"FinalCODate":null,"CensusTract":"162.01 "}},{"type":"Feature","id":55888,"geometry":null,"properties":{"OBJECTID":55888,"PermitNum":202400173,"IssuedDate":null,"StatusCurrent":"Active                                                      ","ApplicationType":"Int/Ext Alterations","Description":"Residential solar","TotalCost":37256,"FinalCO":null,"FinalCODate":null,"CensusTract":"155.00 "}},{"type":"Feature","id":5902,"geometry":null,"properties":{"OBJECTID":5902,"PermitNum":202613189,"IssuedDate":null,"StatusCurrent":"Active                                                      ","ApplicationType":"Int/Ext Alterations","Description":"Installation of solar panels flat on a residential roof","TotalCost":22030,"FinalCO":null,"FinalCODate":null,"CensusTract":"126.20 "}},{"type":"Feature","id":13052,"geometry":null,"properties":{"OBJECTID":13052,"PermitNum":202321208,"IssuedDate":null,"StatusCurrent":"Active                                                      ","ApplicationType":"Int/Ext Alterations","Description":"Residential Solar","TotalCost":44570,"FinalCO":null,"FinalCODate":null,"CensusTract":"112.02 "}},{"type":"Feature","id":28013,"geometry":null,"properties":{"OBJECTID":28013,"PermitNum":202605761,"IssuedDate":null,"StatusCurrent":"Active                                                      ","ApplicationType":"Int/Ext Alterations","Description":"Commercial rooftop installation of 38.28kW solar system","TotalCost":28710,"FinalCO":null,"FinalCODate":null,"CensusTract":"162.01 "}},{"type":"Feature","id":12194,"geometry":null,"properties":{"OBJECTID":12194,"PermitNum":202404031,"IssuedDate":null,"StatusCurrent":"Active                                                      ","ApplicationType":"Int/Ext Alterations","Description":"Install roof-mounted solar PV array 23 panels. 8.970 kW DC **No Battery Storage -No Structural Up...","TotalCost":17940,"FinalCO":null,"FinalCODate":null,"CensusTract":"116.02 "}},{"type":"Feature","id":16549,"geometry":null,"properties":{"OBJECTID":16549,"PermitNum":202408652,"IssuedDate":null,"StatusCurrent":"Active                                                      ","ApplicationType":"Int/Ext Alterations","Description":"Residential Solar","TotalCost":11700,"FinalCO":null,"FinalCODate":null,"CensusTract":"111.01 "}},{"type":"Feature","id":27878,"geometry":null,"properties":{"OBJECTID":27878,"PermitNum":202605764,"IssuedDate":null,"StatusCurrent":"Active                                                      ","ApplicationType":"Int/Ext Alterations","Description":"Commercial rooftop installation of 38.28kW solar system","TotalCost":9135,"FinalCO":null,"FinalCODate":null,"CensusTract":"162.01 "}},{"type":"Feature","id":4890,"geometry":null,"properties":{"OBJECTID":4890,"PermitNum":202318278,"IssuedDate":null,"StatusCurrent":"Active                                                      ","ApplicationType":"Int/Ext Alterations","Description":"Residential Solar","TotalCost":25920,"FinalCO":null,"FinalCODate":null,"CensusTract":"126.21 "}},{"type":"Feature","id":47572,"geometry":null,"properties":{"OBJECTID":47572,"PermitNum":202601384,"IssuedDate":null,"StatusCurrent":"Active                                                      ","ApplicationType":"Int/Ext Alterations","Description":"Removal and Reinstallation of 11.47 kW PV Solar Panel Installation on Roof.","TotalCost":10380,"FinalCO":null,"FinalCODate":null,"CensusTract":"119.04 "}},{"type":"Feature","id":54623,"geometry":null,"properties":{"OBJECTID":54623,"PermitNum":202615597,"IssuedDate":null,"StatusCurrent":"Active                                                      ","ApplicationType":"Int/Ext Alterations","Description":"\t\r\nInstallation of solar panels flat on a residential rooftop.","TotalCost":16038,"FinalCO":null,"FinalCODate":null,"CensusTract":"154.02 "}},{"type":"Feature","id":58828,"geometry":null,"properties":{"OBJECTID":58828,"PermitNum":202615646,"IssuedDate":null,"StatusCurrent":"Active                                                      ","ApplicationType":"Int/Ext Alterations","Description":"Installation of solar panels flat on a residential roof","TotalCost":18711,"FinalCO":null,"FinalCODate":null,"CensusTract":"151.00 "}},{"type":"Feature","id":18354,"geometry":null,"properties":{"OBJECTID":18354,"PermitNum":202615331,"IssuedDate":null,"StatusCurrent":"Active                                                      ","ApplicationType":"Int/Ext Alterations","Description":"Solar Installation of 12.320 KW Resi Roof-Mount PV System + 1TPW3 + TESLA Universal Wall Connector\r\n","TotalCost":34000,"FinalCO":null,"FinalCODate":null,"CensusTract":"106.02 "}},{"type":"Feature","id":47611,"geometry":null,"properties":{"OBJECTID":47611,"PermitNum":202419691,"IssuedDate":null,"StatusCurrent":"Active                                                      ","ApplicationType":"Int/Ext Alterations","Description":"Residential Solar","TotalCost":14000,"FinalCO":null,"FinalCODate":null,"CensusTract":"119.05 "}},{"type":"Feature","id":46749,"geometry":null,"properties":{"OBJECTID":46749,"PermitNum":202315727,"IssuedDate":null,"StatusCurrent":"Active                                                      ","ApplicationType":"Int/Ext Alterations","Description":"Residential solar","TotalCost":19750,"FinalCO":null,"FinalCODate":null,"CensusTract":"154.02 "}},{"type":"Feature","id":58971,"geometry":null,"properties":{"OBJECTID":58971,"PermitNum":202404499,"IssuedDate":null,"StatusCurrent":"Active                                                      ","ApplicationType":"Int/Ext Alterations","Description":"\t\r\nInstall roof-mounted solar PV array 18 panels. 7.020 kW DC **No Battery Storage -No Structural Up..","TotalCost":14040,"FinalCO":null,"FinalCODate":null,"CensusTract":"151.00 "}},{"type":"Feature","id":58645,"geometry":null,"properties":{"OBJECTID":58645,"PermitNum":202409797,"IssuedDate":null,"StatusCurrent":"Active                                                      ","ApplicationType":"Int/Ext Alterations","Description":"Residential Solar","TotalCost":10140,"FinalCO":null,"FinalCODate":null,"CensusTract":"151.00 "}},{"type":"Feature","id":47632,"geometry":null,"properties":{"OBJECTID":47632,"PermitNum":202510954,"IssuedDate":null,"StatusCurrent":"Active                                                      ","ApplicationType":"Int/Ext Alterations","Description":"REMOVAL AND REINSTALLATION of 5.85 kW PV Solar Panel Installation on Roof - 18 panels","TotalCost":5820,"FinalCO":null,"FinalCODate":null,"CensusTract":"119.04 "}},{"type":"Feature","id":54841,"geometry":null,"properties":{"OBJECTID":54841,"PermitNum":202405697,"IssuedDate":null,"StatusCurrent":"Active                                                      ","ApplicationType":"Int/Ext Alterations","Description":"Solar Panels","TotalCost":5000,"FinalCO":null,"FinalCODate":null,"CensusTract":"154.02 "}},{"type":"Feature","id":54250,"geometry":null,"properties":{"OBJECTID":54250,"PermitNum":202510937,"IssuedDate":null,"StatusCurrent":"Active                                                      ","ApplicationType":"Int/Ext Alterations","Description":"REMOVAL & REINSTALLATION of 4.5 kW PV Solar Panel Installation on Roof - 15 panels","TotalCost":5100,"FinalCO":null,"FinalCODate":null,"CensusTract":"155.00 "}},{"type":"Feature","id":50305,"geometry":null,"properties":{"OBJECTID":50305,"PermitNum":202316361,"IssuedDate":null,"StatusCurrent":"Active                                                      ","ApplicationType":"Int/Ext Alterations","Description":"Residential solar.","TotalCost":9600,"FinalCO":null,"FinalCODate":null,"CensusTract":"154.02 "}},{"type":"Feature","id":54541,"geometry":null,"properties":{"OBJECTID":54541,"PermitNum":202410798,"IssuedDate":null,"StatusCurrent":"Active                                                      ","ApplicationType":"Int/Ext Alterations","Description":"This is a project that was installed from a different company and we are taking it over to get the inspection done and corrections so homeowner can start using solar panels","TotalCost":4050,"FinalCO":null,"FinalCODate":null,"CensusTract":"160.08 "}},{"type":"Feature","id":57259,"geometry":null,"properties":{"OBJECTID":57259,"PermitNum":202615444,"IssuedDate":null,"StatusCurrent":"Active                                                      ","ApplicationType":"Int/Ext Alterations","Description":"Installation of solar panels flat on a residential rooftop.","TotalCost":13899,"FinalCO":null,"FinalCODate":null,"CensusTract":"154.01 "}},{"type":"Feature","id":57505,"geometry":null,"properties":{"OBJECTID":57505,"PermitNum":202614743,"IssuedDate":null,"StatusCurrent":"Active                                                      ","ApplicationType":"Int/Ext Alterations","Description":"Installation of 22 solar panels flat on a residential rooftop.","TotalCost":21858,"FinalCO":null,"FinalCODate":null,"CensusTract":"151.00 "}}]}